Date,DBC,EEM,EFA,GLD,IEF,LQD,QQQ,SPY,TLT,VNQ
2016-09-01,12.030576705932617,29.5654239654541,43.757144927978516,125.29000091552734,88.41790008544922,86.61898040771484,108.82096862792969,184.7169952392578,105.11532592773438,59.69980239868164
2016-09-02,12.165846824645996,30.04733657836914,44.263614654541016,126.56999969482422,88.18856048583984,86.46477508544922,109.17520904541016,185.5497283935547,104.25798034667969,60.21775817871094
2016-09-06,12.250391006469727,30.68988609313965,44.5615234375,128.7100067138672,88.59978485107422,86.7662353515625,109.85569763183594,186.11048889160156,105.017578125,60.68193435668945
2016-09-07,12.360297203063965,30.593496322631836,44.58386993408203,128.27000427246094,88.64727783203125,86.64702606201172,109.92093658447266,186.093505859375,104.94239044189453,61.04515838623047
2016-09-08,12.58011245727539,30.513185501098633,44.4572639465332,127.58999633789062,88.21223449707031,86.03717041015625,109.2777328491211,185.6686553955078,103.62625885009766,60.298500061035156
2016-09-09,12.385661125183105,29.485107421875,43.593284606933594,126.75,87.7930679321289,85.39229583740234,106.5278549194336,181.22471618652344,101.91909790039062,57.9105110168457
2016-09-12,12.385661125183105,29.685894012451172,43.95078659057617,126.58999633789062,87.87213134765625,85.39927673339844,108.43881225585938,183.8248291015625,101.97172546386719,58.596622467041016
2016-09-13,12.22502613067627,28.93892478942871,43.06447219848633,125.75,87.54791259765625,85.11890411376953,107.4693374633789,181.18222045898438,100.8135757446289,57.12549591064453
2016-09-14,12.132030487060547,29.02728271484375,43.004886627197266,126.18000030517578,87.74560546875,85.17495727539062,107.98201751708984,181.11424255371094,100.9639892578125,57.30836868286133
2016-09-15,12.191210746765137,29.52526092529297,43.377288818359375,125.37000274658203,87.76931762695312,85.23104858398438,109.65992736816406,182.9241180419922,100.52777099609375,57.52510070800781
2016-09-16,12.20811939239502,29.324464797973633,42.81869125366211,125.05999755859375,87.86422729492188,85.32917022705078,109.60760498046875,182.21701049804688,101.34000396728516,57.55220031738281
2016-09-19,12.199665069580078,29.55738639831543,43.04212951660156,125.31999969482422,87.71395111083984,85.30118560791016,109.1309814453125,182.25115966796875,101.0091323852539,58.07373809814453
2016-09-20,12.241935729980469,29.573450088500977,43.30282211303711,125.44000244140625,87.84843444824219,85.41331481933594,109.33660888671875,182.25970458984375,101.36257934570312,57.98567581176758
2016-09-21,12.394116401672363,30.40073013305664,44.06251525878906,127.2699966430664,87.99079895019531,85.84790802001953,110.41126251220703,184.3092803955078,102.18228149414062,58.73072814941406
2016-09-22,12.461750030517578,30.617597579956055,44.50939178466797,127.56999969482422,88.25181579589844,86.19843292236328,111.28970336914062,185.47067260742188,102.99454498291016,59.780609130859375
2016-09-23,12.318025588989258,30.22403335571289,44.136985778808594,127.6500015258789,88.2913589477539,86.13530731201172,110.57946014404297,184.45440673828125,102.89675903320312,59.96345138549805
2016-09-26,12.402570724487305,29.782278060913086,43.72735595703125,127.55000305175781,88.5444564819336,86.26847839355469,109.65430450439453,182.9599609375,103.55108642578125,60.105709075927734
2016-09-27,12.284208297729492,30.20796775817871,43.9359016418457,126.62000274658203,88.69474792480469,86.47876739501953,110.73833465576172,184.0957794189453,104.3106689453125,59.469032287597656
2016-09-28,12.571657180786133,30.48106575012207,44.24870681762695,126.22000122070312,88.65518951416016,86.53483581542969,110.92524719238281,185.00955200195312,104.08504486083984,59.95669174194336
2016-09-29,12.647747039794922,29.950946807861328,43.69755554199219,126.06999969482422,88.71054077148438,86.49982452392578,110.12154388427734,183.3357696533203,104.3482437133789,59.15745162963867
2016-09-30,12.690018653869629,30.079463958740234,44.040164947509766,125.63999938964844,88.48905944824219,86.34558868408203,110.94392395019531,184.71922302246094,103.41567993164062,58.75106430053711
2016-10-03,12.799925804138184,30.28829002380371,43.92100143432617,125.31999969482422,88.28314971923828,86.10103607177734,110.78506469726562,184.275146484375,103.07439422607422,57.65379333496094
2016-10-04,12.766108512878418,29.950946807861328,43.913551330566406,120.97000122070312,87.87921905517578,85.70042419433594,110.61683654785156,183.3357696533203,101.86896514892578,56.86809158325195
2016-10-05,12.842196464538574,30.384681701660156,44.09230041503906,120.77999877929688,87.68122863769531,85.60908508300781,111.00933074951172,184.1470184326172,101.39433288574219,55.71665954589844
2016-10-06,12.867559432983398,30.408767700195312,43.853973388671875,119.66000366210938,87.49906158447266,85.61609649658203,110.95325469970703,184.275146484375,100.82923889160156,55.73698043823242
2016-10-07,12.83374309539795,30.272214889526367,43.63053512573242,119.73999786376953,87.62577819824219,85.81990814208984,110.71034240722656,183.6431427001953,100.89704895019531,55.64213943481445
2016-10-10,12.977466583251953,30.601533889770508,43.757144927978516,120.16000366210938,87.39615631103516,85.81990814208984,111.41116333007812,184.59959411621094,100.30184936523438,55.987586975097656
2016-10-11,12.90137767791748,29.89472770690918,43.13895034790039,119.55000305175781,87.37234497070312,85.55279541015625,109.82251739501953,182.26821899414062,100.07588195800781,55.44571304321289
2016-10-12,12.808379173278809,29.838504791259766,43.04212951660156,119.73999786376953,87.37234497070312,85.66529083251953,109.72908782958984,182.50732421875,100.17375183105469,56.08240509033203
2016-10-13,12.892923355102539,29.573450088500977,42.878265380859375,120.02999877929688,87.55457305908203,85.87615203857422,109.33660888671875,181.90953063964844,100.55048370361328,56.52265930175781
2016-10-14,12.90137767791748,29.62164878845215,42.95275115966797,119.36000061035156,87.2852554321289,85.47557067871094,109.46739196777344,182.00350952148438,99.14158630371094,56.27206039428711
2016-10-17,12.918285369873047,29.589508056640625,42.82613754272461,119.68000030517578,87.4753189086914,85.75666809082031,109.16836547851562,181.3715057373047,99.77446746826172,56.39397430419922
2016-10-18,12.943649291992188,30.111589431762695,43.25068283081055,120.41999816894531,87.64961242675781,85.96749114990234,110.14025115966797,182.50732421875,100.09842681884766,56.75296401977539
2016-10-19,13.028193473815918,30.29631996154785,43.36984634399414,121.11000061035156,87.68917083740234,86.07994842529297,110.13091278076172,182.9940948486328,100.18131256103516,56.874881744384766
2016-10-20,12.909832000732422,30.20796775817871,43.43688201904297,120.73999786376953,87.60997772216797,86.05181884765625,110.00008392333984,182.65252685546875,100.28678894042969,56.746177673339844
2016-10-21,12.96055793762207,30.199941635131836,43.340057373046875,120.83000183105469,87.70500183105469,86.10103607177734,110.41126251220703,182.73793029785156,100.43746185302734,56.53622055053711
2016-10-24,12.969012260437012,30.32844352722168,43.33260726928711,120.55999755859375,87.586181640625,85.85502624511719,111.73825073242188,183.5150604248047,100.00043487548828,56.664894104003906
2016-10-25,12.909832000732422,30.36058235168457,43.30282211303711,121.47000122070312,87.57036590576172,85.7917709350586,111.38314819335938,182.90016174316406,100.26419067382812,56.563297271728516
2016-10-26,12.825289726257324,30.0393009185791,43.10916519165039,120.79000091552734,87.38031005859375,85.4333267211914,110.62618255615234,182.53302001953125,99.58611297607422,55.825035095214844
2016-10-27,12.90137767791748,29.782278060913086,43.057029724121094,121.01000213623047,87.07936096191406,85.04680633544922,110.12154388427734,182.0462188720703,98.50118255615234,54.362003326416016
2016-10-28,12.81683349609375,29.66180992126465,43.04212951660156,121.58000183105469,87.09515380859375,84.94843292236328,109.43000793457031,181.50816345214844,98.28272247314453,54.49069595336914
2016-10-31,12.647747039794922,29.830472946166992,43.06447219848633,121.94000244140625,87.16645050048828,85.02576446533203,109.32722473144531,181.51670837402344,98.88542175292969,55.37798309326172
2016-11-01,12.706928253173828,29.589508056640625,42.878265380859375,122.7300033569336,87.16963195800781,84.91862487792969,108.5048828125,180.20156860351562,98.8929672241211,54.172340393066406
2016-11-02,12.55474853515625,29.236112594604492,42.587806701660156,123.63999938964844,87.43136596679688,85.04541778564453,107.63578796386719,179.1169891357422,99.32323455810547,53.379886627197266
2016-11-03,12.512476921081543,29.15578842163086,42.54310989379883,124.30000305175781,87.37578582763672,84.87635803222656,106.57979583740234,178.2971649169922,98.5608139038086,52.96670150756836
2016-11-04,12.427932739257812,28.858610153198242,42.13346862792969,124.38999938964844,87.64546966552734,85.12999725341797,106.20602416992188,178.10073852539062,99.44401550292969,53.386661529541016
2016-11-07,12.478658676147461,29.902755737304688,42.714420318603516,122.1500015258789,87.2806625366211,85.07365417480469,108.7291488647461,182.0290985107422,98.59859466552734,54.32136154174805
2016-11-08,12.461750030517578,30.09552574157715,42.83358383178711,121.63999938964844,86.97134399414062,84.88336181640625,109.43938446044922,182.8489227294922,98.19851684570312,54.60582733154297
2016-11-09,12.5209321975708,29.115638732910156,42.870826721191406,121.55999755859375,85.64685821533203,83.63612365722656,109.94403839111328,184.78753662109375,94.03170013427734,53.77950668334961
2016-11-10,12.419477462768555,28.28835105895996,42.75165557861328,119.75,85.13135528564453,83.56568145751953,108.16845703125,185.2486572265625,92.64280700683594,52.8786506652832
2016-11-11,12.182756423950195,27.750211715698242,42.49097442626953,117.0999984741211,84.95687866210938,83.20630645751953,108.21519470214844,184.82164001464844,92.12197875976562,53.19701385498047
2016-11-14,12.157393455505371,27.549415588378906,42.26009750366211,116.11000061035156,84.46516418457031,82.77645111083984,107.12183380126953,184.96690368652344,91.57091522216797,54.45683670043945
2016-11-15,12.427932739257812,28.103614807128906,42.44628143310547,117.12000274658203,84.46516418457031,83.03014373779297,108.60765838623047,186.4101104736328,92.02383422851562,54.00303268432617
2016-11-16,12.27575397491455,27.870689392089844,41.999412536621094,116.7699966430664,84.5444564819336,83.14990997314453,109.2524642944336,186.05995178222656,92.85418701171875,53.84724044799805
2016-11-17,12.301116943359375,27.91085433959961,42.319679260253906,116.16999816894531,84.1717300415039,82.62142181396484,110.04680633544922,187.01644897460938,91.4878921508789,53.29860305786133
2016-11-18,12.402570724487305,27.782339096069336,41.85789489746094,115.1500015258789,83.79898071289062,82.15633392333984,109.6356201171875,186.59800720214844,91.22367858886719,53.45438003540039
2016-11-21,12.749198913574219,28.0554256439209,42.21540832519531,115.58000183105469,83.87030792236328,82.24093627929688,110.77571868896484,188.00711059570312,91.45013427734375,53.29182434082031
2016-11-22,12.732291221618652,28.481115341186523,42.319679260253906,115.54000091552734,83.94965362548828,82.45233154296875,111.11212158203125,188.3743438720703,91.41992950439453,54.22654724121094
2016-11-23,12.783016204833984,28.175901412963867,42.170711517333984,113.25,83.64824676513672,82.14929962158203,110.66358184814453,188.4767303466797,91.06517791748047,53.996246337890625
2016-11-25,12.690018653869629,28.312437057495117,42.297332763671875,112.61000061035156,83.576904296875,82.15633392333984,111.01869201660156,189.17709350585938,91.2010726928711,54.30781173706055
2016-11-28,12.732291221618652,28.424890518188477,42.07389831542969,113.80000305175781,83.95759582519531,82.52983093261719,110.76638793945312,188.28890991210938,91.87286376953125,54.55844497680664
2016-11-29,12.478658676147461,28.46504783630371,42.342010498046875,113.2699966430664,84.04483795166016,82.642578125,111.14952087402344,188.6560516357422,92.25782775878906,55.07996368408203
2016-11-30,12.859106063842773,28.513235092163086,42.297332763671875,111.75,83.48171997070312,82.33255004882812,109.8038558959961,188.20350646972656,90.76327514648438,54.45005798339844
2016-12-01,13.095829010009766,28.175901412963867,42.13346862792969,111.54000091552734,83.16321563720703,81.87110137939453,107.90679931640625,187.5117950439453,89.80485534667969,53.65079879760742
2016-12-02,13.188826560974121,28.208032608032227,42.23774337768555,112.13999938964844,83.5365219116211,82.24563598632812,108.1217269897461,187.60568237304688,90.46292114257812,54.185909271240234
2016-12-05,13.256461143493652,28.440948486328125,42.65484619140625,111.54000091552734,83.50473022460938,82.42227935791016,108.96280670166016,188.73297119140625,90.36463165283203,54.58552551269531
2016-12-06,13.197279930114746,28.593557357788086,42.945316314697266,111.43000030517578,83.5365219116211,82.41515350341797,109.22444152832031,189.33079528808594,90.2965316772461,54.93772888183594
2016-12-07,13.095829010009766,29.07547378540039,43.585838317871094,111.83000183105469,83.81450653076172,82.76141357421875,110.60750579833984,191.807373046875,91.06806945800781,56.03499221801758
2016-12-08,13.12119197845459,29.20398712158203,43.54859924316406,111.56999969482422,83.49677276611328,82.42227935791016,110.80376434326172,192.2770538330078,89.99398803710938,56.421058654785156
2016-12-09,13.188826560974121,29.051382064819336,43.734798431396484,110.4000015258789,83.06788635253906,82.10429382324219,111.67284393310547,193.4384765625,88.87452697753906,56.3600959777832
2016-12-12,13.273370742797852,28.858610153198242,43.5411491394043,110.81999969482422,83.08380889892578,82.0265884399414,111.16819763183594,193.21646118164062,89.04095458984375,56.73262023925781
2016-12-13,13.307188034057617,29.179887771606445,44.010372161865234,110.44999694824219,83.13139343261719,82.21028900146484,112.5699691772461,194.5059814453125,89.35863494873047,56.70553970336914
2016-12-14,13.180373191833496,28.312437057495117,43.36239242553711,108.83000183105469,82.44048309326172,81.68742370605469,112.33633422851562,192.9004669189453,88.36019134521484,55.46604919433594
2016-12-15,13.163463592529297,28.360633850097656,43.265567779541016,107.33999633789062,82.21015930175781,81.7439193725586,112.51388549804688,193.69473266601562,88.80651092529297,55.14093017578125
2016-12-16,13.222644805908203,28.23213005065918,43.29536056518555,108.05000305175781,82.31343078613281,81.68037414550781,112.0968017578125,193.31585693359375,88.60225677490234,55.967262268066406
2016-12-19,13.14655590057373,28.03935432434082,43.22833251953125,108.58999633789062,82.69462585449219,82.07603454589844,112.55606079101562,193.73678588867188,89.55530548095703,56.570072174072266
2016-12-20,13.205734252929688,28.135738372802734,43.377288818359375,107.79000091552734,82.51988983154297,82.0265884399414,112.98722076416016,194.48414611816406,89.10906219482422,56.69877624511719
2016-12-21,13.129646301269531,28.018754959106445,43.38933563232422,107.8499984741211,82.65489196777344,82.2879638671875,112.9028549194336,193.9429473876953,89.5023422241211,55.83856964111328
2016-12-22,13.112737655639648,27.685691833496094,43.29150390625,107.58999633789062,82.61912536621094,82.29365539550781,112.58419036865234,193.60794067382812,89.34234619140625,55.74519348144531
2016-12-23,13.13809871673584,27.84815788269043,43.40438461303711,107.93000030517578,82.6987075805664,82.42118072509766,112.65914916992188,193.89141845703125,89.52434539794922,55.890445709228516
2016-12-27,13.3410062789917,27.97001838684082,43.351707458496094,108.55999755859375,82.57940673828125,82.27239990234375,113.24027252197266,194.37246704101562,89.23616790771484,56.00801086425781
2016-12-28,13.34946060180664,28.181232452392578,43.186161041259766,108.86000061035156,82.88165283203125,82.57711791992188,112.35924530029297,192.76605224609375,89.88833618164062,55.66913986206055
2016-12-29,13.36637020111084,28.644287109375,43.29150390625,110.29000091552734,83.13615417480469,82.8958969116211,112.19991302490234,192.72314453125,90.20687866210938,56.360660552978516
2016-12-30,13.391731262207031,28.441192626953125,43.442012786865234,109.61000061035156,83.38275146484375,83.02342987060547,111.04707336425781,192.0187225341797,90.3433609008789,57.07296371459961
2017-01-03,13.231097221374512,28.782392501831055,43.7129020690918,110.47000122070312,83.34300231933594,83.09430694580078,112.04056549072266,193.48765563964844,90.73014068603516,57.25968933105469
2017-01-04,13.332551002502441,29.001733779907227,44.20956039428711,110.86000061035156,83.4384765625,83.377685546875,112.64979553222656,194.6387481689453,91.0789794921875,58.096466064453125
2017-01-05,13.400186538696289,29.318557739257812,44.5858154296875,112.58000183105469,83.97941589355469,83.82406616210938,113.28713989257812,194.48414611816406,92.50471496582031,58.28316116333008
2017-01-06,13.38327693939209,29.196706771850586,44.43531799316406,111.75,83.59757232666016,83.38477325439453,114.28064727783203,195.18002319335938,91.65535736083984,58.29008102416992
2017-01-09,13.180373191833496,29.172325134277344,44.367591857910156,112.66999816894531,83.9157485961914,83.5477066040039,114.65550994873047,194.53567504882812,92.39096069335938,57.76449203491211
2017-01-10,13.12119197845459,29.342924118041992,44.37511444091797,113.1500015258789,83.87602996826172,83.49813842773438,114.90860748291016,194.53567504882812,92.33026123046875,57.27353286743164
2017-01-11,13.264913558959961,29.69224739074707,44.60839080810547,113.5,83.97145080566406,83.62567138671875,115.21790313720703,195.08547973632812,92.64122772216797,56.92084884643555
2017-01-12,13.459365844726562,29.822235107421875,44.67612075805664,113.91000366210938,84.01918029785156,83.61856842041016,115.03981018066406,194.5958251953125,92.43639373779297,57.21127700805664
2017-01-13,13.434003829956055,29.7978515625,44.8416633605957,114.20999908447266,83.8362045288086,83.44854736328125,115.4334716796875,195.04251098632812,91.99661254882812,57.1282958984375
2017-01-17,13.425549507141113,29.7816104888916,44.67612075805664,115.8499984741211,84.2578125,83.80986022949219,115.08670043945312,194.3553009033203,92.95968627929688,57.570884704589844
2017-01-18,13.307188034057617,29.619136810302734,44.54819107055664,114.87000274658203,83.66120910644531,83.25724029541016,115.32097625732422,194.78482055664062,91.76909637451172,57.66769027709961
2017-01-19,13.264913558959961,29.529773712158203,44.43531799316406,114.7699966430664,83.34300231933594,82.973876953125,115.26476287841797,194.06326293945312,91.13964080810547,57.07989501953125
2017-01-20,13.417095184326172,29.586639404296875,44.691165924072266,115.05000305175781,83.38275146484375,83.12263488769531,115.517822265625,194.7761688232422,90.95761108398438,57.49479675292969
2017-01-23,13.417095184326172,30.025318145751953,44.80404281616211,115.79000091552734,83.8203125,83.50520324707031,115.61154174804688,194.26939392089844,91.8676986694336,57.97888946533203
2017-01-24,13.450911521911621,30.2121639251709,44.91691970825195,115.2699966430664,83.50210571289062,83.25724029541016,116.38945770263672,195.5150146484375,91.23824310302734,57.99271774291992
2017-01-25,13.36637020111084,30.545244216918945,45.38346481323242,114.31999969482422,83.08849334716797,82.93840026855469,117.5610580444336,197.2073211669922,90.09314727783203,57.61237335205078
2017-01-26,13.425549507141113,30.415267944335938,45.20286560058594,113.26000213623047,83.19978332519531,83.03759002685547,117.68289184570312,197.0010986328125,90.39641571044922,57.50172424316406
2017-01-27,13.315641403198242,30.439632415771484,45.12761306762695,113.48999786376953,83.30325317382812,83.13681030273438,117.90787506103516,196.69189453125,90.72254180908203,56.941566467285156
2017-01-30,13.23955249786377,30.277162551879883,44.80404281616211,113.97000122070312,83.27942657470703,82.9950942993164,116.98932647705078,195.4720458984375,90.44951629638672,56.5543212890625
2017-01-31,13.315641403198242,30.334020614624023,44.87177658081055,115.55000305175781,83.56578826904297,83.14387512207031,116.7550048828125,195.454833984375,91.0789794921875,56.96232223510742
2017-02-01,13.459365844726562,30.350271224975586,45.052364349365234,115.19999694824219,83.4056167602539,83.04158782958984,117.5610580444336,195.53216552734375,90.51579284667969,56.27770233154297
2017-02-02,13.459365844726562,30.48024559020996,45.07494354248047,115.83999633789062,83.4375,83.06291198730469,117.45792388916016,195.66102600097656,90.47782135009766,56.94847869873047
2017-02-03,13.450911521911621,30.667097091674805,45.25553512573242,116.12999725341797,83.50122833251953,83.1552505493164,117.79535675048828,197.0096893310547,90.43980407714844,57.25968933105469
2017-02-06,13.36637020111084,30.593984603881836,44.93196487426758,117.69999694824219,83.89958190917969,83.41806030273438,117.93597412109375,196.65748596191406,90.98702239990234,57.16288375854492
2017-02-07,13.307188034057617,30.439632415771484,44.88681411743164,117.45999908447266,84.05098724365234,83.56016540527344,118.36708068847656,196.66604614257812,91.65580749511719,56.96232223510742
2017-02-08,13.357914924621582,30.62647819519043,44.962066650390625,118.19000244140625,84.39351654052734,83.85147094726562,118.56391906738281,196.9237823486328,92.90222930908203,57.411834716796875
2017-02-09,13.425549507141113,30.764577865600586,45.15019607543945,117.29000091552734,83.89160919189453,83.51759338378906,118.99507141113281,198.09207153320312,91.83063507080078,57.55013656616211
2017-02-10,13.5692720413208,31.048912048339844,45.25553512573242,117.5999984741211,83.8358383178711,83.49626159667969,119.38873291015625,198.873779296875,91.77741241455078,57.95814514160156
2017-02-13,13.417095184326172,31.146400451660156,45.436134338378906,116.80000305175781,83.7083740234375,83.4607162475586,120.06354522705078,199.95619201660156,91.48860931396484,57.97888946533203
2017-02-14,13.434003829956055,31.17889404296875,45.36841583251953,116.93000030517578,83.4056167602539,83.26182556152344,120.46656036376953,200.7550506591797,90.82743835449219,57.67461013793945
2017-02-15,13.450911521911621,31.430727005004883,45.54149627685547,117.44999694824219,83.24632263183594,83.19789123535156,121.17889404296875,201.8031005859375,90.4094467163086,57.48097610473633
2017-02-16,13.36637020111084,31.316991806030273,45.6468391418457,118.08000183105469,83.58087921142578,83.43236541748047,121.14141082763672,201.6312713623047,90.9034194946289,57.8198356628418
2017-02-17,13.3410062789917,31.187021255493164,45.52643966674805,117.68000030517578,83.80398559570312,83.64547729492188,121.666259765625,201.94915771484375,91.44300842285156,57.93048095703125
2017-02-21,13.3240966796875,31.528223037719727,45.676944732666016,117.75,83.76416015625,83.68094635009766,122.26611328125,203.15174865722656,91.28343200683594,58.670433044433594
2017-02-22,13.256461143493652,31.625690460205078,45.676944732666016,117.91000366210938,83.89958190917969,83.74488067626953,122.31294250488281,202.9713897705078,91.43545532226562,58.47681427001953
2017-02-23,13.298733711242676,31.633813858032227,45.77476501464844,118.94000244140625,84.12261199951172,83.9580307006836,121.85369873046875,203.10877990722656,91.70901489257812,58.781070709228516
2017-02-24,13.273370742797852,31.2601318359375,45.443668365478516,119.69999694824219,84.51301574707031,84.3842544555664,122.08805084228516,203.3665008544922,92.72738647460938,59.05768585205078
2017-02-27,13.23955249786377,31.162643432617188,45.47376251220703,119.12000274658203,84.21028900146484,84.18535614013672,122.23799896240234,203.684326171875,92.18022155761719,59.36888122558594
2017-02-28,13.29028034210205,30.86206817626953,45.40604782104492,119.2300033569336,84.17041015625,84.24224090576172,121.86312866210938,203.1345672607422,92.52222442626953,58.96086883544922
2017-03-01,13.34946060180664,31.341360092163086,45.8801155090332,119.05999755859375,83.58406829833984,83.7442626953125,123.19403839111328,205.97793579101562,90.97187805175781,58.781070709228516
2017-03-02,13.13809871673584,30.788949966430664,45.5791130065918,117.58000183105469,83.3447494506836,83.61605834960938,122.57544708251953,204.68081665039062,90.64447784423828,58.46296691894531
2017-03-03,13.205734252929688,31.024532318115234,45.85002517700195,117.51000213623047,83.42453002929688,83.70153045654297,122.80035400390625,204.80970764160156,90.88047790527344,58.234771728515625
2017-03-06,13.188826560974121,31.040788650512695,45.70703887939453,116.72000122070312,83.4085922241211,83.55191040039062,122.52855682373047,204.19979858398438,90.44648742675781,57.97199630737305
2017-03-07,13.129646301269531,31.073280334472656,45.54902267456055,115.77999877929688,83.28890991210938,83.1387939453125,122.32234191894531,203.58987426757812,90.17233276367188,57.69535446166992
2017-03-08,12.83374309539795,30.780824661254883,45.38346481323242,115.05999755859375,83.00967407226562,82.8823013305664,122.53793334960938,203.21185302734375,89.68502807617188,56.63039016723633
2017-03-09,12.723836898803711,30.5371150970459,45.55653762817383,114.47000122070312,82.7783203125,82.43352508544922,122.63163757324219,203.46963500976562,88.96920776367188,55.779788970947266
2017-03-10,12.605473518371582,30.87831687927246,45.94031524658203,114.72000122070312,82.953857421875,82.64013671875,123.14720153808594,204.18258666992188,89.28143310546875,55.60688400268555
2017-03-13,12.5885648727417,31.308860778808594,46.18111801147461,114.73999786376953,82.74642181396484,82.36231994628906,123.35338592529297,204.2856903076172,88.71795654296875,55.74519348144531
2017-03-14,12.537839889526367,31.130144119262695,45.82744216918945,114.12000274658203,82.83412170410156,82.43352508544922,123.05339813232422,203.5039520263672,89.14436340332031,55.731380462646484
2017-03-15,12.647747039794922,31.942523956298828,46.48212432861328,116.25,83.56016540527344,83.1458969116211,123.8126220703125,205.26495361328125,90.23323822021484,56.858577728271484
2017-03-16,12.630838394165039,32.137489318847656,46.70787048339844,116.7300033569336,83.32878875732422,83.02478790283203,123.72826385498047,204.86119079589844,89.77638244628906,56.74794006347656
2017-03-17,12.67310905456543,32.080623626708984,46.828269958496094,116.98999786376953,83.55217742919922,83.21708679199219,123.6850357055664,204.50146484375,90.33983612060547,57.01073455810547
2017-03-20,12.664654731750488,32.45431900024414,46.730445861816406,117.51000213623047,83.75161743164062,83.409423828125,123.79779815673828,204.2771453857422,90.72822570800781,56.96232223510742
2017-03-21,12.59701919555664,32.09687423706055,46.51974105834961,118.54000091552734,84.03083038330078,83.61605834960938,121.91931915283203,201.65431213378906,91.48206329345703,56.71335983276367
2017-03-22,12.5885648727417,32.251224517822266,46.52727508544922,118.83000183105469,84.19041442871094,83.8297119140625,122.74583435058594,202.12879943847656,91.84757232666016,56.68201446533203
2017-03-23,12.563201904296875,32.25934600830078,46.63261795043945,118.66999816894531,84.10262298583984,83.77275848388672,122.43592071533203,201.91314697265625,91.71810913085938,57.09996795654297
2017-03-24,12.605473518371582,32.340599060058594,46.760555267333984,118.86000061035156,84.15050506591797,83.85823822021484,122.68952178955078,201.7664794921875,92.0455551147461,57.03728485107422
2017-03-27,12.5885648727417,32.251224517822266,46.88094711303711,119.52999877929688,84.35795593261719,84.0363540649414,122.8866958618164,201.55941772460938,92.46434020996094,56.52178192138672
2017-03-28,12.664654731750488,32.340599060058594,47.1067008972168,119.04000091552734,84.07073211669922,83.85823822021484,123.6380844116211,203.026123046875,91.84757232666016,56.76558303833008
2017-03-29,12.783016204833984,32.3974494934082,47.1067008972168,119.33000183105469,84.3100357055664,84.1289291381836,124.21106719970703,203.21591186523438,92.39579010009766,57.08604049682617
2017-03-30,12.83374309539795,32.22685241699219,46.94114685058594,118.47000122070312,84.07073211669922,83.90809631347656,124.41765594482422,203.8629913330078,91.64961242675781,57.190528869628906
2017-03-31,12.859106063842773,31.99939727783203,46.87342071533203,118.72000122070312,84.23824310302734,83.9935531616211,124.3331069946289,203.3885040283203,91.91609954833984,57.5318717956543
2017-04-03,12.808379173278809,32.17810821533203,46.80569839477539,119.3499984741211,84.6529312133789,84.3707504272461,124.25799560546875,203.03472900390625,92.84323120117188,57.69906234741211
2017-04-04,12.935194969177246,32.19435501098633,46.7906494140625,119.62000274658203,84.5331039428711,84.1493148803711,124.45523071289062,203.1641387939453,92.33960723876953,57.69906234741211
2017-04-05,12.96055793762207,32.09687423706055,46.54232406616211,119.62000274658203,84.69286346435547,84.25643157958984,123.9480209350586,202.5602264404297,92.62200164794922,57.78265380859375
2017-04-06,12.994376182556152,32.040008544921875,46.54984664916992,119.18000030517578,84.63694763183594,84.33499908447266,124.01372528076172,203.1296844482422,92.4845962524414,58.089134216308594
2017-04-07,13.028193473815918,31.98314666748047,46.51974105834961,119.45999908447266,84.3813247680664,84.12787628173828,123.9480209350586,202.92259216308594,92.11067962646484,58.172725677490234
2017-04-10,13.129646301269531,31.853160858154297,46.46706771850586,119.45999908447266,84.5331039428711,84.28501892089844,123.99498748779297,203.04336547851562,92.53797912597656,58.53496551513672
2017-04-11,13.155009269714355,31.78005027770996,46.68529510498047,121.19000244140625,84.92456817626953,84.6778564453125,123.45962524414062,202.80177307128906,93.41551971435547,58.939002990722656
2017-04-12,13.155009269714355,31.93440055847168,46.64767074584961,122.0199966430664,85.18828582763672,84.95642852783203,122.9618911743164,201.91314697265625,93.92680358886719,58.8344841003418
2017-04-13,13.197279930114746,31.796293258666992,46.34667205810547,122.5999984741211,85.44393920898438,85.09928894042969,122.47344970703125,200.6017303466797,94.21675872802734,58.70213317871094
2017-04-17,13.12119197845459,32.12936782836914,46.63261795043945,122.23999786376953,85.30809783935547,84.93500518798828,123.48779296875,202.37905883789062,93.92680358886719,59.41267013549805
2017-04-18,13.070466041564941,31.723173141479492,46.42190933227539,122.81999969482422,85.79547882080078,85.43497467041016,123.29998779296875,201.77511596679688,95.15534210205078,59.572879791259766
2017-04-19,12.842196464538574,31.528223037719727,46.23379898071289,121.7300033569336,85.57176971435547,85.1778564453125,123.49723815917969,201.4041290283203,94.6364517211914,59.48931884765625
2017-04-20,12.791470527648926,31.91815757751465,46.602516174316406,121.95999908447266,85.37999725341797,85.05638122558594,124.53035736083984,203.04336547851562,94.27019500732422,59.49626922607422
2017-04-21,12.664654731750488,31.91815757751465,46.63261795043945,122.30999755859375,85.41992950439453,85.05638122558594,124.5021743774414,202.39633178710938,94.27019500732422,59.280338287353516
2017-04-24,12.622382164001465,32.373085021972656,47.81405258178711,121.4800033569336,85.24417877197266,84.94215393066406,126.00493621826172,204.62222290039062,93.8047103881836,58.62553024291992
2017-04-25,12.681564331054688,32.657413482666016,48.15267562866211,120.25,84.80474853515625,84.6064453125,126.91598510742188,205.81285095214844,92.67535400390625,58.869327545166016
2017-04-26,12.61392879486084,32.53556823730469,48.01723861694336,120.83999633789062,85.0284652709961,84.81353759765625,126.73754119873047,205.6834259033203,93.18663787841797,58.43046951293945
2017-04-27,12.546293258666992,32.494930267333984,48.062374114990234,120.38999938964844,85.08438873291016,84.8921127319336,127.4982681274414,205.85598754882812,93.15608978271484,58.277217864990234
2017-04-28,12.512476921081543,32.543678283691406,48.00969314575195,120.7699966430664,85.17227935791016,84.99215698242188,127.7236557006836,205.4073486328125,93.36214447021484,57.67118835449219
2017-05-01,12.537839889526367,32.73052978515625,48.205352783203125,119.66999816894531,84.98822021484375,84.72858428955078,128.86013793945312,205.92503356933594,92.58599090576172,58.01251983642578
2017-05-02,12.402570724487305,32.966121673583984,48.45367431640625,119.6500015258789,85.16427612304688,84.9792709350586,129.07615661621094,206.002685546875,93.06006622314453,57.91497802734375
2017-05-03,12.351841926574707,32.74677658081055,48.35585021972656,117.9800033569336,84.98822021484375,84.93629455566406,128.66290283203125,205.75242614746094,93.12120056152344,57.14176940917969
2017-05-04,12.055940628051758,32.381202697753906,48.814884185791016,116.79000091552734,84.79617309570312,84.77155303955078,128.70985412597656,205.99400329589844,92.66242980957031,56.863136291503906
2017-05-05,12.22502613067627,32.6492919921875,49.356685638427734,117.01000213623047,84.81221771240234,84.80018615722656,129.179443359375,206.80508422851562,92.74654388427734,57.3995246887207
2017-05-08,12.174300193786621,32.64115905761719,48.98795700073242,116.75,84.60417175292969,84.64977264404297,129.4612274169922,206.77049255371094,92.24189758300781,56.9954719543457
2017-05-09,12.115120887756348,33.05546951293945,48.8675537109375,116.05000305175781,84.50814056396484,84.66411590576172,129.91209411621094,206.5806884765625,92.2342300415039,56.68898391723633
2017-05-10,12.309572219848633,33.274818420410156,48.94280242919922,116.04000091552734,84.47613525390625,84.77873992919922,129.98719787597656,206.9517059326172,92.12715911865234,57.13481903076172
2017-05-11,12.360297203063965,33.347930908203125,48.82240676879883,116.5,84.54010772705078,84.8216781616211,129.88388061523438,206.5289306640625,92.12715911865234,56.84919357299805
2017-05-12,12.360297203063965,33.48603057861328,49.09330749511719,116.83000183105469,84.97221374511719,85.25141143798828,130.17506408691406,206.18385314941406,92.8229751586914,56.61931228637695
2017-05-15,12.427932739257812,33.82722473144531,49.341636657714844,117.13999938964844,84.91621398925781,85.24424743652344,130.58836364746094,207.3227081298828,92.57064819335938,56.78650665283203
2017-05-16,12.444841384887695,33.85971450805664,49.65768814086914,117.6500015258789,85.02825164794922,85.36602020263672,131.13302612304688,207.1328582763672,92.91481018066406,56.40337371826172
2017-05-17,12.52938461303711,33.28293991088867,49.09330749511719,119.79000091552734,85.70842742919922,85.88883972167969,127.79878997802734,203.45748901367188,94.26824188232422,56.63325881958008
2017-05-18,12.495566368103027,32.73052978515625,49.176082611083984,118.80999755859375,85.68438720703125,85.87451171875,128.91648864746094,204.2771453857422,94.37530517578125,56.94672775268555
2017-05-19,12.740744590759277,33.42916488647461,49.74798583984375,119.4000015258789,85.66036224365234,85.92466735839844,129.4612274169922,205.60577392578125,94.5970687866211,57.25324249267578
2017-05-22,12.825289726257324,33.46165466308594,49.808189392089844,119.9000015258789,85.5643539428711,85.8530502319336,130.5506591796875,206.6497344970703,94.33710479736328,57.47615432739258
2017-05-23,12.783016204833984,33.49415588378906,49.81570816040039,119.13999938964844,85.34036254882812,85.58805847167969,130.6821746826172,207.10702514648438,93.7023696899414,57.52490234375
2017-05-24,12.757654190063477,33.6241340637207,49.84580993652344,119.61000061035156,85.51639556884766,85.72412109375,131.28329467773438,207.59011840820312,94.23002624511719,57.99162673950195
2017-05-25,12.478658676147461,33.7866096496582,49.84580993652344,119.4800033569336,85.5643539428711,85.75995635986328,132.4010009765625,208.58230590820312,94.2605972290039,57.998600006103516
2017-05-26,12.571657180786133,33.90846633911133,49.702842712402344,120.54000091552734,85.62040710449219,85.82438659667969,132.6357879638672,208.5392303466797,94.42121887207031,57.580650329589844
2017-05-30,12.47020435333252,33.72974395751953,49.65016555786133,120.13999938964844,85.83644104003906,86.02491760253906,132.7484130859375,208.3579864501953,94.88756561279297,57.218387603759766
2017-05-31,12.33493423461914,33.469791412353516,49.71035385131836,120.62000274658203,85.87642669677734,86.12522888183594,132.70147705078125,208.3062286376953,95.12471008300781,57.25324249267578
2017-06-01,12.250391006469727,33.754112243652344,50.033935546875,120.72000122070312,85.83153533935547,86.14388275146484,133.218017578125,209.96273803710938,95.1346435546875,57.55275344848633
2017-06-02,12.191210746765137,33.92471694946289,50.58326721191406,121.61000061035156,86.2082290649414,86.54602813720703,134.73959350585938,210.6615753173828,96.26107788085938,58.144874572753906
2017-06-05,12.123575210571289,33.88409423828125,50.304840087890625,121.7300033569336,86.06393432617188,86.3019027709961,134.71145629882812,210.50631713867188,95.66337585449219,57.894107818603516
2017-06-06,12.20811939239502,33.90034484863281,50.161869049072266,123.0999984741211,86.33647918701172,86.55317687988281,134.1760711669922,209.83335876464844,96.18444061279297,57.61546325683594
2017-06-07,12.039031028747559,33.85971450805664,50.176910400390625,122.44999694824219,86.17621612548828,86.44548034667969,134.70204162597656,210.2215576171875,95.72467803955078,58.01948928833008
2017-06-08,12.039031028747559,34.06281661987305,50.086612701416016,121.6500015258789,86.03994750976562,86.29469299316406,134.84291076660156,210.32508850097656,95.47180938720703,57.880149841308594
2017-06-09,12.10666561126709,33.802852630615234,49.89849090576172,120.54000091552734,85.95978546142578,86.20854187011719,131.47120666503906,210.0059051513672,95.32624053955078,58.28419494628906
2017-06-12,11.996758460998535,33.6241340637207,49.71035385131836,120.36000061035156,85.94376373291016,86.23004913330078,130.76675415039062,209.96273803710938,95.29553985595703,58.806636810302734
2017-06-13,12.047484397888184,33.7866096496582,50.09413528442383,120.4800033569336,85.975830078125,86.32341003417969,131.8280487060547,210.9894561767578,95.31087493896484,58.939002990722656
2017-06-14,11.836126327514648,33.77849578857422,50.0565071105957,119.81999969482422,86.42462921142578,86.91224670410156,131.25514221191406,210.7219696044922,96.78217315673828,59.022586822509766
2017-06-15,11.886853218078613,33.42916488647461,49.53728485107422,119.31999969482422,86.27232360839844,86.7040023803711,130.67282104492188,210.31649780273438,96.62889862060547,59.32212448120117
2017-06-16,11.937579154968262,33.48603057861328,49.958683013916016,119.33999633789062,86.32044219970703,86.77581787109375,130.10586547851562,210.36245727539062,96.82047271728516,59.16886901855469
2017-06-19,11.861490249633789,33.81911087036133,50.161869049072266,118.43000030517578,86.08002471923828,86.66808319091797,132.2813720703125,212.11376953125,96.6825180053711,59.17580795288086
2017-06-20,11.743127822875977,33.44532012939453,49.75811767578125,118.18000030517578,86.29635620117188,86.86202239990234,131.24542236328125,210.68319702148438,97.54845428466797,59.03650665283203
2017-06-21,11.616312980651855,33.51875686645508,49.696937561035156,118.5199966430664,86.28836822509766,86.90506744384766,132.54513549804688,210.63119506835938,97.74771118164062,58.91810607910156
2017-06-22,11.633221626281738,33.690155029296875,49.68928527832031,118.91999816894531,86.36854553222656,86.97689819335938,132.50735473632812,210.5358428955078,97.96223449707031,58.97383117675781
2017-06-23,11.683947563171387,33.86970901489258,49.8116340637207,119.43000030517578,86.39251708984375,87.01994323730469,133.0159149169922,210.78724670410156,97.91632080078125,59.17847442626953
2017-06-26,11.709310531616211,34.196163177490234,49.89574432373047,118.36000061035156,86.4647216796875,87.17796325683594,132.39439392089844,210.92596435546875,98.28409576416016,59.60041427612305
2017-06-27,11.844581604003906,33.7962532043457,49.88810348510742,118.80999755859375,86.03994750976562,86.78297424316406,129.99281311035156,209.22674560546875,97.2342758178711,59.06593704223633
2017-06-28,11.920669555664062,34.05741882324219,50.323974609375,118.9000015258789,85.95978546142578,86.87633514404297,131.8669891357422,211.099365234375,96.91242218017578,59.206600189208984
2017-06-29,11.971396446228027,33.6248664855957,49.826927185058594,118.31999969482422,85.63924407958984,86.61064147949219,129.57846069335938,209.24404907226562,96.10018157958984,58.531490325927734
2017-06-30,12.216573715209961,33.779937744140625,49.85751724243164,118.0199966430664,85.43888854980469,86.5388412475586,129.62551879882812,209.63418579101562,95.87794494628906,58.531490325927734
2017-07-03,12.343388557434082,33.975807189941406,49.79634094238281,116.08999633789062,85.12504577636719,86.35163116455078,128.260009765625,209.98963928222656,95.56928253173828,59.276920318603516
2017-07-05,12.157393455505371,33.91051483154297,49.79634094238281,116.5199966430664,85.18924713134766,86.49566650390625,129.52197265625,210.47515869140625,95.59226989746094,58.44004821777344
2017-07-06,12.165846824645996,33.502445220947266,49.574588775634766,116.47000122070312,85.02871704101562,86.27241516113281,128.3541259765625,208.55047607421875,94.8014144897461,57.342987060546875
2017-07-07,12.047484397888184,33.56774139404297,49.58222579956055,115.27999877929688,84.8923110961914,86.20044708251953,129.73854064941406,209.90289306640625,94.23316955566406,57.666465759277344
2017-07-10,12.098212242126465,33.88603210449219,49.7045783996582,115.47000122070312,85.00466918945312,86.34441375732422,130.58616638183594,210.12835693359375,94.37139129638672,57.139034271240234
2017-07-11,12.216573715209961,34.16351318359375,49.81928253173828,115.62000274658203,85.11702728271484,86.38038635253906,130.9534912109375,209.97227478027344,94.53266906738281,57.07575988769531
2017-07-12,12.157393455505371,34.824588775634766,50.21691131591797,116.02999877929688,85.36585998535156,86.76204681396484,132.50735473632812,211.55015563964844,95.1853256225586,57.779014587402344
2017-07-13,12.148938179016113,34.99597930908203,50.36221694946289,115.81999969482422,85.27754974365234,86.61083984375,132.79928588867188,211.9056396484375,94.58638000488281,57.870418548583984
2017-07-14,12.284208297729492,35.43669128417969,50.71396255493164,116.7699966430664,85.39788055419922,86.81242370605469,133.84466552734375,212.89395141601562,94.70150756835938,58.4260139465332
2017-07-17,12.241935729980469,35.27346420288086,50.61456298828125,117.29000091552734,85.5023193359375,86.89163208007812,133.91064453125,212.86795043945312,94.96265411376953,58.89716339111328
2017-07-18,12.292661666870117,35.379554748535156,50.66044235229492,118.11000061035156,85.81531524658203,87.26608276367188,134.8052978515625,212.980712890625,95.79194641113281,58.77058410644531
2017-07-19,12.402570724487305,35.673370361328125,50.88220977783203,118.08000183105469,85.81531524658203,87.23724365234375,135.5963897705078,214.13375854492188,95.83033752441406,59.21363067626953
2017-07-20,12.385661125183105,35.632564544677734,51.08866500854492,118.23999786376953,85.83934020996094,87.31645202636719,135.77536010742188,214.2291259765625,96.1067886352539,58.93936538696289
2017-07-21,12.216573715209961,35.60807418823242,50.88984680175781,119.26000213623047,85.99187469482422,87.51805114746094,135.71884155273438,214.03839111328125,96.51371765136719,58.89716339111328
2017-07-24,12.241935729980469,35.71417236328125,50.7522087097168,119.30999755859375,85.9356689453125,87.41727447509766,136.34039306640625,213.9863739013672,96.13749694824219,58.784637451171875
2017-07-25,12.37720775604248,35.6244010925293,50.82101821899414,118.91999816894531,85.45407104492188,86.89884185791016,135.991943359375,214.50653076171875,94.8858642578125,58.862003326416016
2017-07-26,12.495566368103027,35.918212890625,51.134544372558594,119.87999725341797,85.72702026367188,87.18684387207031,136.4345703125,214.5151824951172,95.03942108154297,59.26988983154297
2017-07-27,12.571657180786133,35.72233963012695,51.01984786987305,119.79000091552734,85.59056854248047,86.9708480834961,135.5775604248047,214.31582641601562,94.57105255126953,59.340213775634766
2017-07-28,12.639291763305664,35.70601272583008,51.07337188720703,120.69000244140625,85.73505401611328,87.20126342773438,135.4645233154297,214.06436157226562,95.13156127929688,59.17847442626953
2017-07-31,12.715381622314453,35.746822357177734,51.1804313659668,120.75,85.7591552734375,87.20126342773438,134.89004516601562,213.9430389404297,95.24678802490234,59.25581741333008
2017-08-01,12.571657180786133,35.85292053222656,51.46335983276367,120.6500015258789,85.97213745117188,87.5174331665039,135.20083618164062,214.41986083984375,95.91548156738281,59.523067474365234
2017-08-02,12.59701919555664,35.88557434082031,51.48630142211914,120.4000015258789,85.89171600341797,87.38029479980469,135.56817626953125,214.52392578125,95.96932220458984,58.98154830932617
2017-08-03,12.504023551940918,35.7386589050293,51.51689147949219,120.58999633789062,86.18914794921875,87.50301361083984,135.04071044921875,214.1077423095703,96.96205139160156,58.862003326416016
2017-08-04,12.52938461303711,35.86924362182617,51.5857048034668,119.6500015258789,85.95606994628906,87.1636962890625,135.28561401367188,214.49790954589844,96.13864135742188,59.058895111083984
2017-08-07,12.55474853515625,36.11409378051758,51.6086540222168,119.51000213623047,86.00430297851562,87.18536376953125,136.14259338378906,214.8966522216797,96.24637603759766,58.995635986328125
2017-08-08,12.563201904296875,36.12224197387695,51.33335494995117,119.86000061035156,85.93193054199219,86.76666259765625,135.90716552734375,214.36782836914062,95.9001235961914,58.71431350708008
2017-08-09,12.647747039794922,35.79579544067383,51.24925231933594,121.30999755859375,86.03648376464844,86.85327911376953,135.7281951904297,214.35916137695312,96.42339324951172,58.517417907714844
2017-08-10,12.453296661376953,34.947017669677734,50.522804260253906,122.20999908447266,86.35802459716797,86.82441711425781,132.8181915283203,211.3334503173828,97.24678802490234,58.095462799072266
2017-08-11,12.495566368103027,35.02862548828125,50.4310302734375,122.79000091552734,86.45449829101562,86.98322296142578,133.8258819580078,211.64556884765625,97.29293823242188,57.73680877685547
2017-08-14,12.385661125183105,35.38772201538086,50.798072814941406,121.91999816894531,86.2454833984375,86.92549133300781,135.5492706298828,213.74362182617188,96.79277801513672,58.700252532958984
2017-08-15,12.326480865478516,35.42852783203125,50.75984573364258,120.9800033569336,85.98820495605469,86.82441711425781,135.64349365234375,213.7176055908203,96.3849105834961,58.52444076538086
2017-08-16,12.292661666870117,35.79579544067383,51.0504264831543,121.87000274658203,86.14897918701172,87.06986999511719,135.87896728515625,214.0904541015625,96.7388916015625,58.75652313232422
2017-08-17,12.326480865478516,35.33875274658203,50.47690963745117,122.48999786376953,86.45449829101562,87.15650939941406,133.10072326660156,210.75259399414062,97.4622573852539,58.390830993652344
2017-08-18,12.546293258666992,35.64072799682617,50.61456298828125,122.30000305175781,86.47052764892578,87.09872436523438,133.00650024414062,210.42311096191406,97.43914794921875,57.80009841918945
2017-08-21,12.394116401672363,35.771305084228516,50.59926223754883,122.76000213623047,86.52680206298828,87.22145080566406,132.8370361328125,210.58787536621094,97.6777572631836,58.41896438598633
2017-08-22,12.427932739257812,36.17121505737305,50.843963623046875,122.20999908447266,86.35802459716797,87.13485717773438,134.86180114746094,212.78997802734375,97.3006591796875,58.25019836425781
2017-08-23,12.537839889526367,36.34260177612305,50.85161209106445,122.66999816894531,86.65544128417969,87.4668960571289,134.38157653808594,212.02703857421875,97.96244812011719,58.84794235229492
2017-08-24,12.52938461303711,36.45686340332031,50.73691177368164,122.29000091552734,86.51876068115234,87.3008804321289,133.98599243164062,211.53285217285156,97.60074615478516,58.665069580078125
2017-08-25,12.504023551940918,36.6690559387207,51.04278564453125,122.73999786376953,86.6634750366211,87.50301361083984,133.70347595214844,212.02703857421875,97.97782897949219,58.94637680053711
2017-08-28,12.512476921081543,36.53846740722656,51.04278564453125,124.69000244140625,86.74382781982422,87.50301361083984,134.11782836914062,212.0356903076172,97.91626739501953,58.49631118774414
2017-08-29,12.512476921081543,36.473182678222656,50.83632278442383,124.41999816894531,86.94483947753906,87.56797790527344,134.64523315429688,212.27845764160156,98.23180389404297,58.433013916015625
2017-08-30,12.419477462768555,36.53031539916992,50.76749038696289,124.36000061035156,86.87245178222656,87.64019775390625,136.2274169921875,213.28408813476562,98.20104217529297,58.76356506347656
2017-08-31,12.766108512878418,36.587440490722656,51.15748977661133,125.81999969482422,87.00909423828125,87.79176330566406,137.68710327148438,214.56727600097656,98.49343872070312,59.101104736328125
2017-09-01,12.783016204833984,36.85676956176758,51.22630310058594,126.05999755859375,86.75308990478516,87.4443359375,137.49880981445312,214.8706817626953,97.74007415771484,59.305057525634766
2017-09-05,12.808379173278809,36.37525177001953,50.88220977783203,127.45999908447266,87.35688018798828,87.9872055053711,136.2650604248047,213.32749938964844,99.28997039794922,59.143314361572266
2017-09-06,12.935194969177246,36.61193084716797,51.19572067260742,126.80999755859375,87.14759063720703,87.67594909667969,136.67941284179688,214.05567932128906,98.68081665039062,59.29804611206055
2017-09-07,12.926740646362305,36.881256103515625,51.61629104614258,128.1300048828125,87.52594757080078,88.01615905761719,136.99960327148438,214.02975463867188,99.69099426269531,59.677791595458984
2017-09-08,12.783016204833984,36.63641357421875,51.623939514160156,127.97000122070312,87.46150970458984,87.75556182861328,135.8130645751953,213.77835083007812,99.47509765625,59.727020263671875
2017-09-11,12.808379173278809,37.126094818115234,52.02922058105469,126.19000244140625,86.96241760253906,87.48777770996094,137.37631225585938,216.0584259033203,98.2875747680664,60.2755241394043
2017-09-12,12.842196464538574,37.08528137207031,52.1898078918457,126.55999755859375,86.75308990478516,87.3936767578125,137.7059326171875,216.78671264648438,97.7708740234375,59.56522750854492
2017-09-13,12.90137767791748,36.8894157409668,51.90686798095703,125.61000061035156,86.57599639892578,87.30680847167969,137.89434814453125,216.89071655273438,97.38533782958984,59.410545349121094
2017-09-14,12.909832000732422,36.98735046386719,51.998634338378906,126.16000366210938,86.59210968017578,87.52396392822266,137.08436584472656,216.8214111328125,97.78634643554688,59.90282440185547
2017-09-15,12.969012260437012,37.207706451416016,52.04451370239258,125.52999877929688,86.69673156738281,87.59635162353516,137.55526733398438,217.1133270263672,97.82492065429688,60.015316009521484
2017-09-18,12.952103614807129,37.33829116821289,52.113338470458984,124.36000061035156,86.3586196899414,87.50946807861328,137.375,217.5750732421875,97.26194763183594,59.69184875488281
2017-09-19,12.926740646362305,37.41990280151367,52.358036041259766,124.62000274658203,86.26200866699219,87.56018829345703,137.61093139648438,217.79290771484375,97.02289581298828,59.29804611206055
2017-09-20,13.036648750305176,37.248512268066406,52.24333953857422,123.62000274658203,86.09296417236328,87.45156860351562,137.1862335205078,217.87130737304688,97.0923080444336,59.136253356933594
2017-09-21,12.985921859741211,37.248512268066406,52.13628005981445,122.68000030517578,85.98023986816406,87.45156860351562,136.34629821777344,217.28753662109375,97.038330078125,59.02373123168945
2017-09-22,13.036648750305176,37.03632354736328,52.29686737060547,123.23999786376953,86.13320922851562,87.56739044189453,136.21412658691406,217.33111572265625,97.31590270996094,58.6074104309082
2017-09-25,13.256461143493652,36.407894134521484,51.998634338378906,124.52999877929688,86.39080810546875,87.89313507080078,134.7794647216797,216.88673400878906,97.92511749267578,58.948448181152344
2017-09-26,13.13809871673584,36.309959411621094,51.88393020629883,123.13999938964844,86.31835174560547,87.87862396240234,135.128662109375,217.01742553710938,97.74778747558594,59.04790496826172
2017-09-27,13.087373733520508,36.179378509521484,51.92216491699219,121.9800033569336,85.87560272216797,87.53842163085938,136.34629821777344,217.8625946044922,96.27488708496094,58.51503372192383
2017-09-28,13.087373733520508,36.15489196777344,52.05980682373047,122.20999908447266,85.85948944091797,87.66876220703125,136.299072265625,218.12399291992188,95.98961639404297,58.91292190551758
2017-09-29,13.019740104675293,36.571128845214844,52.365684509277344,121.58000183105469,85.75483703613281,87.74833679199219,137.2806396484375,218.89068603515625,96.20552062988281,59.033695220947266
2017-10-02,12.909832000732422,36.579280853271484,52.31980514526367,120.7699966430664,85.65727996826172,87.83036804199219,137.40333557128906,219.84036254882812,96.02935791015625,58.948448181152344
2017-10-03,12.918285369873047,37.15874481201172,52.49568557739258,120.83000183105469,85.77824401855469,88.02629852294922,137.69590759277344,220.3108673095703,96.1220703125,58.86320114135742
2017-10-04,12.935194969177246,37.15058898925781,52.39627456665039,121.16999816894531,85.75403594970703,87.97547912597656,137.82806396484375,220.572265625,96.12975311279297,59.161598205566406
2017-10-05,13.078920364379883,37.42806625366211,52.365684509277344,120.5199966430664,85.66534423828125,87.85211181640625,139.17771911621094,221.8791961669922,95.76663970947266,59.374732971191406
2017-10-06,12.876014709472656,37.2403564453125,52.32746505737305,121.08999633789062,85.560546875,87.77953338623047,139.3665008544922,221.62655639648438,95.49620056152344,59.182918548583984
2017-10-09,12.884468078613281,37.21587371826172,52.342742919921875,122.08000183105469,85.65727996826172,87.85211181640625,139.2060546875,221.26051330566406,95.79756927490234,59.32499313354492
2017-10-10,13.036648750305176,37.5831298828125,52.83979034423828,122.4000015258789,85.68948364257812,87.91020202636719,139.3098602294922,221.84429931640625,95.95211029052734,59.502628326416016
2017-10-11,13.062010765075684,37.754520416259766,52.96979522705078,122.79000091552734,85.7862548828125,87.86666107177734,139.72509765625,222.1928253173828,96.13754272460938,59.70153045654297
2017-10-12,13.045103073120117,37.738197326660156,52.923912048339844,122.88999938964844,85.86690521240234,87.8884506225586,139.47030639648438,221.8616943359375,96.54704284667969,60.08519744873047
2017-10-13,13.171917915344238,38.08096694946289,53.19920349121094,123.81999969482422,86.15715789794922,88.23677062988281,140.00830078125,222.13180541992188,97.24246978759766,60.24150848388672
2017-10-16,13.205734252929688,38.05649185180664,53.160953521728516,122.97000122070312,86.01203918457031,88.11339569091797,140.4897003173828,222.42807006835938,97.17292022705078,59.9431266784668
2017-10-17,13.188826560974121,37.860626220703125,53.023319244384766,122.12999725341797,85.97978210449219,88.09883880615234,140.66896057128906,222.5848846435547,97.29653930664062,60.014183044433594
2017-10-18,13.180373191833496,37.950401306152344,53.17626953125,121.66999816894531,85.7621078491211,87.9682388305664,140.49908447265625,222.802734375,96.65522766113281,59.950218200683594
2017-10-19,13.12119197845459,37.61577606201172,53.092132568359375,122.38999938964844,85.85076141357422,88.09883880615234,139.97999572753906,222.8637237548828,96.8252182006836,59.7725944519043
2017-10-20,13.188826560974121,37.754520416259766,53.023319244384766,121.61000061035156,85.4959945678711,87.85939025878906,140.3575897216797,224.0137939453125,95.79756927490234,59.43157958984375
2017-10-23,13.188826560974121,37.45254898071289,52.908626556396484,121.80000305175781,85.57661437988281,87.94644927978516,139.44198608398438,223.1425018310547,95.96753692626953,59.20421600341797
2017-10-24,13.3240966796875,37.45254898071289,52.99273681640625,121.33000183105469,85.31861114501953,87.7287368774414,139.67794799804688,223.5345458984375,95.37257385253906,58.84897994995117
2017-10-25,13.3410062789917,37.370941162109375,52.78627395629883,121.3499984741211,85.18157958984375,87.49653625488281,139.14944458007812,222.42807006835938,94.91670989990234,58.678443908691406
2017-10-26,13.400186538696289,37.11793518066406,52.77861404418945,120.33000183105469,85.06871032714844,87.48926544189453,138.70582580566406,222.715576171875,94.59983825683594,58.195335388183594
2017-10-27,13.467822074890137,37.656585693359375,52.900970458984375,120.9000015258789,85.34281158447266,87.75053405761719,142.74537658691406,224.53652954101562,95.22573852539062,58.45820999145508
2017-10-30,13.501638412475586,37.41990280151367,53.023319244384766,121.12999725341797,85.6491928100586,88.04080200195312,143.06629943847656,223.7001495361328,96.13754272460938,58.40847396850586
2017-10-31,13.535456657409668,37.77084732055664,53.245079040527344,120.66999816894531,85.59275817871094,87.91744995117188,143.6042938232422,224.0486297607422,96.16841888427734,58.4013671875
2017-11-01,13.54391098022461,37.96671676635742,53.2985954284668,121.11000061035156,85.64447021484375,88.05643463134766,143.55712890625,224.34483337402344,96.59666442871094,58.68556213378906
2017-11-02,13.62845516204834,38.01568603515625,53.45919418334961,121.19000244140625,85.75752258300781,88.0418930053711,143.28341674804688,224.43202209472656,97.02251434326172,59.182918548583984
2017-11-03,13.712997436523438,37.81980895996094,53.37507629394531,120.62000274658203,85.8947982788086,88.1437759399414,144.66139221191406,225.1812744140625,97.2857894897461,59.033695220947266
2017-11-06,13.97508430480957,38.24421310424805,53.451541900634766,121.6500015258789,85.99976348876953,88.16558837890625,145.1522216796875,225.52976989746094,97.64970397949219,59.43157958984375
2017-11-07,13.890539169311523,37.99937057495117,53.25271987915039,121.20999908447266,86.03203582763672,88.09282684326172,145.23716735839844,225.3730010986328,98.06011962890625,59.91470718383789
2017-11-08,13.8651762008667,38.17891311645508,53.4286003112793,121.62999725341797,85.92706298828125,87.97640228271484,145.82223510742188,225.7563934326172,97.84329986572266,60.213104248046875
2017-11-09,13.890539169311523,37.942230224609375,53.12272262573242,122.12999725341797,85.8947982788086,87.7435302734375,145.0578155517578,224.9373321533203,97.56450653076172,60.27703094482422
2017-11-10,13.8651762008667,37.77900695800781,52.977439880371094,121.12999725341797,85.45869445800781,87.24146270751953,145.04837036132812,224.8676300048828,96.09327697753906,60.34098815917969
2017-11-13,13.822905540466309,37.697391510009766,52.755672454833984,121.30999755859375,85.41834259033203,87.25596618652344,145.22769165039062,225.07679748535156,96.29463958740234,60.64647674560547
2017-11-14,13.636906623840332,37.444393157958984,52.71745300292969,121.55999755859375,85.53944396972656,87.27783203125,144.6991729736328,224.55398559570312,96.94505310058594,60.518611907958984
2017-11-15,13.619999885559082,37.248512268066406,52.46509552001953,121.41000366210938,85.84634399414062,87.64893341064453,144.01954650878906,223.4300079345703,97.99813842773438,59.907588958740234
2017-11-16,13.577726364135742,38.02385711669922,52.88566589355469,121.4000015258789,85.62828826904297,87.54703521728516,145.86007690429688,225.3293914794922,97.14640045166016,60.40492630004883
2017-11-17,13.797541618347168,38.2115592956543,52.69450378417969,122.86000061035156,85.7413558959961,87.65620422363281,145.30320739746094,224.66722106933594,97.86651611328125,60.14204406738281
2017-11-20,13.687634468078613,38.40743637084961,52.80919647216797,121.30999755859375,85.60405731201172,87.65620422363281,145.18995666503906,225.05059814453125,97.82781219482422,59.964420318603516
2017-11-21,13.780631065368652,38.92158508300781,53.20684814453125,121.51000213623047,85.6202392578125,87.94727325439453,146.7661590576172,226.5230255126953,98.13748931884766,60.41203689575195
2017-11-22,13.856721878051758,39.019535064697266,53.352134704589844,122.62999725341797,85.8947982788086,88.289306640625,146.9454803466797,226.32261657714844,98.45499420166016,60.27703094482422
2017-11-24,13.898994445800781,38.93792724609375,53.787994384765625,122.31999969482422,85.82207489013672,88.18742370605469,147.48345947265625,226.84539794921875,98.18399047851562,60.35520553588867
2017-11-27,13.873629570007324,38.36662673950195,53.46683883666992,122.83000183105469,85.87862396240234,88.1364517211914,147.41741943359375,226.73214721679688,98.04461669921875,60.07099151611328
2017-11-28,13.81445026397705,38.65227127075195,53.772701263427734,122.80999755859375,85.8947982788086,88.26016998291016,147.794921875,229.0323028564453,98.17620849609375,59.84366226196289
2017-11-29,13.721452713012695,38.04016876220703,53.55861282348633,122.04000091552734,85.6202392578125,87.910888671875,145.21826171875,228.8928985595703,97.20836639404297,59.86494445800781
2017-11-30,13.662272453308105,37.623939514160156,53.61212921142578,121.0999984741211,85.353759765625,87.80904388427734,146.435791015625,230.8968505859375,96.88312530517578,59.95732116699219
2017-12-01,13.780631065368652,37.41173553466797,53.39801788330078,121.58999633789062,85.66914367675781,88.08042907714844,145.81289672851562,230.41761779785156,98.19049835205078,60.099403381347656
2017-12-04,13.611546516418457,37.485191345214844,53.20684814453125,121.18000030517578,85.62871551513672,88.21910095214844,144.13291931152344,230.13882446289062,98.23712158203125,59.8010139465332
2017-12-05,13.611546516418457,37.46071243286133,53.092132568359375,120.31999969482422,85.69341278076172,88.38688659667969,144.2272491455078,229.3111572265625,98.72589111328125,59.30369567871094
2017-12-06,13.38327693939209,36.954715728759766,52.98508071899414,120.06999969482422,85.871337890625,88.55470275878906,144.87850952148438,229.35470581054688,99.06726837158203,59.246849060058594
2017-12-07,13.425549507141113,37.06079864501953,53.12272262573242,118.48999786376953,85.71768188476562,88.37960052490234,145.36927795410156,230.077880859375,98.29141235351562,59.396060943603516
2017-12-08,13.493185043334961,37.49335479736328,53.40565872192383,118.4800033569336,85.65300750732422,88.27012634277344,146.01109313964844,231.3324737548828,98.29917907714844,59.70153045654297
2017-12-11,13.527000427246094,37.681068420410156,53.54330062866211,118.01000213623047,85.59635162353516,88.33580780029297,147.14369201660156,232.02952575683594,98.09739685058594,59.6944465637207
2017-12-12,13.408639907836914,37.42806625366211,53.61212921142578,118.1500015258789,85.5235595703125,88.27012634277344,146.9454803466797,232.4390411376953,98.05863189697266,59.985740661621094
2017-12-13,13.34946060180664,37.8769416809082,53.818580627441406,119.16999816894531,85.871337890625,88.5766372680664,147.2285919189453,232.41285705566406,98.79574584960938,60.08519744873047
2017-12-14,13.391731262207031,37.59946060180664,53.520355224609375,118.93000030517578,85.83895874023438,88.73709106445312,147.12478637695312,231.4631805419922,99.2147216796875,60.07099151611328
2017-12-15,13.391731262207031,37.681068420410156,53.505069732666016,119.18000030517578,85.82282257080078,88.86113739013672,148.79537963867188,233.39064025878906,99.58717346191406,60.44757843017578
2017-12-18,13.450911521911621,38.10546875,54.13976287841797,119.7300033569336,85.62871551513672,88.5985107421875,150.04290771484375,234.87066650390625,98.67929077148438,60.84542465209961
2017-12-19,13.55236530303955,37.90413284301758,53.94114685058594,119.81999969482422,85.24052429199219,88.14611053466797,149.1538543701172,233.9686279296875,97.39912414550781,59.55236053466797
2017-12-20,13.62845516204834,37.9538459777832,53.84840774536133,120.13999938964844,84.98979949951172,87.91261291503906,148.99305725097656,233.8460693359375,96.32061767578125,58.86320114135742
2017-12-21,13.636906623840332,38.202396392822266,54.041603088378906,120.30999755859375,85.04975128173828,88.14955139160156,149.01197814941406,234.32769775390625,96.8819580078125,58.63518524169922
2017-12-22,13.696090698242188,38.525516510009766,54.180721282958984,120.94000244140625,85.08216857910156,88.21536254882812,148.84173583984375,234.2664337158203,97.01416015625,59.03923416137695
2017-12-26,13.898994445800781,38.49237060546875,54.16525650024414,121.7699966430664,85.11457824707031,88.3322982788086,148.03782653808594,233.98619079589844,97.30189514160156,59.335044860839844
2017-12-27,13.932811737060547,38.591796875,54.26572036743164,122.2300033569336,85.47903442382812,88.82221221923828,148.05670166015625,234.10000610351562,98.56925964355469,59.52983856201172
2017-12-28,14.000446319580078,38.85691452026367,54.296634674072266,122.8499984741211,85.3737564086914,88.76372528076172,148.23638916015625,234.58163452148438,98.48373413085938,59.84727478027344
2017-12-29,14.042718887329102,39.039180755615234,54.33527374267578,123.6500015258789,85.5114517211914,88.88067626953125,147.3189697265625,233.69711303710938,98.63926696777344,59.86893081665039
2018-01-02,14.11035442352295,39.77655792236328,54.73712921142578,125.1500015258789,85.22797393798828,88.28845977783203,149.9010467529297,235.36985778808594,97.57401275634766,59.64528274536133
2018-01-03,14.194896697998047,40.15766906738281,54.99987030029297,124.81999969482422,85.31704711914062,88.44930267333984,151.3575897216797,236.8585968017578,98.04051971435547,59.47209548950195
2018-01-04,14.17798900604248,40.35650634765625,55.6026611328125,125.45999908447266,85.27654266357422,88.4200210571289,151.62242126464844,237.8568878173828,98.02497863769531,58.447608947753906
2018-01-05,14.1272611618042,40.70448303222656,55.911773681640625,125.33000183105469,85.17125701904297,88.39079284667969,153.14520263671875,239.4419708251953,97.74505615234375,58.4764404296875
2018-01-08,14.11880874633789,40.70448303222656,55.89633560180664,125.30999755859375,85.1307601928711,88.3834457397461,153.7410125732422,239.8798370361328,97.68286895751953,58.77949142456055
2018-01-09,14.21180534362793,40.63820266723633,55.958152770996094,124.7300033569336,84.72576904296875,88.061767578125,153.75048828125,240.42276000976562,96.37657928466797,58.02192687988281
2018-01-10,14.262533187866211,40.381378173828125,55.84994888305664,125.02999877929688,84.70149230957031,88.12026977539062,153.3910675048828,240.0550079345703,96.25997161865234,57.37259292602539
2018-01-11,14.254077911376953,40.629920959472656,56.236351013183594,125.44000244140625,84.75813293457031,88.3322982788086,154.44090270996094,241.80641174316406,96.6564712524414,57.17778015136719
2018-01-12,14.347074508666992,41.019317626953125,56.80048370361328,126.95999908447266,84.70149230957031,88.34696197509766,155.57583618164062,243.38270568847656,96.81977081298828,56.71603012084961
2018-01-16,14.279439926147461,40.86189651489258,56.746395111083984,127.16999816894531,84.74192810058594,88.42735290527344,155.13140869140625,242.55084228515625,97.22412109375,56.82426452636719
2018-01-17,14.29634952545166,41.400428771972656,57.04005813598633,126.13999938964844,84.55567932128906,88.18607330322266,156.80540466308594,244.8627471923828,97.0919189453125,57.22108459472656
2018-01-18,14.29634952545166,41.45012664794922,56.97051239013672,125.86000061035156,84.28836822509766,87.84239959716797,156.83380126953125,244.45115661621094,96.18998718261719,56.48516845703125
2018-01-19,14.27098560333252,41.78982162475586,57.287357330322266,126.41999816894531,84.06965637207031,87.57186889648438,157.3256378173828,245.56336975097656,95.68456268310547,56.78818893432617
2018-01-22,14.304804801940918,42.030086517333984,57.58100891113281,126.6500015258789,84.0372543334961,87.49149322509766,159.0091552734375,247.5599822998047,95.77787780761719,57.30765914916992
2018-01-23,14.406255722045898,42.22893524169922,57.7664909362793,127.27999877929688,84.2802505493164,87.87165832519531,160.3238525390625,248.0854034423828,96.18998718261719,58.10130310058594
2018-01-24,14.558436393737793,42.58517837524414,57.866947174072266,128.8300018310547,84.11827850341797,87.81317901611328,159.28347778320312,247.98915100097656,95.6690444946289,57.798255920410156
2018-01-25,14.473892211914062,42.56033706665039,57.6428337097168,127.97000122070312,84.30455017089844,88.25920104980469,159.22671508789062,248.09422302246094,96.45437622070312,57.697265625
2018-01-26,14.5837984085083,43.1485710144043,58.15287780761719,128.07000732421875,84.053466796875,88.1422119140625,161.6668701171875,250.96661376953125,96.09667205810547,57.4952392578125
2018-01-29,14.54152774810791,42.494056701660156,57.61964797973633,127.3499984741211,83.8428726196289,87.90826416015625,160.8819122314453,249.3026885986328,95.42799377441406,56.72325134277344
2018-01-30,14.44007396697998,41.91409683227539,57.14052963256836,126.80000305175781,83.64847564697266,87.60848999023438,159.5577392578125,246.74554443359375,94.86817169189453,56.311988830566406
2018-01-31,14.45698356628418,42.27863693237305,57.0632438659668,127.6500015258789,83.67276763916016,87.79122161865234,160.21986389160156,246.86817932128906,95.42799377441406,57.322086334228516
2018-02-01,14.600707054138184,41.70697021484375,57.22554016113281,128.07000732421875,83.24113464355469,87.4034194946289,158.85784912109375,246.58790588378906,94.04498291015625,56.08833312988281
2018-02-02,14.363985061645508,40.63820266723633,56.066349029541016,126.38999938964844,82.9328384399414,86.95626068115234,155.68936157226562,241.21963500976562,93.17230987548828,55.61216354370117
2018-02-05,14.228713989257812,39.21317672729492,53.717041015625,126.70999908447266,83.61434173583984,87.00756072998047,149.55105590820312,231.1312713623047,94.05278778076172,53.9599609375
2018-02-06,14.144170761108398,40.48906326293945,54.77576446533203,125.37999725341797,83.24922180175781,86.83158874511719,153.51402282714844,235.6851348876953,93.46839904785156,53.96718215942383
2018-02-07,13.983538627624512,39.21317672729492,54.196170806884766,124.79000091552734,83.00585174560547,86.58968353271484,151.52780151367188,234.40646362304688,92.58014678955078,53.736297607421875
2018-02-08,13.839814186096191,37.85441970825195,52.781959533691406,124.9800033569336,83.07887268066406,86.21576690673828,145.1341094970703,225.6141815185547,92.47885131835938,52.19231414794922
2018-02-09,13.636906623840332,38.459228515625,53.00605773925781,124.7699966430664,82.9328384399414,85.93717193603516,147.6405792236328,229.0032958984375,91.89450073242188,53.498226165771484
2018-02-12,13.721452713012695,39.064048767089844,53.81749725341797,125.37000274658203,82.90849304199219,85.93717193603516,150.26043701171875,232.3660888671875,92.2996597290039,53.519866943359375
2018-02-13,13.746814727783203,39.36229705810547,53.655208587646484,126.08000183105469,83.04642486572266,85.9078598022461,151.0360107421875,232.94407653808594,92.71258544921875,53.89501953125
2018-02-14,13.958174705505371,40.34821701049805,54.60576248168945,128.22999572753906,82.5433349609375,85.59259033203125,153.86395263671875,236.08790588378906,91.68412017822266,53.50541687011719
2018-02-15,13.983538627624512,41.17672348022461,54.94578170776367,128.3800048828125,82.56776428222656,85.99583435058594,156.7202606201172,239.1003875732422,91.9957504272461,54.02490234375
2018-02-16,14.00890064239502,41.04417419433594,55.193084716796875,127.95999908447266,82.76243591308594,86.2524185180664,156.02044677734375,239.17056274414062,92.49446868896484,54.320701599121094
2018-02-20,14.051173210144043,40.48078536987305,54.67530822753906,126.23999786376953,82.67322540283203,85.88587188720703,156.33253479003906,237.67300415039062,92.08924865722656,53.67858123779297
2018-02-21,14.034263610839844,40.44765090942383,54.412559509277344,125.66000366210938,82.42980194091797,85.4166259765625,155.8880157470703,236.49072265625,90.95946502685547,52.61799240112305
2018-02-22,14.161080360412598,40.472496032714844,54.698482513427734,126.30000305175781,82.5433349609375,85.53396606445312,155.86907958984375,236.7972869873047,91.23219299316406,53.216827392578125
2018-02-23,14.254077911376953,41.19330596923828,55.13125228881836,126.13999938964844,82.85982513427734,85.92982482910156,159.05642700195312,240.57168579101562,92.04253387451172,54.06817626953125
2018-02-26,14.330166816711426,41.57440948486328,55.64904022216797,126.44999694824219,82.95716094970703,86.03984069824219,161.16561889648438,243.36520385742188,92.07367706298828,54.21970748901367
2018-02-27,14.186443328857422,40.36479187011719,54.822147369384766,125.12999725341797,82.69754028320312,85.66590881347656,159.1699676513672,240.32647705078125,91.94120788574219,52.95711135864258
2018-02-28,14.034263610839844,39.78483581542969,54.30435562133789,125.0,82.89228057861328,85.82721710205078,158.14846801757812,237.89187622070312,92.52562713623047,52.9210205078125
2018-03-01,14.059627532958984,39.71027374267578,53.3924674987793,124.72000122070312,83.2490005493164,85.73894500732422,155.56642150878906,234.4328155517578,93.1572036743164,52.971527099609375
2018-03-02,14.059627532958984,39.87596893310547,53.647483825683594,125.38999938964844,82.94020080566406,85.46697998046875,156.9945831298828,235.64122009277344,92.39988708496094,52.94987106323242
2018-03-05,14.144170761108398,39.93396759033203,53.93341827392578,125.18000030517578,82.8345947265625,85.43757629394531,158.73489379882812,238.3648223876953,92.15007019042969,53.5487174987793
2018-03-06,14.194896697998047,40.306800842285156,54.2502555847168,126.52999877929688,82.82643127441406,85.51105499267578,159.40643310546875,238.96914672851562,92.23591613769531,53.80124282836914
2018-03-07,14.042718887329102,40.34821701049805,54.23481750488281,125.72000122070312,82.82643127441406,85.48163604736328,159.77528381347656,238.8815155029297,92.13445281982422,54.13311767578125
2018-03-08,13.958174705505371,40.35650634765625,54.350738525390625,125.41999816894531,82.99711608886719,85.6507568359375,160.65487670898438,240.0373992919922,92.66537475585938,54.234134674072266
2018-03-09,14.09344482421875,41.218162536621094,54.698482513427734,125.54000091552734,82.81832122802734,85.34932708740234,163.77601623535156,244.2147674560547,92.05640411376953,54.529937744140625
2018-03-12,14.06808090209961,41.31757736206055,54.760311126708984,125.54000091552734,83.01336669921875,85.45960998535156,164.64627075195312,243.9082489013672,92.58728790283203,54.76803970336914
2018-03-13,14.025810241699219,40.94475173950195,54.39710235595703,125.77999877929688,83.15148162841797,85.46697998046875,162.4046173095703,242.33189392089844,93.05570220947266,54.818538665771484
2018-03-14,14.025810241699219,41.01103210449219,54.528480529785156,125.69999694824219,83.31401824951172,85.65806579589844,162.376220703125,241.08831787109375,93.87549591064453,54.869041442871094
2018-03-15,14.017355918884277,40.86189651489258,54.49756622314453,124.9000015258789,83.28148651123047,85.74632263183594,162.23431396484375,240.82557678222656,93.87549591064453,54.8546028137207
2018-03-16,14.06808090209961,40.7707633972168,54.45891571044922,124.5999984741211,83.18400573730469,85.84191131591797,161.7520294189453,241.08680725097656,93.53974151611328,55.23699951171875
2018-03-19,13.97508430480957,40.33165740966797,54.0184326171875,124.87000274658203,83.10274505615234,85.55518341064453,158.3008575439453,237.82479858398438,93.24308013916016,54.76081085205078
2018-03-20,14.06808090209961,40.779052734375,54.01069259643555,124.30999755859375,82.94020080566406,85.25375366210938,158.8218536376953,238.22921752929688,92.86833190917969,54.57322692871094
2018-03-21,14.321714401245117,41.019317626953125,54.095703125,126.4800033569336,82.99711608886719,85.20230102539062,158.1303253173828,237.77207946777344,92.96983337402344,54.169189453125
2018-03-22,14.21180534362793,39.652278900146484,53.09108352661133,125.9800033569336,83.3383560180664,85.34932708740234,154.22723388671875,231.82838439941406,93.89112091064453,53.85173797607422
2018-03-23,14.338622093200684,38.8486328125,52.503746032714844,127.61000061035156,83.45210266113281,85.07728576660156,150.16319274902344,226.88710021972656,93.82083129882812,52.892154693603516
2018-03-26,14.347074508666992,40.10795593261719,53.44655227661133,128.27999877929688,83.224609375,85.3787612915039,155.74301147460938,233.09446716308594,93.46167755126953,53.49391555786133
2018-03-27,14.287895202636719,39.37887191772461,53.05243682861328,127.48999786376953,83.6958999633789,85.68753814697266,150.70315551757812,229.129150390625,94.46102905273438,53.697879791259766
2018-03-28,14.228713989257812,39.180030822753906,53.36155700683594,125.7300033569336,83.67967224121094,85.91542053222656,148.96954345703125,228.4521026611328,94.71085357666016,55.045616149902344
2018-03-29,14.35552978515625,40.000247955322266,53.84840774536133,125.79000091552734,83.85033416748047,86.30508422851562,151.6978759765625,231.3711700439453,95.17152404785156,54.98005676269531
2018-04-02,14.161080360412598,39.27945327758789,53.10653305053711,127.26000213623047,83.93577575683594,86.25862121582031,147.32110595703125,226.37710571289062,95.35931396484375,54.236976623535156
2018-04-03,14.237171173095703,39.66884994506836,53.44655227661133,126.30000305175781,83.6671371459961,86.03008270263672,148.97901916503906,229.27857971191406,94.62381744384766,54.6959342956543
2018-04-04,14.17798900604248,39.6854133605957,53.63203811645508,126.44999694824219,83.6183090209961,86.03008270263672,151.32843017578125,231.73171997070312,94.42825317382812,55.271446228027344
2018-04-05,14.245624542236328,39.78483581542969,53.987518310546875,125.80000305175781,83.40670013427734,86.05950164794922,152.19044494628906,233.5605010986328,93.72405242919922,55.24958419799805
2018-04-06,14.144170761108398,39.006046295166016,53.63203811645508,126.38999938964844,83.7729263305664,86.31764221191406,148.3821563720703,228.35540771484375,94.74900817871094,54.834346771240234
2018-04-09,14.321714401245117,39.04746627807617,54.07252502441406,126.81999969482422,83.78926086425781,86.36184692382812,149.42420959472656,229.4808807373047,94.90552520751953,54.659507751464844
2018-04-10,14.566888809204102,39.809696197509766,54.65211868286133,127.12000274658203,83.64273834228516,86.38401794433594,152.72100830078125,233.12965393066406,94.73335266113281,54.60122299194336
2018-04-11,14.676795959472656,39.826271057128906,54.44346618652344,128.11000061035156,83.7240982055664,86.44295501708984,151.83999633789062,231.90750122070312,95.06974792480469,54.71779251098633
2018-04-12,14.617616653442383,39.809696197509766,54.65211868286133,126.62000274658203,83.42296600341797,86.20700073242188,153.6683807373047,233.81544494628906,94.37342834472656,54.10585021972656
2018-04-13,14.626069068908691,39.412010192871094,54.70622253417969,127.44999694824219,83.4962387084961,86.23651885986328,152.87254333496094,233.12965393066406,94.5925521850586,54.38996505737305
2018-04-16,14.575345039367676,39.46171951293945,54.79123306274414,127.62999725341797,83.4555435180664,86.24386596679688,154.037841796875,235.04644775390625,94.62381744384766,54.725093841552734
2018-04-17,14.5837984085083,39.54457092285156,55.03852844238281,127.75,83.50434112548828,86.251220703125,157.35353088378906,237.56097412109375,94.88206481933594,55.366153717041016
2018-04-18,14.854338645935059,39.8842658996582,55.32444381713867,127.8499984741211,83.17879486083984,85.80886840820312,157.6756134033203,237.73683166503906,94.12309265136719,55.24958419799805
2018-04-19,14.795157432556152,39.652278900146484,55.115806579589844,127.5999984741211,82.95087432861328,85.48444366455078,156.2261199951172,236.4180145263672,93.35633087158203,54.4482421875
2018-04-20,14.769794464111328,39.15517807006836,54.90714645385742,126.62999725341797,82.67411041259766,85.13790130615234,153.7535858154297,234.41334533691406,92.68347930908203,53.94556427001953
2018-04-23,14.76133918762207,38.84034729003906,54.83759307861328,125.62000274658203,82.59274291992188,85.1010513305664,153.365234375,234.37823486328125,92.70692443847656,53.90186309814453
2018-04-24,14.685251235961914,38.65806198120117,54.61347579956055,126.2300033569336,82.49506378173828,84.850341796875,150.11582946777344,231.22169494628906,92.28443145751953,54.10585021972656
2018-04-25,14.710614204406738,38.359806060791016,54.5207405090332,125.41000366210938,82.31598663330078,84.5849380493164,150.29579162597656,231.79327392578125,91.6663818359375,54.003849029541016
2018-04-26,14.786704063415527,38.914913177490234,54.79123306274414,124.97000122070312,82.55205535888672,84.83560943603516,153.45993041992188,234.1495819091797,92.30789947509766,54.71051025390625
2018-04-27,14.77824878692627,39.15517807006836,54.84532928466797,125.5,82.6904296875,85.02732849121094,153.5546112060547,234.3694305419922,93.01990509033203,55.650264739990234
2018-04-30,14.845884323120117,38.87348175048828,54.667572021484375,124.58999633789062,82.77996063232422,84.95357513427734,152.46524047851562,232.5669708251953,93.1842269897461,55.431732177734375
2018-05-01,14.76133918762207,38.68293380737305,54.47438430786133,123.70999908447266,82.65027618408203,84.72364807128906,154.208251953125,232.9801788330078,92.84862518310547,55.93439483642578
2018-05-02,14.76133918762207,38.37637710571289,54.451202392578125,123.6500015258789,82.66658782958984,84.65707397460938,153.29885864257812,231.41517639160156,92.7466812133789,55.73039245605469
2018-05-03,14.854338645935059,38.29353713989258,54.6212158203125,124.27999877929688,82.87861633300781,84.6718521118164,153.27992248535156,230.90521240234375,93.16228485107422,55.6939697265625
2018-05-04,14.955791473388672,38.4675178527832,54.81440353393555,124.54000091552734,82.88676452636719,84.79017639160156,156.1882781982422,233.8946075439453,93.30339050292969,56.3059196472168
2018-05-07,14.947338104248047,38.24382019042969,54.822147369384766,124.56999969482422,82.84603118896484,84.69406127929688,157.4861297607422,234.68594360351562,93.1544418334961,56.684730529785156
2018-05-08,14.989607810974121,38.459228515625,54.829872131347656,124.58999633789062,82.70735931396484,84.66446685791016,157.32505798339844,234.68594360351562,93.06816101074219,56.4006233215332
2018-05-09,15.124878883361816,38.53379821777344,54.96125793457031,124.33000183105469,82.5197982788086,84.64967346191406,159.03982543945312,236.95431518554688,92.51143646240234,56.77946090698242
2018-05-10,15.200968742370605,39.33744812011719,55.31671905517578,125.18000030517578,82.69110870361328,85.07854461669922,160.68812561035156,239.1699981689453,93.25634765625,57.223838806152344
2018-05-11,15.107970237731934,39.27116775512695,55.46355438232422,125.0,82.69921875,85.22645568847656,160.53659057617188,239.89981079101562,93.49159240722656,57.02716064453125
2018-05-14,15.217878341674805,39.32088088989258,55.56401824951172,124.48999786376953,82.5197982788086,85.07115936279297,160.8113250732422,240.01409912109375,92.99756622314453,56.53902816772461
2018-05-15,15.234784126281738,38.50893783569336,55.16215896606445,122.4800033569336,82.06314086914062,84.4278564453125,159.0303192138672,238.36114501953125,91.93901824951172,55.62112808227539
2018-05-16,15.319330215454102,39.088897705078125,55.23944854736328,122.29000091552734,81.8918228149414,84.3169174194336,160.0818328857422,239.36338806152344,91.586181640625,55.45359420776367
2018-05-17,15.336238861083984,38.49237060546875,55.32444381713867,122.36000061035156,81.84292602539062,84.1542739868164,159.466064453125,239.16128540039062,91.12351989746094,55.1767463684082
2018-05-18,15.344693183898926,38.16926193237305,55.12354278564453,122.41000366210938,82.16099548339844,84.50179290771484,158.6418914794922,238.56336975097656,91.9076156616211,55.24958419799805
2018-05-21,15.463055610656738,38.40122985839844,55.47128677368164,122.4800033569336,82.21806335449219,84.55353546142578,159.53244018554688,240.35691833496094,91.95464324951172,55.90524673461914
2018-05-22,15.479961395263672,38.53379821777344,55.4017333984375,122.41000366210938,82.18546295166016,84.46482849121094,159.32400512695312,239.688720703125,91.81354522705078,55.985374450683594
2018-05-23,15.564505577087402,38.5172233581543,54.79123306274414,122.54000091552734,82.56059265136719,84.82716369628906,160.669189453125,240.34812927246094,92.48004150390625,56.546329498291016
2018-05-24,15.463055610656738,38.31010055541992,54.6212158203125,123.58999633789062,82.77257537841797,85.0637435913086,160.62184143066406,239.85574340820312,93.21710205078125,56.42976760864258
2018-05-25,15.234784126281738,38.4675178527832,54.26572036743164,123.20999908447266,83.0987777709961,85.3151626586914,160.78289794921875,239.2843475341797,93.79740905761719,56.62646484375
2018-05-29,15.09106159210205,37.572731018066406,53.16062545776367,123.19000244140625,83.99586486816406,85.76622009277344,160.07232666015625,236.53228759765625,95.8518295288086,56.89599609375
2018-05-30,15.28551197052002,37.87098693847656,53.97206115722656,123.37000274658203,83.63702392578125,85.43345642089844,161.21865844726562,239.688720703125,95.20881652832031,57.668243408203125
2018-05-31,15.243241310119629,37.85441970825195,53.63203811645508,123.0999984741211,83.59627532958984,85.39653778076172,161.1144561767578,238.22036743164062,95.05195617675781,57.47150421142578
2018-06-01,15.141788482666016,38.38466262817383,54.095703125,122.48999786376953,83.28739929199219,85.23260498046875,163.64385986328125,240.55921936035156,94.54976654052734,57.72650909423828
2018-06-04,14.964247703552246,38.77406692504883,54.25800323486328,122.37000274658203,82.99320983886719,85.03970336914062,165.12167358398438,241.7022247314453,93.86599731445312,58.22917938232422
2018-06-05,14.989607810974121,38.47580337524414,54.1729850769043,122.8499984741211,83.2057113647461,85.09908294677734,165.63328552246094,241.87806701660156,94.08606719970703,58.07618713378906
2018-06-06,15.040335655212402,39.055763244628906,54.65985107421875,122.91999816894531,82.87067413330078,84.78754425048828,166.59954833984375,243.90028381347656,93.32369995117188,58.2146110534668
2018-06-07,15.099516868591309,38.459228515625,54.350738525390625,122.86000061035156,83.22197723388672,85.06941223144531,165.24485778808594,243.87391662597656,94.2275390625,58.2146110534668
2018-06-08,15.09106159210205,38.38466262817383,54.412559509277344,123.01000213623047,83.10765075683594,84.92847442626953,165.25433349609375,244.59486389160156,93.94458770751953,58.42584991455078
2018-06-11,15.08260726928711,38.38466262817383,54.760311126708984,123.2300033569336,83.02590942382812,84.84688568115234,165.69955444335938,244.9202423095703,93.77169036865234,58.33843994140625
2018-06-12,15.074151039123535,38.285247802734375,54.412559509277344,122.81999969482422,82.97691345214844,84.85432434082031,166.57110595703125,245.23667907714844,93.79525756835938,58.68812942504883
2018-06-13,15.133333206176758,38.02840805053711,54.489845275878906,123.19000244140625,82.87882995605469,84.77273559570312,166.56163024902344,244.45420837402344,93.74812316894531,57.544376373291016
2018-06-14,14.964247703552246,37.771568298339844,54.37391662597656,123.37999725341797,83.14031219482422,85.15839385986328,168.24795532226562,245.06971740722656,94.52621459960938,58.090763092041016
2018-06-15,14.600707054138184,37.47330856323242,54.095703125,121.33999633789062,83.2057113647461,85.03970336914062,167.6605987548828,244.75706481933594,94.61266326904297,58.05432891845703
2018-06-18,14.727522850036621,37.01763916015625,53.70930862426758,121.11000061035156,83.24652862548828,84.95072937011719,167.56370544433594,244.25364685058594,94.52621459960938,58.070491790771484
2018-06-19,14.575345039367676,36.609012603759766,53.21593475341797,120.80000305175781,83.4671630859375,84.9952163696289,167.08905029296875,243.31747436523438,95.07637023925781,58.011688232421875
2018-06-20,14.558436393737793,36.767452239990234,53.25532531738281,120.26000213623047,83.1975326538086,84.52052307128906,168.2757568359375,243.73257446289062,94.24325561523438,58.65869903564453
2018-06-21,14.448528289794922,36.250431060791016,52.87702941894531,120.05000305175781,83.41814422607422,84.45374298095703,166.81373596191406,242.20465087890625,94.7383804321289,58.93810272216797
2018-06-22,14.735977172851562,36.62568664550781,53.43661880493164,120.33999633789062,83.43448638916016,84.55758666992188,166.44349670410156,242.646240234375,94.73050689697266,59.40132522583008
2018-06-25,14.566888809204102,36.13367462158203,52.695743560791016,119.88999938964844,83.5488510131836,84.47602081298828,162.6934356689453,239.34315490722656,94.94274139404297,59.24690628051758
2018-06-26,14.710614204406738,35.99190902709961,52.790340423583984,119.26000213623047,83.58973693847656,84.75786590576172,163.35800170898438,239.87310791015625,95.07637023925781,59.438079833984375
2018-06-27,14.786704063415527,35.29975891113281,52.293792724609375,118.58000183105469,83.90837097167969,85.04712677001953,161.1365203857422,237.88597106933594,95.97235870361328,59.21015167236328
2018-06-28,14.77824878692627,35.59996795654297,52.49082565307617,118.22000122070312,83.82667541503906,84.93587493896484,162.52261352539062,239.2459716796875,95.99594116210938,59.73955154418945
2018-06-29,14.947338104248047,36.13367462158203,52.78244400024414,118.6500015258789,83.76129913330078,84.98036193847656,162.95928955078125,239.5904083251953,95.66583251953125,59.8865966796875
2018-07-02,14.634525299072266,35.77509307861328,52.30168151855469,117.45999908447266,83.70399475097656,84.9915771484375,164.0510711669922,240.10263061523438,95.59099578857422,59.55571365356445
2018-07-03,14.617616653442383,35.80010986328125,52.45930862426758,118.6500015258789,83.91683959960938,85.30399322509766,162.15235900878906,239.25477600097656,96.10302734375,60.004215240478516
2018-07-05,14.70215892791748,35.7083854675293,52.979488372802734,119.05000305175781,83.92503356933594,85.57183837890625,164.1649932861328,241.2067108154297,96.37866973876953,60.7174186706543
2018-07-06,14.769794464111328,36.20038986206055,53.26321029663086,118.86000061035156,83.99869537353516,85.69091033935547,166.7188262939453,243.24681091308594,96.69380950927734,61.04093551635742
2018-07-09,14.845884323120117,36.85084915161133,53.7755126953125,119.1500015258789,83.78587341308594,85.75041198730469,168.2188262939453,245.43714904785156,96.07148742675781,60.555667877197266
2018-07-10,14.812066078186035,36.767452239990234,53.75187683105469,118.93000030517578,83.72034454345703,85.65369415283203,168.34219360351562,246.32037353515625,96.06361389160156,60.68064880371094
2018-07-11,14.29634952545166,36.05028533935547,52.85337829589844,117.63999938964844,83.89229583740234,85.82479858398438,167.48782348632812,244.5186309814453,96.43384552001953,60.48215866088867
2018-07-12,14.37243938446045,36.542301177978516,53.26321029663086,118.12999725341797,83.85955047607422,86.01081848144531,170.37391662597656,246.7354736328125,96.42598724365234,60.66596603393555
2018-07-13,14.39780330657959,36.56731414794922,53.42873764038086,117.61000061035156,83.99869537353516,86.07772064208984,170.5162353515625,246.9296875,96.67019653320312,60.48215866088867
2018-07-16,14.09344482421875,36.3671760559082,53.40507888793945,117.55000305175781,83.85955047607422,85.93640899658203,170.10804748535156,246.70887756347656,96.2684097290039,60.158634185791016
2018-07-17,14.11035442352295,36.63402557373047,53.49966049194336,116.27999877929688,83.8104248046875,85.87687683105469,171.1428985595703,247.70681762695312,96.08727264404297,59.761600494384766
2018-07-18,14.237171173095703,36.59232711791992,53.50754928588867,116.30999755859375,83.74495697021484,85.8619613647461,170.820068359375,248.2279815673828,95.7012710571289,59.49690246582031
2018-07-19,14.220260620117188,36.14201736450195,53.39719772338867,115.80999755859375,83.97412872314453,85.99591064453125,169.96566772460938,247.2918243408203,96.30779266357422,60.19539260864258
2018-07-20,14.321714401245117,36.65903854370117,53.6494140625,116.55999755859375,83.67948913574219,85.7429428100586,169.92767333984375,247.00914001464844,95.12620544433594,59.61455535888672
2018-07-23,14.37243938446045,36.41720962524414,53.6494140625,116.0,83.2701416015625,85.4007339477539,170.46885681152344,247.4684295654297,93.95249938964844,59.48956298828125
2018-07-24,14.448528289794922,36.950931549072266,53.96467208862305,116.04000091552734,83.32743835449219,85.6685562133789,171.17137145996094,248.71368408203125,94.27549743652344,59.1880989074707
2018-07-25,14.64297866821289,37.55133056640625,54.366634368896484,116.68000030517578,83.2701416015625,85.78015899658203,173.56378173828125,250.8333740234375,94.12578582763672,59.658653259277344
2018-07-26,14.64297866821289,37.134376525878906,54.122314453125,115.7699966430664,83.1800765991211,85.8619613647461,170.93402099609375,250.24163818359375,93.94463348388672,59.857173919677734
2018-07-27,14.5837984085083,37.2678108215332,54.22476577758789,115.83000183105469,83.31107330322266,85.9736099243164,168.62701416015625,248.54595947265625,94.10218811035156,59.21750259399414
2018-07-30,14.668343544006348,37.20943069458008,54.21687698364258,115.6500015258789,83.20467376708984,85.85454559326172,166.2440643310547,247.24774169921875,93.7791976928711,59.2542610168457
2018-07-31,14.5837984085083,37.409568786621094,54.28781509399414,115.98999786376953,83.31929779052734,86.12240600585938,167.51629638671875,248.46646118164062,94.29122924804688,60.24687194824219
2018-08-01,14.37243938446045,37.07600402832031,54.011966705322266,115.13999938964844,83.12239074707031,85.81871795654297,168.15240478515625,248.05130004882812,93.52305603027344,60.67331314086914
2018-08-02,14.45698356628418,36.583988189697266,53.65727996826172,114.5199966430664,83.2208480834961,85.92313385009766,170.4403533935547,249.40252685546875,93.65729522705078,60.43067932128906
2018-08-03,14.507709503173828,36.86751937866211,53.68881607055664,114.91999816894531,83.43411254882812,86.19178771972656,170.9624786376953,250.47129821777344,94.123046875,61.085060119628906
2018-08-06,14.533073425292969,36.583988189697266,53.46025848388672,114.33000183105469,83.47510528564453,86.27387237548828,171.9688262939453,251.38980102539062,94.17832946777344,61.004173278808594
2018-08-07,14.64297866821289,36.95925521850586,53.87798309326172,114.58999633789062,83.30281829833984,86.00529479980469,172.59539794921875,252.21998596191406,93.6888656616211,60.893882751464844
2018-08-08,14.465437889099121,36.90922164916992,53.830692291259766,114.91000366210938,83.37665557861328,85.87091827392578,172.80422973632812,252.1140899658203,93.78360748291016,60.54094314575195
2018-08-09,14.406255722045898,36.800811767578125,53.67305374145508,114.73999786376953,83.60635375976562,85.9381103515625,172.69979858398438,251.76956176757812,94.5730972290039,60.570377349853516
2018-08-10,14.406255722045898,36.016929626464844,52.60116958618164,114.69000244140625,83.96723175048828,86.07986450195312,171.38023376464844,250.08262634277344,95.25993347167969,60.10714340209961
2018-08-13,14.330166816711426,35.42484664916992,52.412017822265625,112.95999908447266,83.942626953125,86.05748748779297,171.19036865234375,249.14651489257812,95.06256866455078,59.98950958251953
2018-08-14,14.35552978515625,35.64167022705078,52.40413284301758,113.06999969482422,83.86061096191406,86.16941833496094,172.26312255859375,250.7361602783203,94.84941101074219,60.283626556396484
2018-08-15,14.042718887329102,34.61594772338867,51.64751052856445,111.19000244140625,84.06564331054688,86.3484878540039,170.15548706054688,248.86392211914062,95.40205383300781,60.746849060058594
2018-08-16,14.15262508392334,34.832763671875,52.01005172729492,111.0999984741211,84.0410385131836,86.46045684814453,170.7156524658203,250.87753295898438,95.3941421508789,61.239463806152344
2018-08-17,14.21180534362793,35.199684143066406,52.317440032958984,112.12999725341797,84.0738754272461,86.5350341796875,170.75363159179688,251.76080322265625,95.5125961303711,61.80558776855469
2018-08-20,14.237171173095703,35.35813522338867,52.60116958618164,112.69000244140625,84.33636474609375,86.75889587402344,170.60171508789062,252.2995147705078,96.15206146240234,61.849727630615234
2018-08-21,14.262533187866211,35.80845260620117,52.924320220947266,113.0199966430664,84.22150421142578,86.54248809814453,171.2283172607422,252.89122009277344,95.82836151123047,61.474735260009766
2018-08-22,14.465437889099121,36.09198760986328,53.12923812866211,113.2699966430664,84.37734985351562,86.5350341796875,171.89285278320312,252.74102783203125,96.20732879638672,61.12916564941406
2018-08-23,14.44007396697998,35.50823974609375,52.75092315673828,112.19999694824219,84.36917114257812,86.56489562988281,171.6460418701172,252.40548706054688,96.35731506347656,60.97475051879883
2018-08-24,14.549980163574219,36.167030334472656,53.05829620361328,114.16000366210938,84.39378356933594,86.73649597167969,173.24095153808594,253.9244842529297,96.54681396484375,61.33503723144531
2018-08-27,14.600707054138184,36.68406677246094,53.767635345458984,114.58999633789062,84.2051010131836,86.60215759277344,175.0067901611328,255.92938232421875,95.99417114257812,61.11446762084961
2018-08-28,14.54152774810791,36.55063247680664,53.72035598754883,113.68000030517578,84.0164566040039,86.27387237548828,175.2631072998047,256.0530090332031,95.41786193847656,61.937965393066406
2018-08-29,14.70215892791748,36.77579879760742,54.011966705322266,114.19999694824219,83.99185943603516,86.18435668945312,177.2852783203125,257.4307861328125,95.54414367675781,61.952659606933594
2018-08-30,14.676795959472656,35.81678771972656,53.49966049194336,113.63999938964844,84.14765930175781,86.26641082763672,176.9720001220703,256.3885803222656,95.74944305419922,61.55560302734375
2018-08-31,14.693704605102539,36.00025177001953,53.07405471801758,113.51000213623047,84.1640853881836,86.13954162597656,177.19981384277344,256.3973693847656,95.52835845947266,61.79826736450195
2018-09-04,14.609163284301758,35.29975891113281,52.624813079833984,112.93000030517578,83.97174072265625,85.98091125488281,176.44036865234375,255.9559326171875,94.97606658935547,61.0629997253418
2018-09-05,14.549980163574219,34.79106903076172,52.144046783447266,113.31999969482422,83.96356964111328,85.92852783203125,174.16184997558594,255.26695251464844,94.72283172607422,61.415916442871094
2018-09-06,14.465437889099121,34.824424743652344,51.986412048339844,113.54000091552734,84.13615417480469,86.16796112060547,172.6049346923828,254.49855041503906,95.07102966308594,61.59238052368164
2018-09-07,14.499255180358887,34.6493034362793,51.56869125366211,113.2300033569336,83.75807189941406,85.80875396728516,171.94029235839844,254.00404357910156,94.26390838623047,60.923309326171875
2018-09-10,14.549980163574219,34.307395935058594,51.883949279785156,113.1500015258789,83.80738067626953,86.09313201904297,172.5194549560547,254.4455108642578,94.61209106445312,61.19535446166992
2018-09-11,14.693704605102539,34.382442474365234,51.931236267089844,113.22000122070312,83.50328826904297,85.89854431152344,173.84857177734375,255.28463745117188,93.89202117919922,61.187984466552734
2018-09-12,14.795157432556152,34.55756759643555,52.15192794799805,114.16999816894531,83.6019058227539,86.0707015991211,173.33592224121094,255.34649658203125,94.11360931396484,61.21739196777344
2018-09-13,14.634525299072266,35.02457046508789,52.538124084472656,113.76000213623047,83.5937271118164,86.2503433227539,175.1871795654297,256.8567199707031,94.25603485107422,61.51885223388672
2018-09-14,14.54152774810791,34.991214752197266,52.61693572998047,113.0199966430664,83.43756866455078,86.14556884765625,174.67453002929688,256.9008483886719,93.80496978759766,61.12916564941406
2018-09-17,14.524618148803711,34.67432403564453,52.66422653198242,113.61000061035156,83.4539566040039,86.09313201904297,172.15867614746094,255.54074096679688,93.80496978759766,61.32767868041992
2018-09-18,14.65988826751709,35.00788497924805,53.21593475341797,113.44000244140625,83.1087875366211,85.74136352539062,173.582763671875,256.9273681640625,92.82377624511719,61.03357696533203
2018-09-19,14.752886772155762,35.49155807495117,53.40507888793945,113.87999725341797,82.96903228759766,85.61412811279297,173.4498291015625,257.2011413574219,92.26993560791016,60.32038879394531
2018-09-20,14.752886772155762,35.88350296020508,54.0671272277832,114.2699966430664,82.97733306884766,85.83867645263672,175.36758422851562,259.2854309082031,92.69721984863281,60.88652038574219
2018-09-21,14.786704063415527,36.05028533935547,54.09077835083008,113.48999786376953,83.01014709472656,85.85366821289062,174.40870666503906,259.048583984375,92.6576156616211,60.86446762084961
2018-09-24,15.006518363952637,35.64167022705078,53.84645462036133,113.47000122070312,82.91976165771484,85.65902709960938,174.89376831054688,258.1880187988281,92.42029571533203,59.77150344848633
2018-09-25,15.040335655212402,35.78343963623047,54.114418029785156,113.6500015258789,82.83758544921875,85.65902709960938,175.1315155029297,257.9483947753906,92.32532501220703,59.7789306640625
2018-09-26,14.972699165344238,35.858489990234375,54.138065338134766,113.05000305175781,83.1087875366211,85.96591186523438,175.25518798828125,257.1766052246094,92.97415924072266,59.06319808959961
2018-09-27,15.040335655212402,36.03361129760742,54.02772903442383,112.05000305175781,83.1087875366211,86.07815551757812,176.7388153076172,257.89520263671875,93.03742980957031,59.34651565551758
2018-09-28,15.192513465881348,35.791770935058594,53.58636474609375,112.76000213623047,83.14988708496094,86.0182876586914,176.7007598876953,257.9219055175781,92.79215240478516,60.15174102783203
2018-10-01,15.479961395263672,35.80010986328125,53.6494140625,112.56999969482422,82.93904113769531,85.89969635009766,177.06219482421875,258.81793212890625,92.11097717285156,59.59253692626953
2018-10-02,15.530688285827637,35.349788665771484,53.373565673828125,113.87000274658203,83.15323638916016,85.9747543334961,176.66275024414062,258.66705322265625,92.67401123046875,59.458343505859375
2018-10-03,15.674413681030273,35.05792236328125,53.27897644042969,113.41999816894531,82.53551483154297,85.47175598144531,176.8529510498047,258.80908203125,91.06414794921875,58.82463073730469
2018-10-04,15.505326271057129,34.18231201171875,52.656341552734375,113.4800033569336,82.32138061523438,85.11893463134766,173.45761108398438,256.7862854003906,90.42178344726562,58.332542419433594
2018-10-05,15.47150707244873,34.057228088378906,52.34109115600586,113.80000305175781,82.12373352050781,84.78858947753906,171.33670043945312,255.3489227294922,89.64458465576172,58.3027229309082
2018-10-08,15.429235458374023,34.10725021362305,52.08888626098633,112.54000091552734,82.15674591064453,84.69854736328125,170.29049682617188,255.3489227294922,89.34325408935547,59.14521408081055
2018-10-09,15.539144515991211,33.982173919677734,51.95488739013672,112.5999984741211,82.31316375732422,84.93876647949219,170.8421630859375,254.9763641357422,90.24732208251953,59.22723388671875
2018-10-10,15.234784126281738,32.97312927246094,50.85148239135742,112.87999725341797,82.35431671142578,84.70600891113281,163.32864379882812,246.903076171875,90.00146484375,58.34746170043945
2018-10-11,15.006518363952637,32.639556884765625,50.14214324951172,115.77999877929688,82.69202423095703,85.05886840820312,161.30284118652344,241.464599609375,91.09581756591797,56.67741394042969
2018-10-12,15.124878883361816,33.598567962646484,50.32341003417969,115.2300033569336,82.59317779541016,85.0738525390625,165.7919158935547,244.8181915283203,90.77862548828125,56.528316497802734
2018-10-15,15.158698081970215,33.2399787902832,50.20519256591797,116.0,82.64259338378906,84.91619873046875,163.78517150878906,243.4429931640625,90.73896789550781,56.90855026245117
2018-10-16,15.22633171081543,34.07390213012695,51.06428527832031,115.80000305175781,82.63432312011719,85.1339340209961,168.550048828125,248.76614379882812,90.94510650634766,58.079063415527344
2018-10-17,15.09106159210205,33.65693664550781,50.77265930175781,115.79000091552734,82.39551544189453,84.71354675292969,168.61660766601562,248.8105010986328,90.40594482421875,57.85540771484375
2018-10-18,14.92197322845459,32.772979736328125,49.95298767089844,115.91999816894531,82.54379272460938,84.71354675292969,164.70767211914062,245.2174072265625,90.37419128417969,57.74355697631836
2018-10-19,15.006518363952637,33.0815315246582,50.23672866821289,116.01000213623047,82.4449462890625,84.6084213256836,164.55552673339844,245.08428955078125,90.17595672607422,58.243080139160156
2018-10-22,15.02342700958252,33.440120697021484,50.016029357910156,115.70999908447266,82.4614028930664,84.5032958984375,165.40203857421875,243.98416137695312,90.05696868896484,57.43043518066406
2018-10-23,14.693704605102539,33.07320022583008,49.54315185546875,116.38999938964844,82.675537109375,84.6233901977539,164.79330444335938,242.74215698242188,90.34242248535156,57.68390655517578
2018-10-24,14.592253684997559,32.00577926635742,48.14024353027344,116.66000366210938,83.12026977539062,84.74353790283203,157.25125122070312,235.3873748779297,91.02446746826172,58.228172302246094
2018-10-25,14.651433944702148,32.62287902832031,48.74711227416992,116.4000015258789,82.92259216308594,84.63846588134766,162.69137573242188,239.61041259765625,90.64384460449219,58.97373962402344
2018-10-26,14.76133918762207,32.247615814208984,48.41609573364258,116.7699966430664,83.29320526123047,84.78106689453125,158.5066680908203,235.3962860107422,91.1910171508789,57.55717086791992
2018-10-29,14.609163284301758,31.688894271850586,48.282108306884766,116.30999755859375,83.284912109375,84.68350219726562,155.24447631835938,234.0920867919922,90.98483276367188,58.28782272338867
2018-10-30,14.533073425292969,32.30598831176758,48.86533737182617,115.80000305175781,83.10374450683594,84.49578094482422,157.80288696289062,237.56097412109375,90.53280639648438,59.0855598449707
2018-10-31,14.338622093200684,32.6562385559082,49.22789764404297,115.1500015258789,82.89788055419922,84.25556182861328,161.5120391845703,240.09841918945312,90.07283020019531,58.3922119140625
2018-11-01,14.237171173095703,33.82372283935547,49.8584098815918,116.62999725341797,82.96885681152344,84.51087951660156,163.64251708984375,242.65341186523438,90.15634155273438,58.668052673339844
2018-11-02,14.203351020812988,34.0405387878418,49.92934036254883,116.6500015258789,82.50667572021484,84.17196655273438,161.0936279296875,241.21620178222656,89.035400390625,58.183441162109375
2018-11-05,14.194896697998047,34.13227462768555,49.92934036254883,116.37000274658203,82.55619049072266,84.3226089477539,160.6941375732422,242.5469970703125,89.38522338867188,59.048301696777344
2018-11-06,14.135716438293457,34.07390213012695,50.13426971435547,116.04000091552734,82.46540069580078,84.46574401855469,161.91152954101562,244.08184814453125,89.32957458496094,59.34651565551758
2018-11-07,14.101899147033691,34.71601867675781,50.80418395996094,116.02999877929688,82.46540069580078,84.68414306640625,166.99026489257812,249.30734252929688,89.44881439208984,60.05479431152344
2018-11-08,14.017355918884277,33.81538009643555,50.30765151977539,115.77999877929688,82.34986877441406,84.43560028076172,165.92510986328125,248.85482788085938,89.44081115722656,60.09952926635742
2018-11-09,13.8651762008667,33.189945220947266,49.97663116455078,114.4800033569336,82.6717758178711,84.49584197998047,163.12890625,246.42391967773438,90.10858917236328,60.092098236083984
2018-11-12,13.831358909606934,32.72295379638672,49.15694808959961,113.66000366210938,82.91934204101562,84.48832702636719,158.19281005859375,241.81947326660156,90.6968994140625,60.21137237548828
2018-11-13,13.450911521911621,33.098209381103516,49.3697509765625,113.69999694824219,82.98536682128906,84.37532806396484,158.32594299316406,241.36703491210938,90.6412582397461,60.15174102783203
2018-11-14,13.5692720413208,33.29835891723633,49.40916061401367,114.63999938964844,83.15869140625,84.14939880371094,157.11810302734375,239.71685791015625,90.6968994140625,60.00262451171875
2018-11-15,13.54391098022461,34.0405387878418,49.56678771972656,114.7699966430664,83.21644592285156,83.99120330810547,159.86672973632812,242.2186737060547,90.65711975097656,59.59253692626953
2018-11-16,13.62845516204834,34.10725021362305,49.62195587158203,115.62000274658203,83.4722900390625,84.15692138671875,159.3055877685547,242.8486785888672,91.18181610107422,60.233734130859375
2018-11-19,13.62845516204834,33.64860153198242,49.18848419189453,115.66999816894531,83.59613037109375,84.07404327392578,154.13168334960938,238.74093627929688,91.43621063232422,60.31575012207031
2018-11-20,13.214189529418945,32.923091888427734,48.337276458740234,115.66999816894531,83.57960510253906,83.87067413330078,151.37359619140625,234.32278442382812,91.46798706054688,59.696937561035156
2018-11-21,13.3240966796875,33.53185272216797,49.01508712768555,115.86000061035156,83.56309509277344,84.05147552490234,152.52438354492188,235.1212158203125,91.43621063232422,59.74911117553711
2018-11-23,12.935194969177246,33.139915466308594,48.69193649291992,115.7699966430664,83.61259460449219,84.0890884399414,151.421142578125,233.55088806152344,91.53155517578125,59.62983322143555
2018-11-26,12.994376182556152,33.54852294921875,49.424922943115234,115.63999938964844,83.54655456542969,84.12675476074219,154.9210968017578,237.32142639160156,91.32490539550781,59.74164962768555
2018-11-27,12.943649291992188,33.78203201293945,49.23576736450195,114.94999694824219,83.62915802001953,84.0213394165039,155.44419860839844,238.11990356445312,91.42822265625,59.995155334472656
2018-11-28,12.90137767791748,34.59092330932617,49.93722152709961,115.37999725341797,83.62088012695312,84.24730682373047,160.44686889648438,243.60272216796875,90.98309326171875,60.531951904296875
2018-11-29,12.985921859741211,34.29072189331055,49.68500900268555,115.73999786376953,83.83545684814453,84.00623321533203,159.92381286621094,243.0704345703125,91.34082794189453,60.54685974121094
2018-11-30,12.926740646362305,34.25736618041992,49.47221374511719,115.54000091552734,84.00052642822266,83.95354461669922,161.08409118652344,244.5519256591797,91.6826171875,61.12095260620117
2018-12-03,13.222644805908203,34.94951629638672,50.12637710571289,116.41000366210938,84.18409729003906,84.26558685302734,163.8992919921875,247.7902069091797,92.33363342285156,61.44898223876953
2018-12-04,13.231097221374512,34.20732116699219,48.825931549072266,117.12000274658203,84.57282257080078,84.28070068359375,157.6126708984375,239.7611846923828,93.8794174194336,60.539405822753906
2018-12-06,13.12119197845459,33.890445709228516,48.36880111694336,117.13999938964844,84.787841796875,84.53758239746094,158.72540283203125,239.39755249023438,94.17422485351562,62.03798294067383
2018-12-07,13.273370742797852,33.25666046142578,47.88015365600586,118.08999633789062,85.03593444824219,84.54518127441406,153.4849853515625,233.83480834960938,94.34957122802734,61.225318908691406
2018-12-10,13.062010765075684,32.90641403198242,47.50971221923828,117.68000030517578,85.08560180664062,84.80207061767578,155.09228515625,234.27842712402344,94.7399673461914,60.83016586303711
2018-12-11,13.13809871673584,33.15658950805664,47.65946578979492,117.54000091552734,84.87052917480469,84.95319366455078,155.60586547851562,234.3315887451172,94.72403717041016,60.86001205444336
2018-12-12,13.095829010009766,33.69864273071289,48.36091995239258,117.79000091552734,84.63895416259766,85.04385375976562,156.97544860839844,235.51161193847656,94.3017578125,59.920616149902344
2018-12-13,13.264913558959961,33.69029235839844,48.27422332763672,117.52999877929688,84.6886215209961,85.27056121826172,157.0229949951172,235.43174743652344,94.07862091064453,60.266910552978516
2018-12-14,13.062010765075684,33.2149658203125,47.651580810546875,117.05999755859375,84.82093811035156,85.17989349365234,153.19964599609375,231.08456420898438,94.40531158447266,60.0933723449707
2018-12-17,12.909832000732422,32.90641403198242,47.273277282714844,117.87000274658203,85.06903839111328,85.27056121826172,149.72824096679688,226.55104064941406,94.955078125,57.82996368408203
2018-12-18,12.639291763305664,33.12987518310547,47.3115119934082,118.1500015258789,85.27867126464844,85.57526397705078,150.66983032226562,226.30259704589844,95.52378845214844,58.42600631713867
2018-12-19,12.690018653869629,32.579681396484375,46.8574333190918,117.43000030517578,85.57704162597656,85.50704956054688,146.97006225585938,222.91354370117188,96.78572845458984,57.78468704223633
2018-12-20,12.571657180786133,32.833621978759766,46.6662483215332,119.23999786376953,85.46929168701172,85.22661590576172,144.8396759033203,219.28504943847656,96.43424987792969,56.91706466674805
2018-12-21,12.461750030517578,32.605079650878906,45.85369110107422,118.72000122070312,85.54393005371094,85.14323425292969,140.35060119628906,214.79193115234375,96.41830444335938,56.12487030029297
2018-12-24,12.323866844177246,32.300357818603516,45.31995391845703,120.0199966430664,85.75940704345703,84.94615173339844,136.87017822265625,209.1165313720703,96.89752197265625,54.125526428222656
2018-12-26,12.597921371459961,32.94365310668945,46.371498107910156,119.66000366210938,85.35331726074219,84.87796020507812,145.41622924804688,219.68211364746094,95.85920715332031,55.936256408691406
2018-12-27,12.478022575378418,32.90134048461914,46.50692367553711,120.56999969482422,85.56877136230469,84.87796020507812,145.9789581298828,221.36868286132812,95.87519073486328,55.92871856689453
2018-12-28,12.375252723693848,33.21452713012695,46.75387191772461,121.05999755859375,86.03284454345703,85.27965545654297,145.90269470214844,221.08314514160156,96.681884765625,56.109779357910156
2018-12-31,12.40950870513916,33.06215286254883,46.8255729675293,121.25,86.3560791015625,85.51464080810547,147.13304138183594,223.01956176757812,97.04927062988281,56.26066207885742
2019-01-02,12.443766593933105,33.14680480957031,46.72997283935547,121.33000183105469,86.53841400146484,85.7799072265625,147.72439575195312,223.25157165527344,97.56044006347656,55.0384521484375
2019-01-03,12.54653549194336,32.545833587646484,46.307769775390625,122.43000030517578,87.22627258300781,85.81781005859375,142.89816284179688,217.9241943359375,98.67062377929688,55.4232177734375
2019-01-04,12.717820167541504,33.59541320800781,47.72575759887695,121.44000244140625,86.5218505859375,85.76475524902344,149.0120086669922,225.2237091064453,97.52847290039062,56.072044372558594
2019-01-07,12.812026023864746,33.67159652709961,47.90898513793945,121.86000061035156,86.28154754638672,85.77232360839844,150.78611755371094,226.99948120117188,97.240966796875,56.62281036376953
2019-01-08,12.940486907958984,33.79856872558594,48.219661712646484,121.52999877929688,86.0660171508789,85.96183013916016,152.15000915527344,229.13223266601562,96.98538208007812,57.792240142822266
2019-01-09,13.197413444519043,34.3995475769043,48.761356353759766,122.30999755859375,86.11573028564453,86.2877426147461,153.38999938964844,230.20314025878906,96.83364868164062,57.70924377441406
2019-01-10,13.16315746307373,34.645015716552734,48.95255661010742,121.58999633789062,86.07428741455078,86.06034088134766,153.8287353515625,231.01515197753906,96.21064758300781,58.49388885498047
2019-01-11,13.120336532592773,34.47572326660156,48.61796951293945,121.80000305175781,86.33122253417969,86.21952819824219,153.2659912109375,231.10438537597656,96.58602905273438,58.659881591796875
2019-01-14,13.009001731872559,34.18792724609375,48.394920349121094,122.08999633789062,86.28154754638672,85.99212646484375,151.91162109375,229.69442749023438,96.22665405273438,58.46370315551758
2019-01-15,13.111773490905762,34.424930572509766,48.64983367919922,121.87999725341797,86.19862365722656,86.04521179199219,154.8779296875,232.32691955566406,95.87519073486328,59.02202224731445
2019-01-16,13.180285453796387,34.84815216064453,48.78527069091797,122.2699966430664,86.1489028930664,86.21196746826172,154.8493194580078,232.88916015625,95.97101593017578,59.436981201171875
2019-01-17,13.188849449157715,35.00051498413086,48.96052169799805,122.11000061035156,85.99143981933594,86.38633728027344,156.0701904296875,234.6559600830078,95.99498748779297,59.72368240356445
2019-01-18,13.325876235961914,35.16980743408203,49.45443344116211,121.0199966430664,85.71794891357422,86.53787994384766,157.61534118652344,237.77923583984375,95.49183654785156,59.927398681640625
2019-01-22,13.231671333312988,34.56037139892578,48.68967056274414,121.44999694824219,86.01628875732422,86.68191528320312,154.45822143554688,234.56678771972656,96.13872528076172,59.74631881713867
2019-01-23,13.214543342590332,34.91587829589844,48.9127311706543,121.27999877929688,85.97488403320312,86.9017105102539,154.65850830078125,235.05758666992188,96.09883117675781,59.75386047363281
2019-01-24,13.248799324035645,35.254451751708984,48.96849060058594,121.08999633789062,86.24833679199219,87.12911987304688,155.66004943847656,235.18246459960938,96.72979736328125,59.95756149291992
2019-01-25,13.317313194274902,35.720001220703125,49.526126861572266,122.86000061035156,86.0494613647461,87.20488739013672,157.51992797851562,237.17242431640625,96.26656341552734,60.70448684692383
2019-01-28,13.13746452331543,35.347564697265625,49.25527572631836,123.29000091552734,86.07428741455078,87.18974304199219,155.57411193847656,235.3698272705078,96.17070007324219,61.300514221191406
2019-01-29,13.2659273147583,35.40681457519531,49.36680221557617,123.9800033569336,86.32295227050781,87.3792495727539,154.10536193847656,235.05758666992188,96.65789794921875,61.78337478637695
2019-01-30,13.360135078430176,36.17708206176758,49.908504486083984,124.69000244140625,86.5218505859375,87.78092956542969,158.02545166015625,238.77870178222656,96.58602905273438,62.28133010864258
2019-01-31,13.291620254516602,36.4818000793457,49.93239974975586,124.75,86.91963958740234,88.39492797851562,160.390869140625,240.87571716308594,97.41667175292969,62.93018341064453
2019-02-01,13.411519050598145,36.19400405883789,49.916465759277344,124.5,86.4545669555664,88.18428802490234,159.71365356445312,240.99179077148438,96.82830047607422,62.53029251098633
2019-02-04,13.420083045959473,36.253257751464844,50.09968566894531,123.95999908447266,86.26353454589844,88.06270599365234,161.697509765625,242.6873321533203,96.3960189819336,62.998085021972656
2019-02-05,13.360135078430176,36.75266647338867,50.49005126953125,124.27999877929688,86.41302490234375,88.42001342773438,163.12826538085938,243.70455932617188,96.83634948730469,63.36021041870117
2019-02-06,13.377262115478516,36.253257751464844,50.2351188659668,123.44000244140625,86.47947692871094,88.25273895263672,162.6417999267578,243.38328552246094,96.88435363769531,62.945281982421875
2019-02-07,13.248799324035645,35.88929748535156,49.56596374511719,123.73999786376953,86.76188659667969,88.23750305175781,160.45762634277344,241.0631561279297,97.5247573852539,63.46583557128906
2019-02-08,13.2659273147583,35.68613815307617,49.4066276550293,124.20999908447266,86.87812805175781,88.4580078125,160.7724151611328,241.35765075683594,97.9410171508789,63.46583557128906
2019-02-11,13.188849449157715,35.5676383972168,49.35883712768555,123.5999984741211,86.74524688720703,88.26036834716797,160.6197509765625,241.49148559570312,97.55677032470703,63.639366149902344
2019-02-12,13.2659273147583,35.863895416259766,49.93239974975586,123.86000061035156,86.62897491455078,88.38202667236328,162.99476623535156,244.59698486328125,97.3086166381836,63.239501953125
2019-02-13,13.343006134033203,35.609962463378906,49.940372467041016,123.37000274658203,86.41302490234375,88.15391540527344,163.10916137695312,245.3910675048828,96.9404067993164,63.563907623291016
2019-02-14,13.377262115478516,35.67768096923828,49.956298828125,124.05999755859375,86.82000732421875,88.25273895263672,163.30950927734375,244.84674072265625,97.49272918701172,63.76762390136719
2019-02-15,13.62562370300293,35.62688446044922,50.68123245239258,124.80000305175781,86.73690795898438,88.35919189453125,163.99623107910156,247.51498413085938,97.6448745727539,64.19766998291016
2019-02-19,13.659880638122559,35.906219482421875,50.87242126464844,126.69999694824219,86.88644409179688,88.41242218017578,164.32052612304688,247.94326782226562,97.89297485351562,64.1825942993164
2019-02-20,13.7027006149292,36.10935974121094,51.01581954956055,126.4800033569336,86.86981964111328,88.33638763427734,164.2919158935547,248.44302368164062,97.61280059814453,63.78271484375
2019-02-21,13.745522499084473,36.033180236816406,50.912254333496094,125.05000305175781,86.6123275756836,88.08550262451172,163.69100952148438,247.55953979492188,96.74022674560547,63.84309005737305
2019-02-22,13.779780387878418,36.43101501464844,51.07954788208008,125.5,86.86981964111328,88.48087310791016,164.90228271484375,249.09451293945312,97.31661987304688,64.22030639648438
2019-02-25,13.574238777160645,36.83730697631836,51.230899810791016,125.37000274658203,86.73690795898438,88.45046997070312,165.5032501220703,249.43348693847656,97.02842712402344,63.714813232421875
2019-02-26,13.634187698364258,36.7103385925293,51.47785949707031,125.58000183105469,86.99439239501953,88.58726501464844,165.6748809814453,249.25503540039062,97.50870513916016,63.51863479614258
2019-02-27,13.7027006149292,36.39716339111328,51.27073669433594,124.69000244140625,86.68708038330078,88.33638763427734,165.5699920654297,249.1479949951172,96.40408325195312,63.20177459716797
2019-02-28,13.668445587158203,35.92314910888672,51.19902801513672,123.98999786376953,86.46287536621094,88.21472930908203,165.18849182128906,248.68394470214844,96.07584381103516,63.36775588989258
2019-03-01,13.514288902282715,35.9654655456543,51.47785949707031,121.87999725341797,86.17913818359375,88.06065368652344,166.33303833007812,250.2366943359375,95.1878662109375,63.17159652709961
2019-03-04,13.557109832763672,36.01625442504883,51.28666305541992,121.55999755859375,86.44539642333984,88.25895690917969,166.3616180419922,249.32650756835938,95.93384552001953,63.458290100097656
2019-03-05,13.62562370300293,36.371768951416016,51.33446502685547,121.72000122070312,86.49530792236328,88.28948211669922,166.4856414794922,248.98739624023438,96.13440704345703,63.6318244934082
2019-03-06,13.548545837402344,36.168609619140625,51.20699691772461,121.61000061035156,86.73664093017578,88.3733901977539,165.5413818359375,247.47926330566406,96.4874038696289,63.33757019042969
2019-03-07,13.514288902282715,35.49992752075195,50.55377960205078,121.51000213623047,87.0278549194336,88.66313934326172,163.50978088378906,245.40899658203125,97.11309051513672,63.20177459716797
2019-03-08,13.505725860595703,35.24598693847656,50.56174087524414,122.83999633789062,87.15261840820312,88.77754974365234,163.2617950439453,244.91819763183594,97.52218627929688,63.26968002319336
2019-03-11,13.52285385131836,35.906219482421875,50.999881744384766,122.23999786376953,87.08609008789062,88.87674713134766,166.65731811523438,248.46981811523438,97.23338317871094,64.19766998291016
2019-03-12,13.608495712280273,36.09244155883789,50.968017578125,122.9800033569336,87.32743835449219,89.12077331542969,167.57290649414062,249.40675354003906,97.91523742675781,64.491943359375
2019-03-13,13.694136619567871,36.1347541809082,51.40615463256836,123.83999633789062,87.29413604736328,88.97586059570312,168.8319549560547,251.05764770507812,97.73078155517578,64.80880737304688
2019-03-14,13.634187698364258,35.94007873535156,51.3981819152832,122.41000366210938,87.16932678222656,88.80043029785156,168.5458526611328,250.89700317382812,97.02482604980469,64.9068832397461
2019-03-15,13.634187698364258,36.464874267578125,51.955833435058594,122.97000122070312,87.44388580322266,89.12077331542969,170.11007690429688,252.13656616210938,97.66658782958984,64.70317077636719
2019-03-18,13.7027006149292,36.87117385864258,52.13905715942383,123.04000091552734,87.32743835449219,89.07498168945312,170.5152130126953,253.05078125,97.61043548583984,64.37873840332031
2019-03-19,13.736958503723145,36.88808822631836,52.24261474609375,123.37999725341797,87.26918029785156,89.09026336669922,171.0885467529297,253.11358642578125,97.39382934570312,64.1825942993164
2019-03-20,13.839728355407715,36.94734573364258,52.266510009765625,124.18000030517578,87.87663269042969,89.69270324707031,171.76695251464844,252.3517303466797,98.4126205444336,64.37873840332031
2019-03-21,13.771215438842773,36.998130798339844,52.234649658203125,123.68000030517578,87.83497619628906,89.8604965209961,174.45204162597656,255.20196533203125,98.62921142578125,65.52552795410156
2019-03-22,13.65131664276123,35.91468048095703,51.230899810791016,123.97000122070312,88.4840087890625,90.40955352783203,170.62034606933594,250.2901611328125,100.16138458251953,65.05022430419922
2019-03-25,13.7027006149292,35.99932098388672,51.30259323120117,124.91999816894531,88.70867919921875,90.59259796142578,170.29542541503906,250.10198974609375,100.32184600830078,65.13323211669922
2019-03-26,13.728394508361816,36.10935974121094,51.557518005371094,124.30000305175781,88.63379669189453,90.63074493408203,171.0885467529297,251.96620178222656,100.24964141845703,65.65379333496094
2019-03-27,13.65131664276123,35.720001220703125,51.5814208984375,123.6500015258789,88.89173126220703,90.75276947021484,169.9896697998047,250.6487579345703,101.17219543457031,65.46517944335938
2019-03-28,13.608495712280273,35.95700454711914,51.45395278930664,121.9000015258789,88.90006256103516,90.86714935302734,170.38143920898438,251.5988006591797,101.52510833740234,66.10043334960938
2019-03-29,13.617059707641602,36.329444885253906,51.669036865234375,122.01000213623047,88.7585678100586,90.79853057861328,171.67138671875,253.18533325195312,101.42886352539062,66.0396499633789
2019-04-01,13.745522499084473,36.930419921875,52.33024978637695,121.52999877929688,88.14824676513672,90.4604263305664,173.94558715820312,256.1877746582031,99.98818969726562,66.00165557861328
2019-04-02,13.779780387878418,36.81190490722656,52.34617614746094,121.9800033569336,88.29837036132812,90.58277130126953,174.60487365722656,256.31329345703125,100.17305755615234,66.46515655517578
2019-04-03,13.796906471252441,37.06584930419922,52.75244903564453,121.80000305175781,88.02320098876953,90.3915786743164,175.60818481445312,256.7166748046875,99.30481719970703,66.3891830444336
2019-04-04,13.805472373962402,37.29439163208008,52.64093017578125,122.11000061035156,88.11491394042969,90.53691864013672,175.54132080078125,257.3979187011719,99.58617401123047,66.28279876708984
2019-04-05,13.848292350769043,37.58217239379883,52.77635955810547,121.9800033569336,88.15657806396484,90.6822280883789,176.44908142089844,258.64373779296875,99.71483612060547,66.74633026123047
2019-04-08,13.899678230285645,37.58217239379883,52.80821990966797,122.51000213623047,88.01485443115234,90.55220794677734,176.898193359375,258.8409118652344,99.36107635498047,66.37397003173828
2019-04-09,13.87398624420166,37.50600814819336,52.4736328125,123.1500015258789,88.17325592041016,90.7434310913086,176.2770538330078,257.51434326171875,99.67462921142578,66.02442932128906
2019-04-10,13.993884086608887,37.683746337890625,52.672794342041016,123.52999877929688,88.3817367553711,91.18710327148438,177.22305297851562,258.3926696777344,99.91580963134766,66.63233184814453
2019-04-11,13.925370216369629,37.27745819091797,52.561275482177734,121.94999694824219,88.18157196044922,91.09532165527344,176.8026123046875,258.3210144042969,99.32893371582031,66.58674621582031
2019-04-12,13.968191146850586,37.548309326171875,52.92771911621094,121.83000183105469,87.77302551269531,91.0417709350586,177.5670623779297,260.06884765625,98.62145233154297,66.90589141845703
2019-04-15,13.942498207092285,37.353641510009766,52.95160675048828,121.5999984741211,87.88977813720703,90.89641571044922,177.59571838378906,259.8985595703125,98.87064361572266,66.56393432617188
2019-04-16,13.89111328125,37.632965087890625,52.99143600463867,120.51000213623047,87.5896224975586,90.6440200805664,178.20726013183594,260.06884765625,98.25160217285156,65.0594253540039
2019-04-17,13.839728355407715,37.743003845214844,53.14280700683594,120.27999877929688,87.60630798339844,90.62870788574219,178.828369140625,259.4324645996094,98.29182434082031,64.46673583984375
2019-04-18,13.882548332214355,37.717613220214844,53.11094284057617,120.37000274658203,87.81474304199219,90.70518493652344,179.05764770507812,259.94329833984375,98.80634307861328,64.96063232421875
2019-04-22,13.95106315612793,37.472137451171875,53.023311614990234,120.37000274658203,87.68964385986328,90.55990600585938,179.5641632080078,260.1673889160156,98.33199310302734,64.2463607788086
2019-04-23,13.968191146850586,37.55678176879883,53.126869201660156,120.12000274658203,87.84808349609375,90.93470764160156,181.84786987304688,262.5067138671875,98.54102325439453,65.09741973876953
2019-04-24,13.9168062210083,37.048919677734375,52.76042175292969,120.47000122070312,88.18157196044922,91.2406234741211,181.27455139160156,261.92413330078125,99.3449935913086,65.57611083984375
2019-04-25,13.89111328125,36.998130798339844,52.72058868408203,120.56999969482422,88.0732192993164,91.19474029541016,182.0102996826172,261.7627868652344,99.20030212402344,65.43936157226562
2019-04-26,13.728394508361816,37.142024993896484,52.935672760009766,121.37000274658203,88.30670928955078,91.51602172851562,182.17276000976562,262.98175048828125,99.53792572021484,65.9560546875
2019-04-29,13.736958503723145,37.218196868896484,53.1507682800293,120.83000183105469,88.123291015625,91.15650939941406,182.52630615234375,263.39404296875,98.90287017822266,65.31016540527344
2019-04-30,13.779780387878418,37.18434524536133,53.18263626098633,121.19999694824219,88.29837036132812,91.19474029541016,181.11207580566406,263.5285339355469,99.40933990478516,65.9332504272461
2019-05-01,13.736958503723145,36.905025482177734,52.87991714477539,120.4000015258789,88.25824737548828,91.16559600830078,180.5292205810547,261.5476379394531,99.81941223144531,65.98644256591797
2019-05-02,13.582802772521973,36.98965835571289,52.80024337768555,119.94000244140625,88.00759887695312,90.83570098876953,179.74566650390625,260.9830017089844,99.34405517578125,66.05484008789062
2019-05-03,13.5913667678833,37.4298210144043,53.365848541259766,120.6500015258789,88.12454986572266,91.2423324584961,182.61227416992188,263.53741455078125,99.62603759765625,66.61714172363281
2019-05-06,13.634187698364258,36.65956497192383,52.76042175292969,120.80999755859375,88.35012817382812,91.36506652832031,181.4943389892578,262.4529113769531,99.8999252319336,66.40437316894531
2019-05-07,13.462904930114746,35.94007873535156,51.836334228515625,121.20999908447266,88.65090942382812,91.35741424560547,177.95880126953125,258.0700378417969,100.66533660888672,65.20377349853516
2019-05-08,13.480031967163086,35.88929748535156,51.90007019042969,120.91000366210938,88.48384857177734,91.05052185058594,177.5097198486328,257.7115783691406,100.23029327392578,65.1353988647461
2019-05-09,13.411519050598145,35.322166442871094,51.661075592041016,121.19999694824219,88.71774291992188,91.13491821289062,176.55422973632812,256.931884765625,100.64115142822266,65.30257415771484
2019-05-10,13.437211036682129,35.53377914428711,52.043460845947266,121.43000030517578,88.65928649902344,91.18865203857422,176.77398681640625,258.22247314453125,100.50418853759766,66.00165557861328
2019-05-13,13.368697166442871,34.348758697509766,50.83258819580078,122.66999816894531,89.10204315185547,91.2423324584961,170.63946533203125,251.7333221435547,101.29370880126953,65.9332504272461
2019-05-14,13.548545837402344,34.83122634887695,51.34242630004883,122.45999908447266,89.01850891113281,91.37278747558594,172.5122833251953,254.0098876953125,100.9956283569336,66.17640686035156
2019-05-15,13.668445587158203,34.89894104003906,51.525657653808594,122.38999938964844,89.30252838134766,91.62596130371094,174.9488983154297,255.4977569580078,101.61597442626953,66.62472534179688
2019-05-16,13.745522499084473,34.72966003417969,51.93989944458008,121.51000213623047,89.12712097167969,91.48013305664062,176.70709228515625,257.86395263671875,101.2776107788086,66.89068603515625
2019-05-17,13.617059707641602,34.10328674316406,51.597347259521484,120.6500015258789,89.16891479492188,91.4878158569336,174.901123046875,256.1967468261719,101.50318145751953,66.7614974975586
2019-05-20,13.677008628845215,33.95939254760742,51.39022445678711,120.63999938964844,89.01850891113281,91.27302551269531,171.94854736328125,254.5027313232422,101.29370880126953,65.7964859008789
2019-05-21,13.685572624206543,34.391082763671875,51.73278045654297,120.36000061035156,88.91824340820312,91.34973907470703,173.74490356445312,256.7973937988281,101.13257598876953,66.35877227783203
2019-05-22,13.488595962524414,34.2217903137207,51.525657653808594,120.23999786376953,89.18561553955078,91.46479034423828,172.970947265625,256.008544921875,101.7126693725586,66.55634307861328
2019-05-23,13.205978393554688,33.78163528442383,51.055641174316406,121.16999816894531,89.7286148071289,91.66426849365234,170.32412719726562,252.88047790527344,102.85668182373047,66.70831298828125
2019-05-24,13.385826110839844,33.81549835205078,51.60531234741211,121.30000305175781,89.70359802246094,91.85604858398438,170.23809814453125,253.4541015625,102.9452896118164,66.9134750366211
2019-05-28,13.497160911560059,33.933998107910156,51.103450775146484,120.83000183105469,90.09623718261719,91.91744995117188,169.597900390625,251.09689331054688,103.68649291992188,66.25240325927734
2019-05-29,13.445775032043457,34.15407180786133,50.776832580566406,120.87000274658203,90.06283569335938,91.955810546875,168.2028350830078,249.41189575195312,104.00064849853516,65.37096405029297
2019-05-30,13.308748245239258,34.340293884277344,50.968017578125,121.69000244140625,90.38865661621094,92.48518371582031,168.909912109375,250.0929412841797,104.89501190185547,65.64450073242188
2019-05-31,12.957616806030273,34.45878982543945,50.505985260009766,123.33000183105469,90.99019622802734,92.6999740600586,166.21527099609375,246.72293090820312,106.20813751220703,66.02442932128906
2019-06-03,12.914795875549316,34.77198791503906,50.80072784423828,125.11000061035156,91.42803192138672,92.98550415039062,162.55560302734375,246.0955810546875,106.9185791015625,66.18400573730469
2019-06-04,12.991873741149902,34.84815216064453,51.38226318359375,125.1500015258789,91.09315490722656,93.01627349853516,167.13258361816406,251.43746948242188,105.69953918457031,65.88765716552734
2019-06-05,12.726384162902832,34.5688362121582,51.3663330078125,125.47000122070312,91.09315490722656,92.9547119140625,168.3748321533203,253.61544799804688,105.10214233398438,67.26300048828125
2019-06-06,12.949051856994629,34.58576583862305,51.573455810546875,125.87999725341797,91.07640838623047,93.13168334960938,169.71258544921875,255.2646484375,105.44122314453125,67.39219665527344
2019-06-07,12.991873741149902,34.856624603271484,52.226680755615234,126.58999633789062,91.43638610839844,93.54727935791016,172.99008178710938,257.8190612792969,106.35347747802734,67.6429443359375
2019-06-10,12.957616806030273,35.22059631347656,52.37006759643555,125.33000183105469,90.98431396484375,93.20865631103516,175.00624084472656,259.0021667480469,105.35238647460938,67.4225845336914
2019-06-11,13.043258666992188,35.61842346191406,52.63296127319336,125.18000030517578,90.98431396484375,93.29335021972656,175.24508666992188,258.9393615722656,105.41704559326172,67.60494995117188
2019-06-12,12.863410949707031,35.23752212524414,52.24261474609375,125.83000183105469,91.21874237060547,93.4318618774414,174.23226928710938,258.482421875,105.4977035522461,67.83290100097656
2019-06-13,13.026130676269531,35.17827224731445,52.290409088134766,126.5999984741211,91.44474029541016,93.67040252685547,175.2642059326172,259.5489501953125,105.86100006103516,68.12166595458984
2019-06-14,13.077515602111816,34.78890609741211,51.90803146362305,126.55999755859375,91.51172637939453,93.70886993408203,174.5189208984375,259.2621154785156,106.1274185180664,68.15963745117188
2019-06-17,13.017565727233887,34.92622756958008,51.945472717285156,126.4800033569336,91.49494171142578,93.7550277709961,175.57000732421875,259.3607177734375,106.31312561035156,68.88911437988281
2019-06-18,13.171721458435059,35.77059555053711,52.637203216552734,127.12000274658203,91.6707534790039,94.37837219238281,178.12127685546875,262.07659912109375,106.84596252441406,68.82073974609375
2019-06-19,13.146028518676758,36.06910705566406,52.96272277832031,127.88999938964844,91.92189025878906,94.9786605834961,178.79017639160156,262.6679992675781,106.99928283691406,69.19306182861328
2019-06-20,13.411519050598145,36.59790802001953,53.42660140991211,131.11000061035156,92.07257843017578,95.49424743652344,180.45274353027344,265.17767333984375,107.28185272216797,69.54259490966797
2019-06-21,13.445775032043457,36.4785041809082,53.198734283447266,131.97999572753906,91.69590759277344,95.14796447753906,180.18527221679688,264.7921142578125,106.10318756103516,68.56236267089844
2019-06-24,13.505725860595703,36.42732620239258,53.31267166137695,133.94000244140625,92.01399230957031,95.38654327392578,180.1909942626953,264.4679260253906,106.89437103271484,68.32682037353516
2019-06-25,13.548545837402344,36.05205535888672,52.99527359008789,134.1999969482422,92.15629577636719,95.10181427001953,177.09774780273438,261.8741455078125,107.22534942626953,67.31619262695312
2019-06-26,13.617059707641602,36.39321517944336,53.06039047241211,132.97000122070312,91.7795639038086,94.90940856933594,177.9213104248047,261.61285400390625,106.5391616821289,65.97123718261719
2019-06-27,13.617059707641602,36.64908981323242,53.19059371948242,132.83999633789062,92.05587768554688,95.4635009765625,178.60130310058594,262.5406799316406,107.28995513916016,66.82051086425781
2019-06-28,13.471468925476074,36.59790802001953,53.4917106628418,133.1999969482422,92.09769439697266,95.7096939086914,178.8311309814453,263.8916015625,107.21726989746094,67.05064392089844
2019-07-01,13.462904930114746,37.032894134521484,53.743988037109375,130.6199951171875,91.98193359375,95.8911361694336,181.24441528320312,266.2872314453125,106.96652221679688,67.01995086669922
2019-07-02,13.240236282348633,36.93907928466797,53.89861297607422,133.41000366210938,92.30900573730469,96.1534652709961,181.962646484375,266.9807434082031,107.79158020019531,68.18608856201172
2019-07-03,13.368697166442871,36.87083435058594,54.26482009887695,133.6300048828125,92.48512268066406,96.4158706665039,183.33203125,269.1153259277344,108.56001281738281,68.99928283691406
2019-07-05,13.394391059875488,36.61497116088867,53.84978485107422,132.13999938964844,91.89806365966797,95.56695556640625,182.9585418701172,268.8091125488281,107.12020874023438,68.75377655029297
2019-07-08,13.377262115478516,36.39321517944336,53.5405387878418,131.2899932861328,91.80589294433594,95.43575286865234,181.67535400390625,267.33203125,107.26580047607422,68.99928283691406
2019-07-09,13.420083045959473,36.28233337402344,53.31267166137695,131.75,91.74716186523438,95.23512268066406,182.58517456054688,267.6653137207031,107.22535705566406,69.22941589355469
2019-07-10,13.711265563964844,36.58938217163086,53.499839782714844,133.8300018310547,91.79751586914062,95.451171875,184.40464782714844,268.9442443847656,106.63483428955078,69.62834930419922
2019-07-11,13.719829559326172,36.521148681640625,53.48357009887695,132.6999969482422,91.34466552734375,94.88780212402344,184.27052307128906,269.5746765136719,105.21126556396484,68.72309112548828
2019-07-12,13.754085540771484,36.54673385620117,53.548683166503906,133.52999877929688,91.44528198242188,94.98041534423828,185.33352661132812,270.7815856933594,105.33258819580078,68.63105010986328
2019-07-15,13.608495712280273,36.683197021484375,53.597511291503906,133.52999877929688,91.6381607055664,95.14244842529297,185.92727661132812,270.8716125488281,105.93926239013672,68.57731628417969
2019-07-16,13.462904930114746,36.632022857666016,53.377777099609375,132.39999389648438,91.43690490722656,94.94182586669922,184.96966552734375,269.99798583984375,105.62382507324219,68.41622161865234
2019-07-17,13.343006134033203,36.521148681640625,53.30453109741211,134.5800018310547,91.86458587646484,95.4434585571289,184.0598907470703,268.16058349609375,106.76429748535156,68.18608856201172
2019-07-18,13.248799324035645,36.74290466308594,53.467288970947266,136.47999572753906,92.09095764160156,95.66726684570312,184.27052307128906,269.1423034667969,106.77238464355469,68.18608856201172
2019-07-19,13.325876235961914,36.555259704589844,53.31267166137695,134.47000122070312,91.92327117919922,95.5206298828125,182.9202423095703,267.6471862792969,106.52164459228516,67.07367706298828
2019-07-22,13.28305721282959,36.56378936767578,53.36963653564453,134.4499969482422,91.96517944335938,95.81392669677734,184.37591552734375,268.30474853515625,106.723876953125,67.01228332519531
2019-07-23,13.368697166442871,36.60643768310547,53.70329284667969,133.69000244140625,91.81423950195312,95.867919921875,185.58251953125,270.2231140136719,106.14143371582031,67.77179718017578
2019-07-24,13.308748245239258,36.66614532470703,53.743988037109375,134.3699951171875,91.94844055175781,96.1380844116211,186.88490295410156,271.49310302734375,106.60253143310547,67.82547760009766
2019-07-25,13.257363319396973,36.342037200927734,53.198734283447266,133.4199981689453,91.78910064697266,95.829345703125,185.11329650878906,270.196044921875,106.0929183959961,67.42656707763672
2019-07-26,13.274492263793945,36.418800354003906,53.30453109741211,133.63999938964844,91.77233123779297,95.96057891845703,187.0189971923828,272.0064697265625,106.34370422363281,67.73342895507812
2019-07-29,13.325876235961914,36.35056686401367,53.41846466064453,134.52999877929688,91.856201171875,95.8988037109375,186.37734985351562,271.5110778808594,106.37601470947266,67.91756439208984
2019-07-30,13.4029541015625,36.06910705566406,52.79996871948242,134.97999572753906,91.89806365966797,95.867919921875,185.57298278808594,270.8446350097656,106.63483428955078,68.46223449707031
2019-07-31,13.317313194274902,35.6255989074707,52.45003128051758,133.2100067138672,92.13289642333984,95.95283508300781,183.00648498535156,267.8814697265625,107.49230194091797,68.1937255859375
2019-08-01,12.949051856994629,34.92622756958008,52.30353927612305,136.41000366210938,93.17794036865234,96.73294067382812,182.0966796875,265.5487365722656,109.62714385986328,68.1937255859375
2019-08-02,12.966182708740234,34.58506393432617,51.839683532714844,135.88999938964844,93.37113952636719,96.83355712890625,179.41526794433594,263.54925537109375,110.64025115966797,68.52363586425781
2019-08-05,12.85484790802002,33.30571746826172,50.545719146728516,137.7899932861328,94.17757415771484,96.90316772460938,173.07566833496094,255.62353515625,112.55292510986328,67.17339324951172
2019-08-06,12.786333084106445,33.78334045410156,50.887516021728516,138.91000366210938,94.32878112792969,97.50688171386719,175.49847412109375,259.2081298828125,113.45262145996094,67.91756439208984
2019-08-07,12.623614311218262,33.93686294555664,51.082828521728516,141.02000427246094,94.32878112792969,97.49138641357422,176.44659423828125,259.3612365722656,113.49317169189453,68.57731628417969
2019-08-08,12.692127227783203,34.35478210449219,51.579261779785156,141.72999572753906,94.33720397949219,97.7545166015625,180.28672790527344,264.449951171875,113.73628234863281,69.78176879882812
2019-08-09,12.803461074829102,34.00509262084961,51.22117233276367,141.25999450683594,94.19438171386719,97.46819305419922,178.59170532226562,262.6485900878906,113.5093765258789,69.69737243652344
2019-08-12,12.70925521850586,33.59569549560547,50.81427001953125,142.6300048828125,94.79084777832031,98.07958221435547,176.54238891601562,259.4512939453125,115.87601470947266,69.51326751708984
2019-08-13,13.009001731872559,34.02215576171875,51.29441833496094,141.77999877929688,94.45478057861328,98.00218200683594,180.4112091064453,263.48626708984375,115.4788589477539,69.61299133300781
2019-08-14,12.812026023864746,33.04132080078125,49.886531829833984,142.75,95.08480072021484,98.28853607177734,175.01968383789062,255.69561767578125,118.08061218261719,68.5543212890625
2019-08-15,12.70925521850586,33.263065338134766,50.05743408203125,143.6999969482422,95.68966674804688,98.76834869384766,174.818603515625,256.37109375,119.3935317993164,69.23710632324219
2019-08-16,12.700692176818848,33.7236442565918,50.659645080566406,142.77999877929688,95.43765258789062,98.94634246826172,177.62449645996094,260.15386962890625,118.43714141845703,69.9505615234375
2019-08-19,12.760640144348145,33.86009979248047,50.968894958496094,141.11000061035156,94.98403930664062,98.6213150024414,180.4495391845703,263.2881164550781,116.74320983886719,70.4568862915039
2019-08-20,12.794897079467773,33.92832946777344,50.79800033569336,142.2100067138672,95.4040756225586,99.19403076171875,179.05140686035156,261.27069091796875,117.95088195800781,69.9582290649414
2019-08-21,12.837718963623047,34.25243377685547,51.156070709228516,141.75999450683594,95.15205383300781,99.37203979492188,180.6410675048828,263.3960876464844,117.16471862792969,70.249755859375
2019-08-22,12.777770042419434,33.808929443359375,51.05841064453125,141.39999389648438,94.94200897216797,99.0082778930664,180.0569305419922,263.3150634765625,116.3866195678711,70.57196807861328
2019-08-23,12.683564186096191,33.30571746826172,50.42364501953125,144.1699981689453,95.58047485351562,99.37203979492188,174.35891723632812,256.5512390136719,118.29936218261719,69.58232116699219
2019-08-26,12.67499828338623,33.484825134277344,50.83868408203125,144.19000244140625,95.48804473876953,99.3797836303711,176.99246215820312,259.3882751464844,117.82120513916016,70.11934661865234
2019-08-27,12.760640144348145,33.54452896118164,50.79800033569336,145.57000732421875,95.899658203125,99.91378784179688,176.61895751953125,258.37054443359375,119.63673400878906,69.91986846923828
2019-08-28,12.871975898742676,33.63834762573242,50.79800033569336,145.16000366210938,95.93327331542969,99.91378784179688,177.25099182128906,260.1898498535156,119.7906723022461,70.15003204345703
2019-08-29,12.906231880187988,34.01362228393555,51.23745346069336,144.1199951171875,95.74848175048828,99.69709014892578,179.96119689941406,263.5133056640625,119.33686065673828,70.69473266601562
2019-08-30,12.700692176818848,34.27802276611328,51.44090270996094,143.75,95.7737045288086,99.68158721923828,179.53021240234375,263.3960876464844,119.36925506591797,70.74842071533203
2019-09-03,12.632177352905273,34.06480026245117,51.3432502746582,145.75,95.9840316772461,99.58773803710938,177.78729248046875,261.85601806640625,119.52345275878906,71.45421600341797
2019-09-04,12.931925773620605,34.63624572753906,52.067543029785156,146.66000366210938,96.13550567626953,99.77397155761719,180.35379028320312,264.8282165527344,119.70211029052734,72.05259704589844
2019-09-05,12.914795875549316,35.02857208251953,52.344234466552734,143.13999938964844,95.36138916015625,99.04447174072266,183.65769958496094,268.2326965332031,117.53434753417969,71.53093719482422
2019-09-06,12.949051856994629,35.182098388671875,52.515132904052734,141.9199981689453,95.42024230957031,99.40147399902344,183.47569274902344,268.4398193359375,118.37059020996094,71.69203186035156
2019-09-09,13.068950653076172,35.292972564697266,52.669761657714844,141.38999938964844,94.83124542236328,98.67195892333984,183.09263610839844,268.57489013671875,116.26770782470703,71.34680938720703
2019-09-10,13.086080551147461,35.31855773925781,52.759273529052734,140.17999267578125,94.14127349853516,97.84163665771484,182.56590270996094,268.5119323730469,114.22967529296875,70.61033630371094
2019-09-11,12.991873741149902,35.56589889526367,53.052249908447266,141.02999877929688,94.04873657226562,97.76405334472656,184.28012084960938,270.4212646484375,114.02679443359375,70.68704223632812
2019-09-12,12.940486907958984,35.82177734375,53.36150360107422,141.32000732421875,93.83834075927734,97.6321029663086,185.0462188720703,271.3580322265625,113.27983093261719,71.0629653930664
2019-09-13,12.940486907958984,36.02647399902344,53.6626091003418,140.14999389648438,92.98003387451172,96.75521850585938,184.38548278808594,271.177734375,110.8602066040039,70.303466796875
2019-09-16,13.514288902282715,35.74501037597656,53.18246078491211,141.32000732421875,93.38396453857422,97.24411010742188,183.5618896484375,270.3402099609375,112.27305603027344,70.91720581054688
2019-09-17,13.257363319396973,35.74501037597656,53.36150360107422,141.60000610351562,93.62796020507812,97.49238586425781,184.4429473876953,271.0246276855469,112.88194274902344,71.6843490600586
2019-09-18,13.171721458435059,35.600013732910156,53.29640197753906,140.7100067138672,93.66162872314453,97.73299407958984,184.36634826660156,271.1867980957031,113.36100769042969,71.43888092041016
2019-09-19,13.240236282348633,35.455020904541016,53.475433349609375,141.27999877929688,93.70370483398438,98.01238250732422,184.6728057861328,271.1687927246094,113.70197296142578,71.69203186035156
2019-09-20,13.257363319396973,35.489139556884766,53.35335922241211,142.9499969482422,94.2422103881836,98.6875228881836,182.7191619873047,269.8876037597656,115.20408630371094,71.69203186035156
2019-09-23,13.291620254516602,35.52325439453125,53.21501159667969,143.75,94.37689208984375,98.61767578125,182.79978942871094,269.8242492675781,115.17969512939453,71.80711364746094
2019-09-24,13.13746452331543,35.14798355102539,53.01155471801758,144.50999450683594,94.84809875488281,98.9280776977539,180.37203979492188,267.7070617675781,116.56806945800781,71.64781951904297
2019-09-25,13.060386657714844,35.12239074707031,52.856929779052734,141.8300018310547,94.22541046142578,98.36934661865234,182.39675903320312,269.29046630859375,114.8630599975586,71.78700256347656
2019-09-26,13.060386657714844,35.11385726928711,53.052249908447266,141.7899932861328,94.4273452758789,98.57886505126953,181.7250213623047,268.72943115234375,115.60196685791016,72.39019012451172
2019-09-27,13.009001731872559,34.66183090209961,52.873207092285156,141.05999755859375,94.56194305419922,98.60212707519531,179.4700164794922,267.28173828125,115.88606262207031,71.98806762695312
2019-09-30,12.880538940429688,34.857994079589844,53.068519592285156,138.8699951171875,94.63772583007812,98.9280776977539,181.17807006835938,268.5212707519531,116.17023468017578,72.11181640625
2019-10-01,12.871975898742676,34.61065673828125,52.54768753051758,139.6300048828125,94.89981842041016,99.04165649414062,179.70030212402344,265.3272705078125,116.52002716064453,71.43128204345703
2019-10-02,12.760640144348145,34.34624481201172,51.47346115112305,141.25999450683594,95.2284164428711,99.0027847290039,176.61048889160156,260.64044189453125,116.80470275878906,71.12970733642578
2019-10-03,12.743512153625488,34.78976058959961,51.81526184082031,141.89999389648438,95.72566223144531,99.39181518554688,178.548828125,262.77581787109375,117.8701400756836,71.81793975830078
2019-10-04,12.846282958984375,34.94329071044922,52.222171783447266,141.89999389648438,95.91107177734375,99.80419921875,181.17807006835938,266.33172607421875,118.740478515625,72.25099182128906
2019-10-07,12.829153060913086,34.65330123901367,52.15705490112305,140.69000244140625,95.5908203125,99.29839324951172,180.63116455078125,265.1825256347656,117.75627899169922,72.09632873535156
2019-10-08,12.820589065551758,34.40596389770508,51.66877365112305,141.9199981689453,95.79313659667969,99.21288299560547,177.9251251220703,261.065673828125,118.07349395751953,71.7174072265625
2019-10-09,12.85484790802002,34.67035675048828,52.04313278198242,142.0500030517578,95.54872131347656,99.251708984375,179.6619415283203,263.5448303222656,117.40654754638672,71.85661315917969
2019-10-10,12.940486907958984,35.02857208251953,52.40933609008789,140.80999755859375,94.9503402709961,98.6681900024414,181.05332946777344,265.3272705078125,115.6578140258789,71.97258758544922
2019-10-11,13.094644546508789,35.591487884521484,53.34523010253906,140.02999877929688,94.30146026611328,98.4892349243164,183.38514709472656,268.07794189453125,114.22638702392578,71.94166564941406
2019-10-14,13.03469467163086,35.43796920776367,53.1254997253418,140.58999633789062,94.56268310546875,98.81602478027344,183.3658905029297,267.7794494628906,115.05595397949219,71.97258758544922
2019-10-15,13.000438690185547,35.753536224365234,53.743988037109375,139.61000061035156,94.10761260986328,98.55149841308594,185.69769287109375,270.4305419921875,113.6651382446289,72.06539916992188
2019-10-16,13.017565727233887,35.85588073730469,53.82536697387695,140.41000366210938,94.29302978515625,98.66043090820312,185.23712158203125,269.9961853027344,113.80339813232422,72.07312774658203
2019-10-17,13.068950653076172,35.99235153198242,53.9555778503418,140.61000061035156,94.25932312011719,98.80049896240234,185.72647094726562,270.79241943359375,113.52689361572266,72.54487609863281
2019-10-18,13.060386657714844,35.80471420288086,53.9311637878418,140.4600067138672,94.34361267089844,98.92498016357422,183.9416961669922,269.6070556640625,113.52689361572266,73.10165405273438
2019-10-21,13.043258666992188,36.12881851196289,54.2241325378418,139.7899932861328,93.99808502197266,98.69930267333984,185.5729217529297,271.434814453125,112.6728515625,73.6584243774414
2019-10-22,13.060386657714844,36.15439987182617,54.09392547607422,140.1999969482422,94.2171859741211,98.87052154541016,184.09521484375,270.54815673828125,113.33170318603516,73.44189453125
2019-10-23,13.22310733795166,36.16293716430664,54.386905670166016,140.52999877929688,94.25091552734375,98.92498016357422,184.45025634765625,271.3352966308594,113.44556427001953,73.60429382324219
2019-10-24,13.291620254516602,36.16293716430664,54.48455047607422,141.52999877929688,94.23404693603516,99.1428451538086,186.2446746826172,271.77862548828125,113.21784210205078,73.41870880126953
2019-10-25,13.368697166442871,36.418800354003906,54.54152297973633,141.86000061035156,94.03179931640625,98.97166442871094,187.73199462890625,272.8916015625,112.66471862792969,72.79231262207031
2019-10-28,13.317313194274902,36.632022857666016,54.78566360473633,140.63999938964844,93.67784118652344,98.67598724365234,189.5840606689453,274.4296875,111.63992309570312,72.35150909423828
2019-10-29,13.291620254516602,36.44438171386719,54.76939392089844,140.25,93.7620620727539,98.41925811767578,188.1158447265625,274.3482971191406,111.71308898925781,72.79231262207031
2019-10-30,13.205978393554688,36.60643768310547,54.997257232666016,141.02000427246094,94.2171859741211,98.76935577392578,189.0274658203125,275.1898193359375,113.34797668457031,73.05524444580078
2019-10-31,13.128900527954102,36.31644821166992,54.86703872680664,142.42999267578125,94.81554412841797,99.36845397949219,189.11378479003906,274.4569091796875,114.8770980834961,72.92378997802734
2019-11-01,13.368697166442871,36.86231231689453,55.355323791503906,142.55999755859375,94.63658905029297,99.46597290039062,190.83145141601562,276.9994812011719,114.52342987060547,72.90830993652344
2019-11-04,13.454339027404785,37.22905731201172,55.640167236328125,142.14999389648438,94.155517578125,98.99787139892578,192.0117645263672,278.11236572265625,113.01612854003906,72.3979263305664
2019-11-05,13.488595962524414,37.44227600097656,55.53437805175781,139.85000610351562,93.64915466308594,98.4283447265625,192.11729431152344,277.8046569824219,111.74507904052734,71.16835021972656
2019-11-06,13.343006134033203,37.322872161865234,55.50995635986328,140.4499969482422,93.91921997070312,98.9822998046875,191.68545532226562,277.86798095703125,112.42131805419922,71.3230209350586
2019-11-07,13.334441184997559,37.595802307128906,55.68084716796875,138.27000427246094,93.1680679321289,98.20988464355469,192.32838439941406,278.8453063964844,110.38446044921875,70.61155700683594
2019-11-08,13.368697166442871,37.254642486572266,55.6483039855957,137.38999938964844,93.04144287109375,98.0772476196289,193.09605407714844,279.5329284667969,109.91997528076172,70.44143676757812
2019-11-11,13.28305721282959,36.99024200439453,55.57505416870117,137.05999755859375,93.14273834228516,98.10846710205078,192.8369598388672,278.9991149902344,109.99331665039062,70.5960922241211
2019-11-12,13.291620254516602,36.751434326171875,55.59947204589844,137.42999267578125,93.18492126464844,98.20211029052734,193.39352416992188,279.5871887207031,110.4985122680664,70.06250762939453
2019-11-13,13.317313194274902,36.469970703125,55.4041633605957,137.97999572753906,93.4381332397461,98.43614959716797,193.4415283203125,279.6776123046875,111.21554565429688,70.70436096191406
2019-11-14,13.274492263793945,36.49556350708008,55.24953842163086,138.55999755859375,93.9107894897461,98.9510726928711,193.28797912597656,280.0848693847656,112.36431884765625,71.25341033935547
2019-11-15,13.343006134033203,36.785545349121094,55.59947204589844,138.2100067138672,93.83478546142578,98.96665954589844,194.70814514160156,282.1116638183594,112.24210357666016,71.64006805419922
2019-11-18,13.205978393554688,36.7258415222168,55.664581298828125,138.6199951171875,93.99515533447266,99.07586669921875,194.86167907714844,282.31976318359375,112.44576263427734,71.98806762695312
2019-11-19,13.086080551147461,36.802608489990234,55.59133529663086,138.69000244140625,94.17240905761719,99.27095794677734,195.14955139160156,282.2382507324219,113.38277435302734,72.11181640625
2019-11-20,13.257363319396973,36.64055252075195,55.24139404296875,138.75999450683594,94.51846313476562,99.41139221191406,193.9788818359375,281.18878173828125,114.55607604980469,72.07312774658203
2019-11-21,13.377262115478516,36.56378936767578,55.16815948486328,138.0,94.2821044921875,99.17733764648438,193.5470428466797,280.7362976074219,113.83901977539062,71.06008911132812
2019-11-22,13.368697166442871,36.56378936767578,55.32278060913086,137.74000549316406,94.2652587890625,99.45037078857422,193.6717987060547,281.360595703125,113.9856948852539,70.79717254638672
2019-11-25,13.368697166442871,36.9305419921875,55.762237548828125,137.0800018310547,94.30744171142578,99.793701171875,195.96517944335938,283.541259765625,114.3197021484375,71.02142333984375
2019-11-26,13.445775032043457,36.81966018676758,55.72969055175781,137.74000549316406,94.48470306396484,100.0511703491211,196.3394317626953,284.18359375,114.98786926269531,71.96485900878906
2019-11-27,13.377262115478516,36.86231231689453,55.876163482666016,137.00999450683594,94.23992156982422,100.0433349609375,197.71160888671875,285.4504089355469,114.6537857055664,72.30513763427734
2019-11-29,13.111773490905762,36.28233337402344,55.48554992675781,137.86000061035156,94.16397857666016,99.8404769897461,196.80963134765625,284.3917236328125,114.40933227539062,71.97258758544922
2019-12-02,13.094644546508789,36.2738037109375,55.200721740722656,137.7899932861328,93.82588195800781,99.40708923339844,194.7945098876953,281.9759216308594,112.88394165039062,70.88221740722656
2019-12-03,13.103208541870117,36.0861701965332,54.997257232666016,139.11000061035156,94.66262817382812,100.1737289428711,193.26876831054688,280.0848693847656,115.25079345703125,71.3384780883789
2019-12-04,13.308748245239258,36.359100341796875,55.50182342529297,138.9199981689453,94.2992172241211,100.04077911376953,194.2475128173828,281.81304931640625,114.10003662109375,71.63233947753906
2019-12-05,13.334441184997559,36.521148681640625,55.396026611328125,139.0,94.07945251464844,99.93122863769531,194.63137817382812,282.31976318359375,113.54502868652344,71.6709976196289
2019-12-06,13.420083045959473,36.734371185302734,55.90058517456055,137.6199951171875,93.79208374023438,99.8764419555664,196.71365356445312,284.8984375,112.91664123535156,71.81793975830078
2019-12-09,13.4029541015625,36.58938217163086,55.60761260986328,137.5800018310547,93.86812591552734,99.86084747314453,195.82125854492188,284.00274658203125,113.16146850585938,71.95713806152344
2019-12-10,13.462904930114746,36.717315673828125,55.63203048706055,137.97000122070312,93.75830841064453,99.86084747314453,195.65814208984375,283.68597412109375,113.16958618164062,71.53955078125
2019-12-11,13.4029541015625,37.254642486572266,55.92499923706055,138.9199981689453,94.14710998535156,100.25198364257812,196.69448852539062,284.4913330078125,114.0592041015625,70.8126220703125
2019-12-12,13.52285385131836,37.90283966064453,56.29934310913086,138.42999267578125,93.40328216552734,99.7904052734375,198.16258239746094,286.9433288574219,112.18206787109375,69.85369873046875
2019-12-13,13.5913667678833,37.88578414916992,56.68998336791992,139.0500030517578,93.9526596069336,100.43971252441406,198.8151397705078,287.1153259277344,113.47972106933594,69.8691635131836
2019-12-16,13.685572624206543,38.20722961425781,57.295692443847656,139.0399932861328,93.51318359375,100.21286010742188,200.8110809326172,289.0877380371094,112.45956420898438,70.37184143066406
2019-12-17,13.745522499084473,38.55567932128906,56.966487884521484,139.00999450683594,93.52157592773438,100.1346206665039,200.9262237548828,289.1510925292969,112.3044662475586,69.70679473876953
2019-12-18,13.754085540771484,38.764739990234375,56.89242935180664,139.02000427246094,93.26805114746094,100.06420135498047,201.0797576904297,289.1692199707031,111.3822021484375,70.55640411376953
2019-12-19,13.814034461975098,38.78216552734375,56.89242935180664,139.3800048828125,93.34087371826172,100.16302490234375,202.33677673339844,290.3544921875,111.56039428710938,71.18170166015625
2019-12-20,13.796906471252441,38.860565185546875,56.93357467651367,139.52000427246094,93.34087371826172,100.13166809082031,203.15248107910156,291.6273193359375,111.70752716064453,71.572509765625
2019-12-23,13.800387382507324,38.9128303527832,57.02410888671875,139.9499969482422,93.25621795654297,100.17877960205078,203.6890411376953,292.072998046875,111.54403686523438,71.21295166015625
2019-12-24,13.861298561096191,38.82572555541992,56.966487884521484,141.27000427246094,93.41700744628906,100.28070831298828,203.79481506347656,292.08203125,111.86288452148438,71.40055084228516
2019-12-26,13.965713500976562,39.10447311401367,57.21338653564453,142.3800048828125,93.55243682861328,100.46109771728516,205.5931396484375,293.6368713378906,112.13269805908203,71.71319580078125
2019-12-27,13.99181842803955,39.261287689208984,57.31215286254883,142.3300018310547,93.68788146972656,100.602294921875,205.42005920410156,293.5640869140625,112.25530242919922,71.93986511230469
2019-12-30,13.965713500976562,38.99994659423828,56.88420486450195,142.6300048828125,93.62864685058594,100.78268432617188,204.07371520996094,291.94580078125,111.84651947021484,72.01019287109375
2019-12-31,13.878700256347656,39.08705520629883,57.14755630493164,142.89999389648438,93.29004669189453,100.36699676513672,204.45834350585938,292.6549377441406,110.7511215209961,72.52606201171875
2020-01-02,13.896102905273438,39.87977981567383,57.7236328125,143.9499969482422,93.7217025756836,100.5787582397461,207.8722381591797,295.3917541503906,112.0018310546875,71.67410278320312
2020-01-03,14.061429023742676,39.13932418823242,57.00763702392578,145.86000061035156,94.34809112548828,100.92388153076172,205.9681396484375,293.1549987792969,113.72667694091797,72.11963653564453
2020-01-06,14.087533950805664,39.04350280761719,57.22985076904297,147.38999938964844,94.24649047851562,100.58663177490234,207.29530334472656,294.27337646484375,113.08089447021484,72.20561981201172
2020-01-07,14.078832626342773,39.017372131347656,57.073482513427734,147.97000122070312,94.1110610961914,100.3277587890625,207.26641845703125,293.4459533691406,112.52505493164062,71.40055084228516
2020-01-08,13.869998931884766,39.243858337402344,57.238075256347656,146.86000061035156,93.89104461669922,100.18659210205078,208.82431030273438,295.00994873046875,111.78112030029297,71.61939239501953
2020-01-09,13.809088706970215,39.50519943237305,57.3697624206543,146.02999877929688,93.95870971679688,100.6650619506836,210.59375,297.01031494140625,112.17351531982422,71.58030700683594
2020-01-10,13.809088706970215,39.71426010131836,57.15577697753906,146.91000366210938,94.1618423461914,100.94741821289062,210.0552215576172,296.15557861328125,113.17084503173828,72.12745666503906
2020-01-13,13.704672813415527,40.33275604248047,57.45205307006836,145.82000732421875,94.05184173583984,100.70423126220703,212.47862243652344,298.1922912597656,112.82750701904297,72.99504089355469
2020-01-14,13.765583038330078,40.10626220703125,57.509666442871094,145.69000244140625,94.23802947998047,100.82975769042969,211.64198303222656,297.7377014160156,113.40788269042969,72.72148895263672
2020-01-15,13.695971488952637,39.79267883300781,57.509666442871094,146.5399932861328,94.47502899169922,101.04936218261719,211.728515625,298.4105224609375,114.15994262695312,73.3780288696289
2020-01-16,13.678568840026855,40.0452880859375,57.74832534790039,146.30999755859375,94.2803955078125,101.1905517578125,213.7576141357422,300.89276123046875,113.80027770996094,73.96422576904297
2020-01-17,13.722076416015625,40.27178192138672,57.921138763427734,146.5800018310547,94.20416259765625,101.17491912841797,214.81544494628906,301.82940673828125,112.82750701904297,74.03458404541016
2020-01-21,13.643763542175293,39.25257110595703,57.46027374267578,146.74000549316406,94.57656860351562,101.66117858886719,214.71926879882812,301.23834228515625,114.01277160644531,74.73804473876953
2020-01-22,13.461034774780273,39.57489013671875,57.57549285888672,146.7899932861328,94.593505859375,101.71609497070312,215.2866668701172,301.27471923828125,114.41339111328125,74.23782348632812
2020-01-23,13.347916603088379,39.165462493896484,57.435604095458984,147.1199951171875,94.83049774169922,101.84944152832031,215.97906494140625,301.62030029296875,115.21448516845703,74.86309051513672
2020-01-24,13.147783279418945,38.85185623168945,57.188697814941406,147.97999572753906,95.16907501220703,102.02200317382812,214.16151428222656,298.9378967285156,116.14642333984375,74.60517120361328
2020-01-27,12.904146194458008,37.51034164428711,56.00362014770508,148.99000549316406,95.81231689453125,102.21805572509766,209.73788452148438,294.1460876464844,117.95307159423828,74.24561309814453
2020-01-28,12.965055465698242,37.82394027709961,56.53031921386719,147.66000366210938,95.49069213867188,102.16317749023438,212.95944213867188,297.2285461425781,117.029296875,74.54264831542969
2020-01-29,12.904146194458008,38.006874084472656,56.538543701171875,148.4600067138672,95.94778442382812,102.49263763427734,213.3056182861328,296.98309326171875,118.1737289428711,74.2690658569336
2020-01-30,12.79102897644043,37.44064712524414,56.48916244506836,148.47000122070312,96.04086303710938,102.55538177490234,214.0653533935547,297.9467468261719,118.19013977050781,74.32379150390625
2020-01-31,12.686612129211426,36.682769775390625,55.534507751464844,149.3300018310547,96.5233154296875,102.8219985961914,210.6707000732422,292.5367126464844,119.26921844482422,73.4170913696289
2020-02-03,12.451674461364746,37.092201232910156,55.666194915771484,148.36000061035156,96.44107818603516,102.74105834960938,213.8538055419922,294.7098388671875,119.17256164550781,73.65940856933594
2020-02-04,12.469076156616211,38.05043029785156,56.59615707397461,146.42999267578125,95.8817367553711,102.48943328857422,218.74864196777344,299.2015686035156,117.5676040649414,74.4175796508789
2020-02-05,12.660508155822754,38.26820755004883,57.13932418823242,146.61000061035156,95.46642303466797,102.42648315429688,219.46986389160156,302.6567077636719,116.28202056884766,74.46446228027344
2020-02-06,12.712714195251465,38.30305099487305,57.295692443847656,147.39999389648438,95.53426361083984,102.3792724609375,221.36436462402344,303.6752014160156,116.80610656738281,74.71459197998047
2020-02-07,12.643105506896973,37.77167510986328,56.75251770019531,147.7899932861328,95.99192810058594,102.77249145507812,220.41232299804688,302.05670166015625,118.26362609863281,74.69895935058594
2020-02-10,12.529986381530762,37.98073959350586,56.867740631103516,148.1699981689453,96.17839813232422,103.01628112792969,223.0760955810547,304.3116149902344,118.59121704101562,75.5352783203125
2020-02-11,12.573493957519531,38.477272033691406,57.25454330444336,147.66000366210938,95.94950866699219,102.86686706542969,223.1145782470703,304.83892822265625,117.99344635009766,76.10587310791016
2020-02-12,12.747520446777344,38.99994659423828,57.45205307006836,147.5399932861328,95.7037582397461,102.8197021484375,225.2878875732422,306.80303955078125,117.39566802978516,76.5592041015625
2020-02-13,12.75622272491455,38.485984802246094,57.04879379272461,148.3800048828125,95.78849792480469,102.7489013671875,224.9993896484375,306.4757080078125,117.84602355957031,77.02037811279297
2020-02-14,12.747520446777344,38.50341796875,56.95003890991211,149.0,96.02580261230469,103.00056457519531,225.64373779296875,306.9667053222656,118.36193084716797,77.8176040649414
2020-02-18,12.843235969543457,38.250789642333984,56.587928771972656,150.91000366210938,96.17839813232422,103.19715118408203,225.73023986816406,306.1756896972656,119.17256164550781,77.73162841796875
2020-02-19,12.965055465698242,38.529544830322266,56.777217864990234,151.7899932861328,96.16143798828125,103.05560302734375,227.8939971923828,307.6395568847656,119.16426086425781,76.68427276611328
2020-02-20,12.912847518920898,37.928470611572266,56.439788818359375,152.41000366210938,96.44107818603516,103.401611328125,225.77838134765625,306.3756103515625,120.09782409667969,77.59874725341797
2020-02-21,12.860638618469238,37.710697174072266,56.17643737792969,154.6999969482422,96.83097839355469,103.60609436035156,221.44126892089844,303.2205505371094,121.21965789794922,77.8254165649414
2020-02-24,12.616999626159668,36.29947280883789,53.929710388183594,156.08999633789062,97.58528900146484,103.62178802490234,212.90170288085938,293.1640930175781,123.02920532226562,76.76242065429688
2020-02-25,12.382063865661621,36.01200485229492,53.0408935546875,153.3000030517578,97.85645294189453,103.7240219116211,207.11251831054688,284.2805480957031,123.68425750732422,74.68334197998047
2020-02-26,12.260244369506836,36.29947280883789,53.10673141479492,153.97000122070312,97.80565643310547,103.33869934082031,208.17996215820312,283.23492431640625,123.02920532226562,73.8782730102539
2020-02-27,12.051410675048828,35.42835998535156,51.534847259521484,154.0,98.28024291992188,102.78817749023438,197.755615234375,270.5143737792969,124.36396026611328,69.94671630859375
2020-02-28,11.842576026916504,35.297698974609375,51.22211837768555,148.3800048828125,99.38203430175781,103.9442367553711,197.90945434570312,269.3777770996094,127.17252349853516,68.25845336914062
2020-03-02,12.112320899963379,36.06428146362305,51.8804931640625,149.1999969482422,99.31417083740234,103.84092712402344,208.12228393554688,281.0436706542969,126.23680114746094,71.17388153076172
2020-03-03,12.13842487335205,35.82036590576172,51.460777282714844,153.88999938964844,100.46817779541016,105.02363586425781,201.4483642578125,272.99664306640625,128.19674682617188,71.00975799560547
2020-03-04,12.147125244140625,36.45628356933594,52.9997444152832,154.16000366210938,100.24758911132812,105.1734619140625,209.85328674316406,284.4714660644531,126.83551788330078,73.69066619873047
2020-03-05,12.016606330871582,35.689701080322266,51.59245681762695,157.49000549316406,101.13853454589844,105.13401794433594,203.47747802734375,275.0152282714844,129.99269104003906,72.1118392944336
2020-03-06,11.625043869018555,34.95796203613281,50.8188591003418,157.5500030517578,102.16527557373047,105.86729431152344,200.04434204101562,270.4688415527344,136.7579803466797,70.8690414428711
2020-03-09,10.720099449157715,32.57109451293945,46.876792907714844,157.80999755859375,103.08171081542969,103.29690551757812,186.1483612060547,249.3468017578125,140.4645233154297,65.40554809570312
2020-03-10,11.059453964233398,34.22622299194336,48.605045318603516,154.47999572753906,101.18944549560547,100.97088623046875,196.2842559814453,262.2492370605469,133.26463317871094,68.1688461303711
2020-03-11,10.859321594238281,32.632080078125,46.12788391113281,153.92999267578125,100.17970275878906,97.65144348144531,187.73507690429688,249.4650421142578,128.36068725585938,64.07273864746094
2020-03-12,10.4242525100708,29.36538314819336,41.058345794677734,147.7899932861328,100.2305908203125,92.99161529541016,170.5214385986328,225.59689331054688,129.15615844726562,57.581966400146484
2020-03-13,10.537370681762695,31.482192993164062,43.543731689453125,143.27999877929688,99.57723236083984,97.02069091796875,184.96560668945312,244.88226318359375,126.23680114746094,62.60758590698242
2020-03-16,9.90217113494873,27.553455352783203,39.05027770996094,141.63999938964844,102.20773315429688,95.64091491699219,162.80892944335938,218.08636474609375,134.41265869140625,51.5086784362793
2020-03-17,9.74554443359375,29.452495574951172,40.951358795166016,143.55999755859375,99.64509582519531,91.72222137451172,175.1566162109375,229.861328125,125.4495849609375,54.48624038696289
2020-03-18,9.423593521118164,26.908828735351562,38.605865478515625,140.6999969482422,98.261962890625,87.13333892822266,169.82899475097656,218.22271728515625,118.37264251708984,49.30308151245117
2020-03-19,9.623725891113281,27.117895126342773,39.206642150878906,138.0399932861328,98.58442687988281,82.82829284667969,170.84837341308594,218.6864776611328,121.59542083740234,49.476383209228516
2020-03-20,9.519309043884277,27.318254470825195,38.72108840942383,140.11000061035156,101.09611511230469,84.16085815429688,164.1552276611328,209.26235961914062,130.73880004882812,47.01083755493164
2020-03-23,9.632427215576172,26.6649169921875,38.26844024658203,146.3000030517578,102.29258728027344,90.3818130493164,164.2737579345703,203.91189575195312,136.12652587890625,44.828861236572266
2020-03-24,9.841259956359863,28.668487548828125,41.510986328125,153.39999389648438,101.59677124023438,92.23468017578125,176.9947052001953,222.38697814941406,133.59266662597656,48.861968994140625
2020-03-25,10.006586074829102,29.678983688354492,42.86066436767578,151.3000030517578,101.65616607666016,96.65010833740234,175.6840362548828,225.7161407470703,133.28919982910156,51.4929313659668
2020-03-26,9.971780776977539,30.802724838256836,44.778202056884766,153.24000549316406,101.90223693847656,96.72897338867188,184.93568420410156,238.89566040039062,133.9452362060547,55.124290466308594
2020-03-27,9.936975479125977,29.05177879333496,43.502593994140625,152.25,102.65743255615234,96.5318374633789,178.5751953125,231.77999877929688,137.5205535888672,55.179439544677734
2020-03-30,9.910871505737305,29.53089141845703,44.38317108154297,152.9199981689453,102.8950424194336,97.70663452148438,185.0706024169922,239.3071746826172,136.3889617919922,56.38463592529297
2020-03-31,9.789052963256836,29.73125457763672,43.99637222290039,148.0500030517578,103.08171081542969,97.38341522216797,183.4901123046875,235.74026489257812,135.2819366455078,55.02189254760742
2020-04-01,9.51060962677002,28.459415435791016,42.04591369628906,149.4499969482422,103.50138854980469,95.96847534179688,175.6937255859375,225.1308135986328,137.17727661132812,51.40628433227539
2020-04-02,9.693337440490723,29.417648315429688,42.868900299072266,151.89999389648438,103.51844787597656,96.22142791748047,179.2594451904297,230.32577514648438,138.04779052734375,51.57958984375
2020-04-03,9.936975479125977,28.860136032104492,41.88954544067383,152.64999389648438,103.59481811523438,95.72344970703125,176.71524047851562,226.99661254882812,138.3762969970703,50.83125305175781
2020-04-06,9.98918342590332,30.43685531616211,44.1115837097168,156.8800048828125,103.12757873535156,97.61263275146484,189.34945678710938,242.2431640625,138.01487731933594,54.59653091430664
2020-04-07,10.058795928955078,30.593660354614258,44.35848617553711,156.0399932861328,102.66881561279297,97.76282501220703,189.27235412597656,242.49008178710938,136.56951904296875,55.10066604614258
2020-04-08,10.032690048217773,30.907258987426758,44.72060012817383,154.64999389648438,102.5413818359375,99.52549743652344,193.29104614257812,250.6300811767578,135.57589721679688,58.858070373535156
2020-04-09,10.058795928955078,30.79401206970215,45.73285675048828,158.69000244140625,102.76227569580078,104.20497131347656,193.57049560546875,254.44403076171875,135.82225036621094,62.15858840942383
2020-04-13,10.23282241821289,30.837566375732422,45.29667663574219,161.41000366210938,102.5413818359375,103.19317626953125,195.66175842285156,252.12091064453125,134.58216857910156,59.54339599609375
2020-04-14,10.145808219909668,31.543176651000977,46.10319137573242,162.67999267578125,102.67733764648438,102.68730926513672,204.17129516601562,259.55670166015625,134.54942321777344,61.21332931518555
2020-04-15,9.936975479125977,30.733030319213867,44.662986755371094,161.85000610351562,103.59481811523438,103.37496948242188,201.82948303222656,254.0415496826172,138.1134490966797,58.78717803955078
2020-04-16,9.910871505737305,30.8985538482666,44.68767547607422,161.7100067138672,103.7052993774414,102.8612060546875,205.5108642578125,255.26719665527344,139.68206787109375,58.11760711669922
2020-04-17,9.954378128051758,31.586732864379883,45.872764587402344,158.57000732421875,103.43344116210938,103.20111083984375,207.47682189941406,262.1633605957031,137.80966186523438,59.95297622680664
2020-04-20,9.789052963256836,31.186017990112305,45.18968963623047,159.6999969482422,103.7052993774414,102.61619567871094,205.01937866210938,257.5445861816406,138.918212890625,57.7237434387207
2020-04-21,9.327878952026367,30.323610305786133,44.309104919433594,158.61000061035156,103.99415588378906,102.25255584716797,197.45423889160156,249.724609375,140.66746520996094,56.67610168457031
2020-04-22,9.458399772644043,31.151172637939453,45.05801773071289,161.72999572753906,103.67131042480469,102.31578826904297,203.31356811523438,255.26719665527344,139.2303466796875,57.5425910949707
2020-04-23,9.432295799255371,31.037933349609375,44.91810989379883,163.33999633789062,103.7392807006836,102.75056457519531,202.87994384765625,255.24884033203125,139.96942138671875,57.06207275390625
2020-04-24,9.310476303100586,30.994375228881836,45.436580657958984,162.63999938964844,103.76471710205078,102.67940521240234,206.0794677734375,258.806640625,140.29794311523438,57.30625534057617
2020-04-27,9.136448860168457,31.6215763092041,46.037353515625,161.55999755859375,103.2125473022461,101.84944152832031,207.73704528808594,262.5382385253906,137.6864471435547,59.267669677734375
2020-04-28,9.145150184631348,31.68255615234375,46.38301086425781,160.83999633789062,103.66278839111328,102.12609100341797,203.8243408203125,261.3311462402344,139.27134704589844,59.75606918334961
2020-04-29,9.310476303100586,32.605934143066406,47.54341125488281,161.72999572753906,103.61186218261719,102.79798126220703,211.05213928222656,268.1722106933594,138.54876708984375,60.6540641784668
2020-04-30,9.484502792358398,31.91775131225586,46.55583190917969,158.8000030517578,103.36547088623047,102.10236358642578,210.96546936035156,265.6754150390625,136.930908203125,59.95297622680664
2020-05-01,9.36268424987793,30.767881393432617,45.54357147216797,159.77999877929688,103.50834655761719,101.69825744628906,205.01937866210938,258.6420593261719,138.10350036621094,57.92857360839844
2020-05-04,9.475802421569824,31.09891128540039,45.52711486816406,160.33999633789062,103.52535247802734,101.8567123413086,207.4093780517578,259.35540771484375,137.45391845703125,57.64497756958008
2020-05-05,9.719440460205078,31.273130416870117,45.609413146972656,161.02000427246094,103.44879913330078,101.72203826904297,209.7607879638672,261.7518310546875,136.57408142089844,57.92857360839844
2020-05-06,9.528010368347168,31.177305221557617,45.31313705444336,158.9499969482422,103.06610870361328,100.5809326171875,211.05213928222656,259.9774475097656,134.37026977539062,56.888797760009766
2020-05-07,9.588920593261719,31.4299373626709,45.99620819091797,161.38999938964844,103.69542694091797,100.85037994384766,213.7698516845703,263.1144714355469,136.61521911621094,57.70012283325195
2020-05-08,9.789052963256836,32.09197998046875,46.77803421020508,160.4199981689453,103.35525512695312,100.36698150634766,216.6995086669922,267.46795654296875,134.8390655517578,59.07075119018555
2020-05-11,9.65853214263916,31.88291358947754,46.73688507080078,159.4199981689453,103.06610870361328,99.4874038696289,218.63658142089844,267.5229797363281,133.78648376464844,58.2121467590332
2020-05-12,9.580219268798828,31.760957717895508,46.144344329833984,160.0399932861328,103.40630340576172,100.44624328613281,214.05894470214844,262.19073486328125,135.15968322753906,55.5654296875
2020-05-13,9.484502792358398,31.699975967407227,45.79045867919922,161.5800018310547,103.618896484375,100.6760482788086,211.37985229492188,257.5536804199219,136.10537719726562,54.21841812133789
2020-05-14,9.649829864501953,31.82193374633789,45.354286193847656,163.00999450683594,103.7804946899414,101.50808715820312,213.77947998046875,260.6358337402344,137.43753051757812,54.407474517822266
2020-05-15,9.74554443359375,31.38637351989746,45.39543914794922,163.92999267578125,103.71246337890625,101.8646469116211,215.16725158691406,261.83404541015625,137.08383178710938,54.19478988647461
2020-05-18,10.0239896774292,32.61465835571289,47.230674743652344,162.69000244140625,103.07457733154297,102.443115234375,219.17625427246094,269.8094482421875,134.0742950439453,57.40079116821289
2020-05-19,9.997885704040527,32.353309631347656,46.580528259277344,164.25999450683594,103.36377716064453,102.5223617553711,218.62693786621094,267.0382080078125,134.5758514404297,56.62882995605469
2020-05-20,10.171913146972656,32.78017044067383,47.551639556884766,164.64999389648438,103.38924407958984,103.6475830078125,222.9925079345703,271.5746154785156,134.978759765625,57.13296127319336
2020-05-21,10.128405570983887,32.405582427978516,47.000240325927734,162.25,103.45733642578125,103.568359375,220.56398010253906,269.69964599609375,135.31591796875,57.18022537231445
2020-05-22,10.050093650817871,31.734821319580078,46.86857223510742,163.2100067138672,103.65290069580078,103.568359375,221.32533264160156,270.21185302734375,136.12997436523438,57.95219802856445
2020-05-26,10.154510498046875,32.431724548339844,48.21002197265625,160.88999938964844,103.38074493408203,103.42572784423828,220.72784423828125,273.54107666015625,134.30450439453125,60.118404388427734
2020-05-27,10.0239896774292,32.53624725341797,48.794334411621094,161.17999267578125,103.46582794189453,103.85359191894531,221.9324493408203,277.6109313964844,134.05784606933594,61.31573486328125
2020-05-28,10.07619857788086,32.309757232666016,49.25519561767578,161.72000122070312,103.372314453125,103.94075012207031,221.64332580566406,277.098876953125,133.56442260742188,61.607177734375
2020-05-29,10.250225067138672,32.867271423339844,49.082374572753906,162.91000366210938,103.7039566040039,104.61430358886719,224.89105224609375,278.3335876464844,134.5183563232422,60.99279022216797
2020-06-01,10.311135292053223,33.625144958496094,50.176937103271484,163.66000366210938,103.66307830810547,104.5682601928711,225.5655975341797,279.4585266113281,133.6125946044922,62.40278625488281
2020-06-02,10.4242525100708,34.42658615112305,50.646034240722656,162.60000610351562,103.4928207397461,104.90184783935547,227.0786895751953,281.7724914550781,133.1268310546875,62.90693664550781
2020-06-03,10.4242525100708,35.228004455566406,51.855804443359375,159.60000610351562,102.8798828125,104.8383560180664,228.1001739501953,285.5223693847656,131.35662841796875,64.92349243164062
2020-06-04,10.511266708374023,34.731468200683594,51.633602142333984,161.27999877929688,102.47124481201172,104.52056121826172,226.5004119873047,284.7724304199219,129.4547576904297,64.27752685546875
2020-06-05,10.720099449157715,35.64613723754883,52.52241516113281,158.00999450683594,101.96048736572266,105.06071472167969,230.99127197265625,292.0710144042969,128.5325164794922,66.71157836914062
2020-06-08,10.650487899780273,35.863914489746094,53.20549011230469,159.72000122070312,102.07113647460938,105.41024017333984,232.78384399414062,295.6013488769531,129.02651977539062,68.36579132080078
2020-06-09,10.685294151306152,35.6200065612793,52.51419448852539,161.25999450683594,102.43720245361328,105.18782806396484,234.47030639648438,293.3971862792969,130.49221801757812,67.2314682006836
2020-06-10,10.754905700683594,35.881343841552734,52.39897537231445,163.57000732421875,103.20339965820312,105.8789291381836,237.2843475341797,291.76007080078125,132.42697143554688,65.52215576171875
2020-06-11,10.406848907470703,34.00844192504883,49.59261703491211,162.38999938964844,103.56944274902344,104.61590576171875,225.52706909179688,274.94036865234375,134.9300079345703,61.31573486328125
2020-06-12,10.450358390808105,34.731468200683594,50.44852066040039,162.6199951171875,103.33958435058594,105.12430572509766,227.31961059570312,278.23291015625,133.6291046142578,63.51347351074219
2020-06-15,10.546072959899902,34.41604232788086,50.655517578125,162.3300018310547,103.25446319580078,106.61768341064453,230.0854034423828,280.8304443359375,133.70318603515625,64.41146850585938
2020-06-16,10.633086204528809,34.63509750366211,51.28150177001953,162.25,103.04164123535156,106.32376861572266,234.03659057617188,286.23577880859375,131.6530303955078,65.67970275878906
2020-06-17,10.580878257751465,34.968040466308594,51.47348403930664,162.55999755859375,103.20339965820312,106.11724090576172,234.77870178222656,285.04681396484375,132.19650268554688,64.72654724121094
2020-06-18,10.6417875289917,34.985557556152344,51.19804000854492,162.24000549316406,103.43325805664062,106.35552215576172,235.41468811035156,285.15655517578125,133.59616088867188,64.01759338378906
2020-06-19,10.728800773620605,34.97679901123047,50.9476432800293,164.02999877929688,103.46729278564453,106.43497467041016,235.37615966796875,283.52691650390625,133.70318603515625,63.08809280395508
2020-06-22,10.8419189453125,35.406124114990234,51.556949615478516,165.08999633789062,103.37362670898438,106.3316650390625,238.19898986816406,285.34576416015625,133.71966552734375,63.025089263916016
2020-06-23,10.78971004486084,35.74782180786133,51.840728759765625,166.47999572753906,103.33958435058594,106.13312530517578,240.22628784179688,286.65936279296875,132.80575561523438,62.76513671875
2020-06-24,10.519967079162598,35.274696350097656,50.51361846923828,165.89999389648438,103.53536224365234,105.8392105102539,235.2738494873047,279.3471374511719,134.23016357421875,60.977020263671875
2020-06-25,10.615682601928711,35.423641204833984,51.23142623901367,165.8000030517578,103.55242919921875,105.95039367675781,237.51353454589844,282.34185791015625,134.61709594726562,61.755828857421875
2020-06-26,10.485161781311035,34.994327545166016,50.48857879638672,166.5399932861328,103.83334350585938,106.04576110839844,231.90469360351562,275.63580322265625,136.05796813964844,60.57051467895508
2020-06-29,10.65919017791748,35.15202713012695,50.89756774902344,166.6300048828125,103.93547058105469,106.53821563720703,234.43392944335938,279.6870422363281,135.62985229492188,61.73992919921875
2020-06-30,10.711398124694824,35.03813171386719,50.80575180053711,167.3699951171875,103.74820709228516,106.84011840820312,239.02915954589844,283.26971435546875,134.9711456298828,62.47179412841797
2020-07-01,10.79841136932373,35.43240737915039,50.997718811035156,166.6199951171875,103.58633422851562,107.26206970214844,241.81918334960938,285.25390625,134.70899963378906,63.91165542602539
2020-07-02,10.8419189453125,36.23849105834961,51.556949615478516,166.97999572753906,103.71412658691406,107.52482604980469,243.4602813720703,286.8247375488281,134.8491668701172,63.728702545166016
2020-07-06,10.928933143615723,37.798072814941406,52.39995574951172,167.97999572753906,103.56074523925781,107.80347442626953,249.4456329345703,291.2525939941406,134.29690551757812,63.696895599365234
2020-07-07,10.937634468078613,37.1672248840332,51.63206100463867,169.0399932861328,103.89308166503906,107.9468002319336,247.72731018066406,288.2486572265625,136.1845245361328,62.43202590942383
2020-07-08,11.07685661315918,38.13102340698242,52.06608200073242,170.08999633789062,103.73119354248047,107.77166748046875,250.99029541015625,290.453369140625,135.6404266357422,62.344512939453125
2020-07-09,10.94633674621582,38.13102340698242,51.47348403930664,169.6300048828125,104.0634994506836,108.3767318725586,253.1044921875,288.7998352050781,137.8001708984375,61.954715728759766
2020-07-10,11.015946388244629,37.885684967041016,52.02435302734375,169.19000244140625,103.8590087890625,108.17769622802734,254.83255004882812,291.74871826171875,137.10772705078125,62.14562225341797
2020-07-13,10.902828216552734,37.63160705566406,51.690494537353516,169.39999389648438,103.96974182128906,107.89107513427734,249.5904998779297,289.222412109375,137.56118774414062,61.40580368041992
2020-07-14,10.955038070678711,37.684173583984375,52.45003890991211,170.19000244140625,103.96124267578125,108.52005004882812,251.3571319580078,292.97039794921875,137.7589874267578,61.922882080078125
2020-07-15,11.085556983947754,37.798072814941406,53.042640686035156,170.33999633789062,103.92713165283203,108.73504638671875,251.86878967285156,295.662109375,137.11599731445312,62.527488708496094
2020-07-16,10.998544692993164,37.26361083984375,52.7004280090332,168.72999572753906,104.00382232666016,109.0375747680664,250.15036010742188,294.6882629394531,137.76718139648438,61.779701232910156
2020-07-17,11.015946388244629,37.47389221191406,53.00925064086914,170.1199951171875,103.97830200195312,109.3321533203125,250.44004821777344,295.5426025390625,137.47872924804688,62.58317565917969
2020-07-20,11.007245063781738,37.955787658691406,53.26799392700195,170.94000244140625,104.04643249511719,109.63471221923828,257.5451965332031,297.9310302734375,137.81663513183594,61.835384368896484
2020-07-21,11.16386890411377,38.30625534057617,53.376502990722656,173.0,104.1572265625,109.77802276611328,254.8615264892578,298.5648498535156,137.89913940429688,61.986534118652344
2020-07-22,11.233481407165527,38.1397819519043,53.51839828491211,175.6300048828125,104.19129943847656,110.13626098632812,255.75930786132812,300.2644348144531,138.31124877929688,62.93318557739258
2020-07-23,11.207377433776855,37.83312225341797,53.09272003173828,177.17999267578125,104.29353332519531,110.2159194946289,249.0788116455078,296.6816711425781,139.92691040039062,62.67067337036133
2020-07-24,11.224780082702637,37.798072814941406,52.80059051513672,178.6999969482422,104.24241638183594,109.9690933227539,246.71368408203125,294.7709655761719,139.91864013671875,62.20926284790039
2020-07-27,11.32919692993164,38.385108947753906,53.493350982666016,182.22999572753906,104.08052062988281,109.63471221923828,251.1157989501953,296.9205627441406,139.3993377685547,62.797943115234375
2020-07-28,11.26828670501709,38.06968307495117,53.151145935058594,183.75,104.32760620117188,109.52320098876953,247.92037963867188,295.0373840332031,140.36386108398438,64.04691314697266
2020-07-29,11.32919692993164,38.68301010131836,53.710365295410156,185.1300048828125,104.46395111083984,110.12039947509766,250.7779541015625,298.6659851074219,140.12474060058594,65.28793334960938
2020-07-30,11.198676109313965,38.19235610961914,52.917442321777344,183.75999450683594,104.60880279541016,110.00093078613281,252.09091186523438,297.6003112792969,141.0479736328125,64.8663101196289
2020-07-31,11.259584426879883,37.92949676513672,51.7906494140625,185.42999267578125,104.63435363769531,110.15225982666016,256.58953857421875,299.9520263671875,140.9573211669922,64.74697875976562
2020-08-03,11.372702598571777,38.19235610961914,52.80059051513672,185.63999938964844,104.58320617675781,110.29985809326172,260.05523681640625,302.03729248046875,140.24755859375,63.88780212402344
2020-08-04,11.433613777160645,38.700531005859375,53.09272003173828,189.58999633789062,104.94135284423828,110.70679473876953,261.0206298828125,303.2039794921875,141.58448791503906,64.8424301147461
2020-08-05,11.529328346252441,39.12109375,53.26799392700195,191.35000610351562,104.59173583984375,110.55512237548828,261.6674499511719,305.0871887207031,140.34658813476562,64.51627349853516
2020-08-06,11.616342544555664,39.243751525878906,53.326419830322266,193.88999938964844,104.71115112304688,111.02590942382812,265.1332092285156,307.1265563964844,141.1305694580078,64.61968994140625
2020-08-07,11.459716796875,38.43767547607422,53.10940933227539,190.80999755859375,104.4893798828125,110.71472930908203,262.0729675292969,307.3470458984375,140.1898651123047,65.54248809814453
2020-08-10,11.520626068115234,38.534061431884766,53.28468322753906,190.14999389648438,104.37853240966797,110.47535705566406,260.9531555175781,308.2657165527344,139.5626678466797,65.6458969116211
2020-08-11,11.337898254394531,38.428916931152344,53.47666549682617,179.94000244140625,104.0203857421875,109.78121185302734,256.0103454589844,305.7210998535156,137.90396118164062,64.69925689697266
2020-08-12,11.459716796875,38.94586181640625,54.66188049316406,179.10000610351562,103.7133560180664,109.5098876953125,262.4494323730469,309.9835205078125,136.64962768554688,65.35155487060547
2020-08-13,11.520626068115234,38.83195877075195,54.419830322265625,183.3300018310547,103.50019836425781,108.5205307006836,263.0480041503906,309.4231262207031,135.18893432617188,64.54808044433594
2020-08-14,11.520626068115234,38.76186752319336,54.08596420288086,182.5399932861328,103.55134582519531,108.04180145263672,262.73907470703125,309.43231201171875,134.6607208251953,64.55604553222656
2020-08-17,11.712056159973145,39.25251770019531,54.49494552612305,186.5,103.72190856933594,108.26522064208984,265.78961181640625,310.415283203125,134.9990997314453,65.08108520507812
2020-08-18,11.73816204071045,39.208709716796875,54.46156311035156,188.17999267578125,103.9009780883789,108.57638549804688,268.3479309082031,311.0858459472656,135.96469116210938,64.77082824707031
2020-08-19,11.70335578918457,38.7268180847168,54.219505310058594,182.24000549316406,103.7645492553711,108.28914642333984,266.54266357421875,309.7906494140625,135.1147003173828,63.63325119018555
2020-08-20,11.685953140258789,38.604156494140625,54.04423522949219,183.5,104.06304168701172,108.67216491699219,270.2400207519531,310.75506591796875,136.3360137939453,64.23783111572266
2020-08-21,11.572834968566895,38.796905517578125,53.768795013427734,182.02999877929688,104.13976287841797,108.87158966064453,272.1128845214844,311.8575134277344,137.1529541015625,64.34123992919922
2020-08-24,11.633745193481445,39.226234436035156,54.478248596191406,181.0,103.99479675292969,108.68014526367188,273.81201171875,315.01763916015625,136.93017578125,64.75492858886719
2020-08-25,11.729459762573242,39.620521545410156,54.51164245605469,181.22000122070312,103.74748992919922,108.2093734741211,275.9648132324219,316.1199645996094,135.88214111328125,64.92198181152344
2020-08-26,11.75556468963623,39.72565460205078,54.82880783081055,183.36000061035156,103.70484924316406,108.24920654296875,281.85369873046875,319.2893371582031,135.36221313476562,64.3253402709961
2020-08-27,11.712056159973145,39.39270782470703,54.269588470458984,181.24000549316406,103.33816528320312,107.38756561279297,280.9751281738281,319.98748779296875,133.05984497070312,65.27200317382812
2020-08-28,11.790369987487793,39.909645080566406,54.653533935546875,184.38999938964844,103.50872802734375,107.71466827392578,282.40380859375,322.05438232421875,132.96078491210938,65.70156860351562
2020-08-31,11.781667709350586,39.024715423583984,54.2362060546875,184.8300018310547,103.61956024169922,108.19340515136719,284.67254638671875,320.8877258300781,133.84378051757812,65.0333480834961
2020-09-01,11.799071311950684,39.69060516357422,54.29463577270508,185.0500030517578,103.95919799804688,108.8770751953125,289.53814697265625,323.90997314453125,135.37469482421875,65.08108520507812
2020-09-02,11.642447471618652,39.58546447753906,55.020782470703125,182.6199951171875,104.10429382324219,109.30886840820312,292.27984619140625,328.5949401855469,136.66348266601562,66.29026794433594
2020-09-03,11.538029670715332,38.83195877075195,53.777137756347656,181.13999938964844,104.24081420898438,109.06897735595703,277.4612121582031,317.28662109375,137.05178833007812,65.49475860595703
2020-09-04,11.433613777160645,38.849483489990234,53.85226058959961,181.63999938964844,103.66053009033203,107.9095458984375,273.7637023925781,314.6960754394531,134.44943237304688,65.1526870727539
2020-09-08,11.155168533325195,38.17482376098633,53.19287872314453,181.2899932861328,103.88245391845703,108.01348876953125,260.6055603027344,306.09765625,135.27560424804688,64.35716247558594
2020-09-09,11.259584426879883,38.74433898925781,54.186119079589844,183.0500030517578,103.83122253417969,108.08544921875,268.2610778808594,312.1423034667969,134.91207885742188,64.99357604980469
2020-09-10,11.146467208862305,38.122257232666016,53.55178451538086,182.4600067138672,103.95919799804688,108.1654281616211,262.912841796875,306.7223815917969,135.59780883789062,64.19807434082031
2020-09-11,11.224780082702637,38.49024963378906,54.08596420288086,182.4499969482422,104.121337890625,108.24537658691406,261.0882873535156,306.8785095214844,135.88694763183594,63.84008026123047
2020-09-14,11.233481407165527,39.112335205078125,54.37810134887695,183.88999938964844,104.02749633789062,108.51724243164062,265.6352233886719,310.9205017089844,135.87869262695312,65.39930725097656
2020-09-15,11.294389724731445,39.52413558959961,54.72865676879883,183.4499969482422,103.97628021240234,108.63721466064453,269.4001770019531,312.4914245605469,135.5481719970703,66.18685150146484
2020-09-16,11.50322437286377,39.471561431884766,54.72865676879883,183.97000122070312,103.91654205322266,108.70915985107422,265.1042175292969,311.2512512207031,135.1433868408203,66.536865234375
2020-09-17,11.633745193481445,39.313846588134766,54.80377197265625,182.9600067138672,103.95069122314453,108.73316192626953,260.96270751953125,308.5137634277344,135.55641174316406,65.24020385742188
2020-09-18,11.685953140258789,39.007198333740234,54.36140060424805,183.1999969482422,103.85679626464844,108.53324890136719,257.6322021484375,304.9618225097656,135.13516235351562,63.76850128173828
2020-09-21,11.398807525634766,38.64795684814453,52.98421096801758,179.52000427246094,104.04456329345703,108.4292984008789,258.2500305175781,301.56781005859375,135.82081604003906,61.851280212402344
2020-09-22,11.346599578857422,38.358829498291016,52.967525482177734,178.64999389648438,104.04456329345703,108.49327850341797,263.0480041503906,304.6390075683594,135.71348571777344,62.591129302978516
2020-09-23,11.216078758239746,37.763023376464844,52.525150299072266,174.7899932861328,104.04456329345703,107.70966339111328,255.01602172851562,297.5741882324219,135.89520263671875,60.70576095581055
2020-09-24,11.26828670501709,37.587791442871094,52.475067138671875,175.44000244140625,104.09575653076172,107.437744140625,256.2033996582031,298.3674621582031,136.41566467285156,61.031898498535156
2020-09-25,11.26828670501709,37.622840881347656,52.65034866333008,174.94000244140625,104.18112182617188,107.32584381103516,262.15972900390625,303.19110107421875,136.41566467285156,62.290550231933594
2020-09-28,11.364002227783203,38.043399810791016,53.443275451660156,176.6999969482422,104.16404724121094,107.86956787109375,267.60455322265625,308.22686767578125,136.02735900878906,63.565223693847656
2020-09-29,11.233481407165527,38.01711654663086,53.38485336303711,178.19000244140625,104.24081420898438,107.73363494873047,266.3978576660156,306.54827880859375,136.18434143066406,63.10826110839844
2020-09-30,11.364002227783203,38.63043975830078,53.1261100769043,177.1199951171875,103.95919799804688,107.71761322021484,268.22235107421875,308.8724365234375,134.87904357910156,63.30067443847656
2020-10-01,11.224780082702637,38.98966979980469,53.434932708740234,178.6999969482422,104.0181655883789,108.01739501953125,272.4798583984375,310.8555603027344,135.1014862060547,64.56731414794922
2020-10-02,11.085556983947754,38.542823791503906,53.326419830322266,178.5399932861328,103.91568756103516,108.03338623046875,264.81463623046875,307.9040832519531,134.59698486328125,65.68164825439453
2020-10-05,11.372702598571777,39.05976104736328,54.136043548583984,179.41000366210938,103.25814056396484,107.67273712158203,270.4621276855469,313.36407470703125,131.96717834472656,66.05844116210938
2020-10-06,11.416210174560547,39.129852294921875,53.56013107299805,177.3000030517578,103.49720764160156,107.58460998535156,265.6352233886719,308.9093322753906,132.67831420898438,65.62555694580078
2020-10-07,11.459716796875,39.55918502807617,54.019187927246094,177.22000122070312,103.1983642578125,107.61666870117188,270.2304382324219,314.2864990234375,131.71072387695312,65.72175598144531
2020-10-08,11.572834968566895,39.883365631103516,54.394779205322266,177.85000610351562,103.38623046875,107.88114166259766,271.6688232421875,317.07177734375,132.42190551757812,66.82003784179688
2020-10-09,11.607641220092773,40.15497589111328,54.820465087890625,181.0800018310547,103.33497619628906,108.1295394897461,275.82000732421875,319.9033508300781,132.3971405029297,66.55550384521484
2020-10-12,11.485820770263672,40.50544357299805,55.137630462646484,180.55999755859375,103.44601440429688,108.75459289550781,284.3346252441406,325.0497741699219,132.8189697265625,66.86814880371094
2020-10-13,11.51192569732666,40.33897018432617,54.51998519897461,177.72000122070312,103.67658233642578,108.65045166015625,284.3251037597656,322.928466796875,133.7699432373047,65.72175598144531
2020-10-14,11.590237617492676,40.06735610961914,54.42817306518555,178.27000427246094,103.71073913574219,108.75459289550781,281.9501037597656,320.8994140625,134.07603454589844,64.9200668334961
2020-10-15,11.625043869018555,39.778221130371094,53.785491943359375,178.9199981689453,103.59970092773438,108.64244079589844,280.0580749511719,320.5027770996094,133.84437561035156,65.25675964355469
2020-10-16,11.546731948852539,39.91840744018555,54.03588104248047,178.3000030517578,103.53992462158203,108.45811462402344,278.5231628417969,320.3092041015625,133.47219848632812,64.79179382324219
2020-10-19,11.555431365966797,39.804508209228516,53.835567474365234,178.38999938964844,103.36911010742188,108.24974822998047,273.9761047363281,315.4392395019531,132.9678192138672,63.78167724609375
2020-10-20,11.685953140258789,40.242591857910156,54.102657318115234,179.25,103.14712524414062,108.02535247802734,274.5650939941406,316.70294189453125,131.7024688720703,64.23863220214844
2020-10-21,11.590237617492676,40.35649871826172,53.84391784667969,180.60000610351562,103.0104751586914,107.84901428222656,274.3526611328125,316.1034240722656,131.24757385253906,64.04623413085938
2020-10-22,11.625043869018555,40.34773254394531,53.885643005371094,178.8300018310547,102.6518325805664,107.60865783691406,274.3428955078125,317.83734130859375,129.883056640625,64.03821563720703
2020-10-23,11.538029670715332,40.58430480957031,54.2362060546875,178.63999938964844,102.7969970703125,107.88114166259766,274.8836364746094,318.9164733886719,130.6769256591797,64.42302703857422
2020-10-26,11.372702598571777,40.0586051940918,53.259647369384766,178.5500030517578,103.07025146484375,108.10549926757812,270.7613220214844,313.02288818359375,131.89263916015625,63.5010871887207
2020-10-27,11.45101547241211,40.233829498291016,52.84232711791992,179.02000427246094,103.30084991455078,108.54625701904297,272.8756408691406,311.9438171386719,132.777587890625,62.48295974731445
2020-10-28,11.146467208862305,39.226234436035156,51.26481246948242,176.1300048828125,103.29232025146484,108.00936126708984,262.237060546875,301.2818908691406,132.90159606933594,60.991825103759766
2020-10-29,11.007245063781738,39.620521545410156,51.50686264038086,175.39999389648438,102.85677337646484,107.72883605957031,266.8226318359375,304.34393310546875,131.61143493652344,61.809539794921875
2020-10-30,11.007245063781738,39.17366409301758,51.23977279663086,176.1999969482422,102.52373504638672,107.16789245605469,260.05523681640625,301.1712341308594,130.31307983398438,61.40067672729492
2020-11-02,11.207377433776855,39.6730842590332,51.90750503540039,177.91000366210938,102.69978332519531,107.58788299560547,260.634521484375,304.546875,131.2891082763672,62.86775588989258
2020-11-03,11.276987075805664,39.84831619262695,53.26799392700195,178.9199981689453,102.4690170288086,107.69231414794922,265.1427917480469,309.9239196777344,130.5275115966797,64.07829284667969
2020-11-04,11.398807525634766,41.10124206542969,53.85226058959961,178.82000732421875,103.33209228515625,109.3064956665039,276.9784851074219,316.8504638671875,133.35888671875,64.1905288696289
2020-11-05,11.45101547241211,41.802181243896484,55.14598846435547,182.92999267578125,103.31499481201172,109.71603393554688,284.1995544433594,323.0299377441406,133.59071350097656,64.49517059326172
2020-11-06,11.40750789642334,41.994937896728516,55.262840270996094,183.19000244140625,102.96468353271484,109.37073516845703,284.41192626953125,322.95611572265625,131.97625732421875,64.05423736572266
2020-11-09,11.546731948852539,42.28407669067383,56.87373352050781,175.0800018310547,102.20417785644531,108.54356384277344,278.600341796875,327.0142822265625,129.20285034179688,66.3230209350586
2020-11-10,11.772966384887695,41.802181243896484,57.38287353515625,175.66000366210938,101.91366577148438,108.26250457763672,273.6092224121094,326.5347595214844,128.45770263671875,67.29305267333984
2020-11-11,11.764266014099121,42.073795318603516,57.866973876953125,174.89999389648438,102.07599639892578,108.4632568359375,279.72979736328125,328.96038818359375,128.92132568359375,67.549560546875
2020-11-12,11.668549537658691,41.75837326049805,57.02396774291992,175.9600067138672,102.65704345703125,108.89688873291016,278.41680908203125,325.7691955566406,131.11526489257812,66.66773223876953
2020-11-13,11.616342544555664,42.34541320800781,57.90036392211914,177.16000366210938,102.52033996582031,109.02540588378906,280.8592529296875,330.2792663574219,130.94143676757812,68.44744873046875
2020-11-16,11.720759391784668,42.871116638183594,58.50130844116211,177.14999389648438,102.44341278076172,109.37873840332031,283.0507507324219,334.4020690917969,130.62681579589844,69.21705627441406
2020-11-17,11.75556468963623,42.82730484008789,58.442893981933594,176.5,102.70832061767578,109.73208618164062,282.1529846191406,332.60345458984375,131.4795379638672,69.28119659423828
2020-11-18,11.772966384887695,42.678348541259766,58.13407516479492,175.49000549316406,102.6740951538086,109.96498107910156,280.06768798828125,328.60076904296875,131.86041259765625,67.93437957763672
2020-11-19,11.772966384887695,42.748443603515625,58.543052673339844,175.16000366210938,102.78523254394531,110.57528686523438,282.259033203125,329.9842224121094,132.53921508789062,68.19894409179688
2020-11-20,11.833876609802246,42.985015869140625,58.718326568603516,175.69000244140625,102.96468353271484,110.47894287109375,280.32830810546875,327.72454833984375,133.71493530273438,67.83016967773438
2020-11-23,11.868682861328125,43.098915100097656,58.64321517944336,172.22999572753906,102.75959777832031,110.6155014038086,280.33807373046875,329.68896484375,133.10232543945312,67.95841979980469
2020-11-24,12.121023178100586,43.677188873291016,59.51960372924805,169.58999633789062,102.59722900390625,110.36653137207031,284.2767639160156,335.0015563964844,131.77769470214844,68.31919860839844
2020-11-25,12.225438117980957,43.43186569213867,59.444488525390625,169.50999450683594,102.63143920898438,110.4307632446289,286.02410888671875,334.4850769042969,131.37193298339844,68.35928344726562
2020-11-27,12.199335098266602,43.843666076660156,59.853450775146484,167.7899932861328,102.93901824951172,110.82429504394531,288.6596374511719,335.41656494140625,132.64697265625,68.05462646484375
2020-11-30,12.129722595214844,42.69587707519531,58.55140686035156,166.6699981689453,102.87068176269531,111.2097396850586,289.24847412109375,333.931640625,132.48129272460938,67.34114074707031
2020-12-01,12.094917297363281,43.5369987487793,59.92858123779297,170.17999267578125,102.32341766357422,110.78812408447266,292.95562744140625,337.5839538574219,130.5280303955078,68.20695495605469
2020-12-02,12.147125244140625,43.59832763671875,59.936927795410156,171.4600067138672,102.15241241455078,110.41793823242188,293.3321228027344,338.294189453125,129.4920654296875,67.6698226928711
2020-12-03,12.164527893066406,44.097755432128906,60.03709411621094,172.80999755859375,102.42605590820312,110.85247039794922,293.7471618652344,338.2019958496094,130.53628540039062,68.23902130126953
2020-12-04,12.216736793518066,44.55335235595703,60.54623031616211,172.32000732421875,102.02417755126953,110.24095153808594,294.94427490234375,341.116455078125,128.6217803955078,69.28119659423828
2020-12-07,12.216736793518066,44.55335235595703,60.05378341674805,174.88999938964844,102.34050750732422,110.33750915527344,296.6144104003906,340.41546630859375,129.7820587158203,68.6799545288086
2020-12-08,12.234139442443848,44.57088088989258,60.26244354248047,175.5,102.44316101074219,110.20874786376953,297.618408203125,341.41162109375,130.39535522460938,68.43943786621094
2020-12-09,12.242840766906738,44.18537139892578,60.345916748046875,172.5,102.29776763916016,109.80645751953125,290.8800354003906,338.34954833984375,129.9644317626953,68.01454162597656
2020-12-10,12.425569534301758,44.754878997802734,60.42938232421875,172.1699981689453,102.52863311767578,110.35359954833984,292.04815673828125,338.2388610839844,131.11636352539062,67.71792602539062
2020-12-11,12.390765190124512,44.439456939697266,60.24574661254883,172.49000549316406,102.73384094238281,110.46623992919922,291.4013366699219,337.8422546386719,131.58053588867188,67.65380096435547
2020-12-14,12.425569534301758,44.20841598510742,60.28284454345703,171.5399932861328,102.67398834228516,110.38572692871094,293.5154724121094,336.32965087890625,131.21592712402344,67.3571548461914
2020-12-15,12.521285057067871,44.686439514160156,60.89805603027344,173.94000244140625,102.5714111328125,110.60303497314453,296.6530456542969,340.8766784667969,130.77659606933594,68.73607635498047
2020-12-16,12.590896606445312,44.89889144897461,61.13402557373047,174.89999389648438,102.48594665527344,110.51451873779297,298.2845458984375,341.41162109375,130.42852783203125,68.81621551513672
2020-12-17,12.73882007598877,45.19102478027344,61.563838958740234,176.74000549316406,102.41146087646484,110.67574310302734,300.23455810546875,343.32073974609375,130.08346557617188,69.48163604736328
2020-12-18,12.782326698303223,45.13790512084961,61.243587493896484,176.44000244140625,102.32591247558594,110.59517669677734,299.3270568847656,341.9499206542969,129.69349670410156,68.0866928100586
2020-12-21,12.651805877685547,44.47398376464844,60.459815979003906,175.8800048828125,102.39435577392578,110.37743377685547,298.7671203613281,340.72723388671875,130.2078857421875,67.70188903808594
2020-12-22,12.512585639953613,44.11988830566406,60.308101654052734,174.49000549316406,102.56546783447266,110.68386840820312,299.57952880859375,340.1531066894531,130.87986755371094,68.17486572265625
2020-12-23,12.669209480285645,44.571353912353516,60.9570426940918,175.64999389648438,102.35159301757812,110.70803833007812,298.0707702636719,340.4586486816406,129.97552490234375,67.73394775390625
2020-12-24,12.704014778137207,44.376609802246094,60.98232650756836,176.35000610351562,102.49701690673828,111.08699798583984,299.3860778808594,341.783203125,130.4898681640625,68.32698059082031
2020-12-28,12.625701904296875,44.50054168701172,61.47955322265625,175.7100067138672,102.50559997558594,111.15955352783203,302.4035949707031,344.7193603515625,130.54800415039062,68.73426055908203
2020-12-29,12.660508155822754,45.164459228515625,61.87565231323242,176.35000610351562,102.48844909667969,111.20794677734375,302.67431640625,344.0617370605469,130.3820343017578,68.14776611328125
2020-12-30,12.73882007598877,45.76642608642578,61.95993423461914,177.6999969482422,102.55693817138672,111.35313415527344,302.68402099609375,344.5526428222656,130.66416931152344,68.5224609375
2020-12-31,12.79102897644043,45.73986053466797,61.48798370361328,178.36000061035156,102.6253662109375,111.3772964477539,303.4286804199219,346.3032531738281,130.8549041748047,69.1822738647461
2021-01-04,12.721416473388672,46.03199005126953,61.8082275390625,182.3300018310547,102.65103912353516,110.8128662109375,299.1443176269531,341.5886535644531,130.697265625,66.9340591430664
2021-01-05,13.078174591064453,47.13853073120117,62.4487419128418,182.8699951171875,102.41146087646484,110.45808410644531,301.6104431152344,343.9412841796875,129.7266387939453,67.03179168701172
2021-01-06,13.095576286315918,46.740169525146484,63.165077209472656,179.89999389648438,101.81259155273438,109.56307220458984,297.43243408203125,345.9975280761719,127.06360626220703,67.14582824707031
2021-01-07,13.156485557556152,47.18278503417969,63.23250198364258,179.47999572753906,101.45321655273438,109.54695129394531,304.62799072265625,351.13824462890625,125.9435806274414,67.0155029296875
2021-01-08,13.260902404785156,48.43095779418945,63.82243347167969,173.33999633789062,101.1623306274414,109.4662857055664,308.54486083984375,353.1388854980469,125.53712463378906,67.66716766357422
2021-01-11,13.16518783569336,47.7758903503418,62.988094329833984,173.0,100.96556091308594,108.99864196777344,304.0863952636719,350.7583923339844,125.3297119140625,66.77112579345703
2021-01-12,13.417527198791504,48.24506378173828,63.2746467590332,174.1199951171875,100.94844818115234,109.23242950439453,303.602783203125,350.8325500488281,125.23017120361328,66.92588806152344
2021-01-13,13.382722854614258,48.351287841796875,63.19036865234375,173.3699951171875,101.2992172241211,110.07910919189453,305.6531677246094,351.7773742675781,126.64044952392578,67.740478515625
2021-01-14,13.504541397094727,48.802764892578125,63.69602966308594,173.27999877929688,101.06822967529297,109.60338592529297,304.0186462402344,350.5454406738281,125.45418548583984,68.1396255493164
2021-01-15,13.313111305236816,48.112274169921875,62.70157241821289,171.1300048828125,101.3420181274414,109.772705078125,301.6104431152344,347.9889831542969,125.95185852050781,68.92162322998047
2021-01-19,13.35661792755127,48.90898513793945,63.156654357910156,172.5800018310547,101.40188598632812,109.96624755859375,306.010986328125,350.7213439941406,126.35840606689453,68.72611999511719
2021-01-20,13.36531925201416,49.76766586303711,63.58646011352539,175.38999938964844,101.4446792602539,109.93402099609375,313.1291198730469,355.57501220703125,126.48286437988281,70.03758239746094
2021-01-21,13.35661792755127,49.85618209838867,63.63703918457031,175.27999877929688,101.2992172241211,109.49856567382812,315.63397216796875,355.89910888671875,125.59517669677734,69.70362091064453
2021-01-22,13.13038158416748,49.42242431640625,63.333641052246094,173.89999389648438,101.45321655273438,109.41793060302734,314.7248229980469,354.6394348144531,126.00167083740234,69.86652374267578
2021-01-25,13.269603729248047,49.794219970703125,63.25778579711914,174.0500030517578,101.8638916015625,109.88558197021484,317.3265075683594,356.0380554199219,127.48673248291016,70.39600372314453
2021-01-26,13.295707702636719,49.431278228759766,63.350494384765625,173.6199951171875,101.82966613769531,109.87751770019531,317.7906188964844,355.4822692871094,127.24616241455078,70.89289855957031
2021-01-27,13.260902404785156,48.05916976928711,61.90093231201172,172.52000427246094,101.94945526123047,109.68396759033203,308.9316711425781,346.794189453125,127.56966400146484,69.6384506225586
2021-01-28,13.199993133544922,48.39555358886719,62.29703903198242,172.67999267578125,101.68424224853516,109.50665283203125,310.7596740722656,349.7767028808594,126.86450958251953,70.0131607055664
2021-01-29,13.217394828796387,47.19164276123047,61.007606506347656,172.61000061035156,101.50458526611328,109.3372802734375,304.2217102050781,342.7743225097656,126.10128021240234,69.20672607421875
2021-02-01,13.469736099243164,48.466373443603516,61.73240280151367,174.22999572753906,101.63124084472656,109.55303955078125,311.8234558105469,348.4798889160156,126.2474365234375,70.78699493408203
2021-02-02,13.574153900146484,49.094879150390625,62.35603332519531,172.11000061035156,101.37445068359375,109.26209259033203,316.9106140136719,353.40753173828125,125.43352508544922,71.2105941772461
2021-02-03,13.669867515563965,49.342750549316406,62.50773620605469,171.85000610351562,101.12615203857422,109.00360107421875,315.6532897949219,353.6854248046875,124.32051086425781,71.03136444091797
2021-02-04,13.739479064941406,49.36045455932617,62.57514953613281,168.14999389648438,101.09188079833984,109.18941497802734,319.3864440917969,357.705322265625,123.98826599121094,71.5201187133789
2021-02-05,13.809088706970215,49.78537368774414,62.96282196044922,169.80999755859375,100.87785339355469,108.89860534667969,320.4695739746094,359.1131896972656,122.95002746582031,71.77263641357422
2021-02-08,14.02662467956543,49.87388229370117,63.401058197021484,171.52000427246094,100.9206771850586,109.36720275878906,322.61663818359375,361.7066955566406,123.48994445800781,72.16365051269531
2021-02-09,14.078832626342773,50.405029296875,63.746585845947266,172.0800018310547,100.99772644042969,109.19752502441406,322.5490417480469,361.4658203125,123.58132934570312,72.41617584228516
2021-02-10,14.052727699279785,50.58207321166992,63.52747344970703,172.7100067138672,101.25454711914062,109.4560317993164,321.8139343261719,361.3083801269531,124.40357971191406,72.80714416503906
2021-02-11,14.02662467956543,51.122066497802734,63.957279205322266,171.2100067138672,101.1775131225586,109.16519927978516,323.58367919921875,361.8919372558594,123.72246551513672,72.96192932128906
2021-02-12,14.200651168823242,51.16632843017578,64.31123352050781,170.69000244140625,100.84361267089844,108.80976867675781,325.3923645019531,363.6795654296875,122.18594360351562,72.97820281982422
2021-02-16,14.392082214355469,51.290260314941406,64.77476501464844,168.24000549316406,100.11587524414062,108.04218292236328,324.5123291015625,363.3645935058594,120.32545471191406,72.41617584228516
2021-02-17,14.435589790344238,51.307960510253906,64.39551544189453,166.3300018310547,100.18439483642578,108.58351135253906,322.9551086425781,363.447998046875,121.08961486816406,72.3265609741211
2021-02-18,14.383381843566895,50.59977722167969,64.07527160644531,166.32000732421875,100.17584991455078,108.37345123291016,321.54315185546875,361.90118408203125,120.59947967529297,72.01702880859375
2021-02-19,14.374679565429688,50.92730712890625,64.26066589355469,167.00999450683594,99.7734375,107.58976745605469,320.14080810546875,361.26202392578125,118.99655151367188,72.43245697021484
2021-02-22,14.696629524230957,49.431278228759766,64.10055541992188,169.50999450683594,99.61078643798828,106.91919708251953,311.84283447265625,358.4833068847656,118.09114837646484,73.03524780273438
2021-02-23,14.766240119934082,49.6525764465332,64.1595458984375,169.1199951171875,99.68785095214844,107.00000762939453,310.91436767578125,358.918701171875,117.7506332397461,73.49140167236328
2021-02-24,14.992476463317871,49.33389663696289,64.36180114746094,169.0,99.55085754394531,107.16158294677734,313.47723388671875,362.87371826171875,116.97819519042969,74.05347442626953
2021-02-25,14.870657920837402,48.209651947021484,63.26621627807617,165.82000732421875,98.22383880615234,105.46495056152344,302.548583984375,354.1299743652344,115.06793212890625,72.63609313964844
2021-02-26,14.55740737915039,47.56343460083008,62.37288284301758,161.80999755859375,99.10565948486328,106.86263275146484,303.8155517578125,352.3052673339844,118.87190246582031,71.57715606689453
2021-03-01,14.435589790344238,48.838165283203125,63.54432678222656,161.52999877929688,98.99430847167969,106.96711730957031,312.95501708984375,360.84521484375,117.30188751220703,71.89483642578125
2021-03-02,14.496499061584473,48.36014175415039,63.47691345214844,162.41000366210938,99.17423248291016,106.84565734863281,307.935546875,358.02947998046875,117.31019592285156,71.20244598388672
2021-03-03,14.583511352539062,48.26277160644531,63.089237213134766,160.6199951171875,98.6430892944336,106.05224609375,298.999267578125,353.28717041015625,116.03789520263672,70.79515838623047
2021-03-04,14.809747695922852,47.13853073120117,62.49086380004883,159.0399932861328,98.15478515625,105.18608093261719,294.1054992675781,348.91522216796875,115.28946685791016,69.98871612548828
2021-03-05,15.114296913146973,47.65195846557617,62.89540100097656,159.13999938964844,98.01775360107422,105.0484390258789,298.5350341796875,355.3341979980469,115.5140609741211,70.7544174194336
2021-03-08,14.905463218688965,46.368377685546875,62.67628479003906,157.49000549316406,97.63225555419922,104.06887817382812,290.0823059082031,353.5650329589844,114.61592864990234,71.36536407470703
2021-03-09,14.905463218688965,47.386390686035156,63.51903533935547,160.83999633789062,98.09483337402344,104.85414123535156,301.52349853515625,358.61309814453125,116.20423126220703,71.83783721923828
2021-03-10,15.001179695129395,47.17393493652344,63.78873825073242,161.66000366210938,98.3004379272461,105.34796905517578,300.6627502441406,360.84521484375,116.43707275390625,72.55464172363281
2021-03-11,15.22741413116455,48.6611213684082,64.1258316040039,161.52000427246094,98.26614379882812,105.41273498535156,307.5873718261719,364.5038757324219,115.59717559814453,73.40180206298828
2021-03-12,15.157804489135742,47.79359817504883,64.28597259521484,161.49000549316406,97.55517578125,104.19837951660156,305.0921630859375,364.9949035644531,113.14403533935547,74.63182067871094
2021-03-15,15.105595588684082,47.90867614746094,64.33651733398438,162.1999969482422,97.67507934570312,104.5545654296875,308.3514404296875,367.17144775390625,113.8093032836914,75.73963928222656
2021-03-16,15.044686317443848,48.112274169921875,64.44608306884766,162.35000610351562,97.65795135498047,104.48176574707031,310.0438232421875,366.7083740234375,113.35191345214844,75.43008422851562
2021-03-17,15.044686317443848,48.17424774169922,64.8253402709961,163.50999450683594,97.49520874023438,104.5788345336914,311.3205261230469,367.9588317871094,112.5036849975586,75.49526977539062
2021-03-18,14.331171035766602,47.28901672363281,64.23539733886719,162.55999755859375,96.88697052001953,103.97978973388672,301.7846374511719,362.6051025390625,111.36450958251953,74.72956085205078
2021-03-19,14.644421577453613,47.87327575683594,64.4123764038086,163.24000549316406,96.82699584960938,104.13362884521484,302.84844970703125,361.9342041015625,112.05467224121094,73.71134948730469
2021-03-22,14.618317604064941,47.73162841796875,64.47135925292969,163.0,97.1439437866211,104.5059814453125,308.5277404785156,364.82421875,113.31034851074219,74.232666015625
2021-03-23,14.20935344696045,46.81985092163086,63.57803726196289,161.80999755859375,97.62368774414062,104.81366729736328,307.1817932128906,361.9528503417969,114.33317565917969,74.12678527832031
2021-03-24,14.583511352539062,45.748714447021484,63.25778579711914,162.3699951171875,97.75218200683594,105.12937927246094,302.0011291503906,360.1127624511719,114.94853973388672,73.71134948730469
2021-03-25,14.252860069274902,45.96116256713867,63.729732513427734,161.77999877929688,97.62368774414062,105.0079345703125,301.4781799316406,362.13861083984375,114.04209899902344,74.46185302734375
2021-03-26,14.59221363067627,47.1562385559082,64.55565643310547,162.24000549316406,97.29814147949219,104.93506622314453,306.0003662109375,367.97442626953125,113.64303588867188,76.06779479980469
2021-03-29,14.609617233276367,46.82869338989258,64.30281066894531,160.30999755859375,96.96405792236328,104.68414306640625,305.91326904296875,367.7885437011719,112.67839050292969,75.62535095214844
2021-03-30,14.374679565429688,46.979190826416016,64.21854400634766,157.57000732421875,96.87838745117188,105.0079345703125,304.37353515625,366.8130187988281,113.26876068115234,75.72364044189453
2021-03-31,14.452991485595703,47.21818923950195,63.9404182434082,159.9600067138672,96.74132537841797,105.2832260131836,309.0314025878906,368.2997131347656,112.63681030273438,75.26481628417969
2021-04-01,14.696629524230957,47.67852020263672,64.77476501464844,161.97999572753906,97.16993713378906,105.94344329833984,314.2991943359375,372.2769470214844,114.50621795654297,76.63311767578125
2021-04-05,14.479095458984375,47.86442184448242,65.71865844726562,161.9199981689453,96.8956527709961,105.42430877685547,320.5741882324219,377.6203918457031,114.00662994384766,76.92809295654297
2021-04-06,14.531305313110352,48.129981994628906,65.01915740966797,163.22000122070312,97.36705780029297,106.13001251220703,320.35150146484375,377.3973388671875,114.78103637695312,77.12474060058594
2021-04-07,14.574810981750488,47.42179870605469,65.15399932861328,162.75999450683594,97.30706787109375,105.91915893554688,321.12615966796875,377.8341369628906,113.98162078857422,77.18208312988281
2021-04-08,14.65312385559082,47.81129837036133,65.52481842041016,164.50999450683594,97.6413803100586,106.30850982666016,324.47662353515625,379.6275939941406,114.92255401611328,76.89530944824219
2021-04-09,14.600915908813477,47.404090881347656,65.72708129882812,163.27000427246094,97.38418579101562,106.0894775390625,326.4424133300781,382.3874816894531,114.50621795654297,76.80517578125
2021-04-12,14.609617233276367,47.120826721191406,65.36468505859375,162.27999877929688,97.32418823242188,106.06512451171875,326.0163879394531,382.5269470214844,114.45626831054688,77.25582122802734
2021-04-13,14.766240119934082,47.315574645996094,65.74392700195312,163.42999267578125,97.72710418701172,106.53561401367188,329.82196044921875,383.6606140136719,115.3139419555664,77.64092254638672
2021-04-14,15.105595588684082,47.55458450317383,65.79450225830078,162.72000122070312,97.60708618164062,106.38961791992188,325.8614807128906,382.3503723144531,114.94758605957031,77.23123931884766
2021-04-15,15.201310157775879,47.988346099853516,66.34229278564453,165.35000610351562,98.23280334472656,107.04661560058594,330.79998779296875,386.45782470703125,116.87117767333984,78.58316802978516
2021-04-16,15.175206184387207,48.112274169921875,66.82269287109375,166.35000610351562,97.96708679199219,106.31660461425781,331.1873474121094,387.74951171875,115.96344757080078,78.75521850585938
2021-04-19,15.192607879638672,47.935237884521484,66.70468139648438,165.88999938964844,97.86422729492188,106.04080963134766,328.1564636230469,385.8443908691406,115.63040924072266,78.91089630126953
2021-04-20,15.166504859924316,47.54573440551758,65.50796508789062,166.47999572753906,98.15567016601562,106.24359130859375,325.7646484375,383.01947021484375,116.16328430175781,79.55818939208984
2021-04-21,15.105595588684082,47.83786392211914,66.18217468261719,168.1300048828125,98.20707702636719,106.60861206054688,328.5534362792969,386.6436462402344,116.39643859863281,80.0825424194336
2021-04-22,15.22741413116455,47.669654846191406,65.96305084228516,167.0399932861328,98.28421783447266,106.71407318115234,324.59295654296875,383.11236572265625,116.90441131591797,79.64830780029297
2021-04-23,15.34923267364502,48.36014175415039,66.63726043701172,166.39999389648438,98.15567016601562,106.80327606201172,328.6793212890625,387.2662353515625,116.62960815429688,80.11531829833984
2021-04-26,15.453649520874023,48.42211151123047,66.6878433227539,166.83999633789062,98.05278778076172,106.754638671875,330.8194274902344,388.07470703125,116.46308135986328,80.35295104980469
2021-04-27,15.584171295166016,48.39555358886719,66.4687271118164,166.4199981689453,97.66712188720703,106.27605438232422,329.38623046875,387.9910583496094,115.44715118408203,80.3447494506836
2021-04-28,15.610274314880371,48.75849914550781,66.63726043701172,166.91000366210938,97.795654296875,106.29225158691406,328.27264404296875,387.87957763671875,115.52208709716797,80.17267608642578
2021-04-29,15.714690208435059,48.64341735839844,66.66255950927734,166.22000122070312,97.62422180175781,106.1624984741211,329.4540100097656,390.3514709472656,115.18070220947266,80.86093139648438
2021-04-30,15.584171295166016,47.78474044799805,65.82820892333984,165.66000366210938,97.7099609375,106.38150024414062,327.29449462890625,387.7866516113281,115.44715118408203,81.18046569824219
2021-05-03,15.758198738098145,47.78474044799805,66.55299377441406,167.80999755859375,97.8763656616211,106.63752746582031,325.55157470703125,388.62298583984375,115.51641082763672,81.02481842041016
2021-05-04,16.0018367767334,47.2447509765625,65.56695556640625,166.5800018310547,98.0050277709961,106.70250701904297,319.69293212890625,386.22552490234375,116.3003158569336,80.50041961669922
2021-05-05,16.062744140625,47.46605682373047,66.46028137207031,167.27000427246094,98.12509155273438,106.83255767822266,318.6180725097656,386.3463134765625,116.49212646484375,79.16487884521484
2021-05-06,16.14105796813965,47.91753005981445,67.0080795288086,170.05999755859375,98.16798400878906,107.03573608398438,321.0196838378906,389.431396484375,116.68391418457031,79.60733795166016
2021-05-07,16.297683715820312,48.41325759887695,67.76657104492188,171.58999633789062,98.2022705078125,107.07630920410156,323.6245422363281,392.2657470703125,116.10852813720703,80.6561050415039
2021-05-10,16.184566497802734,47.54573440551758,67.4041748046875,172.11000061035156,98.0050277709961,106.49932861328125,315.45159912109375,388.3813781738281,114.93267059326172,80.63153076171875
2021-05-11,16.358591079711914,47.41294479370117,66.51927185058594,172.13999938964844,97.84203338623047,106.1092529296875,315.015869140625,384.91510009765625,114.28217315673828,79.61553192138672
2021-05-12,16.341190338134766,46.102813720703125,65.4573974609375,170.42999267578125,97.3702621459961,105.53219604492188,306.8623046875,376.73748779296875,113.08129119873047,77.59993743896484
2021-05-13,15.888720512390137,46.04084014892578,65.9461898803711,171.1300048828125,97.69624328613281,105.93045806884766,309.2347412109375,381.2630920410156,113.25643920898438,78.60775756835938
2021-05-14,16.019241333007812,46.87295913696289,67.05022430419922,172.69000244140625,97.91063690185547,106.5074691772461,316.0616455078125,387.1174621582031,114.31556701660156,79.54177856445312
2021-05-17,16.219371795654297,46.82869338989258,66.9238052368164,174.6999969482422,97.81627655029297,106.38555145263672,314.1443176269531,386.1324768066406,114.07367706298828,79.62372589111328
2021-05-18,16.14105796813965,47.457210540771484,67.06706237792969,175.0399932861328,97.81627655029297,106.03606414794922,312.0235900878906,382.80572509765625,113.78180694580078,79.64012908935547
2021-05-19,15.810406684875488,47.315574645996094,66.47713470458984,175.16000366210938,97.52462768554688,105.84912872314453,312.3818664550781,381.8020935058594,113.50660705566406,79.38611602783203
2021-05-20,15.64508056640625,47.589988708496094,67.35362243652344,175.9600067138672,97.92781066894531,106.57247161865234,318.42449951171875,385.9095458984375,114.44065856933594,80.27922058105469
2021-05-21,15.793004989624023,47.04115295410156,67.4463119506836,176.0399932861328,97.96214294433594,106.64564514160156,316.6620788574219,385.59356689453125,114.80756378173828,80.19725036621094
2021-05-24,16.01053810119629,47.43065643310547,67.85926818847656,176.35000610351562,98.05646514892578,106.93822479248047,321.98797607421875,389.5244140625,115.23286437988281,81.19686889648438
2021-05-25,15.958331108093262,47.89982604980469,67.87613677978516,177.9499969482422,98.41668701171875,107.33646392822266,322.4335021972656,388.6601257324219,116.3003158569336,81.17227935791016
2021-05-26,15.98443603515625,48.25392150878906,67.83399200439453,177.63999938964844,98.30520629882812,107.27950286865234,323.5567626953125,389.431396484375,116.10013580322266,81.53279113769531
2021-05-27,16.236774444580078,48.26277160644531,67.96040344238281,177.7100067138672,98.13370513916016,106.9544448852539,322.3463134765625,389.6358947753906,115.6331787109375,81.3443374633789
2021-05-28,16.184566497802734,48.57259750366211,68.12052154541016,178.3800048828125,98.12509155273438,107.04385375976562,323.36297607421875,390.3328857421875,115.44969940185547,81.83596801757812
2021-06-01,16.471712112426758,49.572914123535156,68.36493682861328,177.89999389648438,98.10707092285156,107.0577163696289,322.28814697265625,389.98895263671875,115.42377471923828,83.31076049804688
2021-06-02,16.558727264404297,49.6525764465332,68.59247589111328,178.77000427246094,98.21865844726562,107.22868347167969,322.9176025390625,390.6023864746094,115.69103240966797,84.28579711914062
2021-06-03,16.419504165649414,49.12144470214844,68.25537872314453,175.27000427246094,97.96973419189453,106.80528259277344,319.5574645996094,389.15264892578125,115.25675964355469,83.97442626953125
2021-06-04,16.602231979370117,49.56406021118164,68.83686065673828,177.16000366210938,98.51045989990234,107.56256103515625,324.98016357421875,392.7117919921875,116.83517456054688,84.01539611816406
2021-06-07,16.62833595275879,49.31618881225586,69.06442260742188,177.8699951171875,98.43323516845703,107.47299194335938,325.9486083984375,392.33074951171875,116.4760513305664,85.00682067871094
2021-06-08,16.793663024902344,49.07718276977539,69.03070831298828,177.32000732421875,98.71644592285156,107.88017272949219,326.103515625,392.4143981933594,117.29449462890625,85.7114486694336
2021-06-09,16.715349197387695,48.935543060302734,68.84530639648438,176.97999572753906,99.02545166015625,108.27104187011719,326.1809997558594,391.8289489746094,118.33011627197266,85.8261489868164
2021-06-10,16.776260375976562,49.327640533447266,69.03496551513672,177.74000549316406,99.37738037109375,108.7596435546875,329.579833984375,393.6503601074219,119.0399398803711,86.44064331054688
2021-06-11,16.724050521850586,49.15871047973633,69.19727325439453,175.74000549316406,99.2314453125,108.84918212890625,330.4417724609375,394.3008117675781,118.84783935546875,86.09652709960938
2021-06-14,16.62833595275879,49.29207229614258,69.31686401367188,174.7100067138672,98.92245483398438,108.45018768310547,333.6082458496094,395.1836853027344,117.93753814697266,86.43246459960938
2021-06-15,16.558727264404297,48.95421600341797,69.40230560302734,174.0500030517578,98.93960571289062,108.53162384033203,331.4294738769531,394.45880126953125,117.79560089111328,85.50659942626953
2021-06-16,16.463010787963867,48.287384033203125,68.97515106201172,171.11000061035156,98.26155853271484,108.22218322753906,330.218994140625,392.2564392089844,117.69536590576172,84.94944763183594
2021-06-17,16.036643981933594,48.55411911010742,68.49675750732422,165.85000610351562,98.61347961425781,108.82476806640625,334.4119873046875,392.1263732910156,119.4574966430664,84.84294128417969
2021-06-18,16.201969146728516,48.216251373291016,67.07865142822266,164.92999267578125,99.17139434814453,109.39476013183594,331.7876892089844,386.83636474609375,121.7040023803711,83.40088653564453
2021-06-21,16.402101516723633,48.420753479003906,67.95856475830078,166.9499969482422,98.85382080078125,108.7596435546875,333.84979248046875,392.37432861328125,119.66624450683594,85.12150573730469
2021-06-22,16.428203582763672,48.19847106933594,67.96710205078125,166.25,99.03404998779297,108.93878936767578,336.9617919921875,394.4720458984375,119.95858764648438,84.67906951904297
2021-06-23,16.532621383666992,48.491886138916016,67.53141021728516,166.13999938964844,98.8366470336914,108.76776885986328,337.1266174316406,393.99658203125,119.64956665039062,84.53157806396484
2021-06-24,16.59353256225586,48.936431884765625,68.18067932128906,166.0399932861328,98.81946563720703,108.97950744628906,339.2110595703125,396.3273620605469,119.84161376953125,84.3492202758789
2021-06-25,16.5239200592041,49.345428466796875,68.32589721679688,166.58999633789062,98.61347961425781,108.69446563720703,338.7941589355469,397.7351379394531,118.5973129272461,84.91859436035156
2021-06-28,16.51521873474121,49.38987731933594,67.89020538330078,166.5800018310547,98.92245483398438,109.15863037109375,342.9143981933594,398.5369567871094,119.8166275024414,84.67105102539062
2021-06-29,16.59353256225586,49.35430908203125,67.90731048583984,164.8300018310547,98.97396087646484,109.28890228271484,344.1553649902344,398.7514343261719,120.01702880859375,84.43998718261719
2021-06-30,16.750154495239258,49.034236907958984,67.38616943359375,165.6300048828125,99.12847137451172,109.41106414794922,343.6124267578125,399.0870056152344,120.55150604248047,83.9944076538086
2021-07-01,16.811063766479492,48.75860595703125,67.54849243164062,166.1999969482422,99.05720520019531,109.31563568115234,343.7481994628906,401.2966003417969,120.55819702148438,84.35747528076172
2021-07-02,16.967689514160156,48.705257415771484,67.77915954589844,167.2899932861328,99.41792297363281,109.62564849853516,347.6940002441406,404.3639221191406,121.28565979003906,84.61327362060547
2021-07-06,16.50651741027832,47.851722717285156,67.33492279052734,168.1199951171875,99.9418716430664,110.02543640136719,349.1966552734375,403.6274108886719,122.70731353759766,85.23216247558594
2021-07-07,16.306385040283203,47.798377990722656,67.70227813720703,168.75999450683594,100.23387908935547,110.40072631835938,349.9334716796875,405.0538024902344,123.79438018798828,85.52922058105469
2021-07-08,16.445608139038086,46.80257797241211,66.83089447021484,168.64999389648438,100.49153137207031,110.45784759521484,347.8199768066406,401.75347900390625,124.2793960571289,85.2899169921875
2021-07-09,16.637039184570312,47.611663818359375,67.96710205078125,169.2100067138672,99.9848403930664,109.99282836914062,349.99176025390625,406.0420837402344,122.53166198730469,86.69271850585938
2021-07-12,16.66314125061035,47.6561164855957,68.25756072998047,169.0,99.93326568603516,109.93563079833984,351.3586120605469,407.4965515136719,122.37285614013672,87.43537139892578
2021-07-13,16.802366256713867,47.70058059692383,67.89875793457031,169.22000122070312,99.62405395507812,109.5277328491211,351.3586120605469,406.1073913574219,121.43628692626953,86.21412658691406
2021-07-14,16.637039184570312,47.90507125854492,68.05252075195312,171.0399932861328,100.05349731445312,110.03359985351562,351.9888000488281,406.7132263183594,122.81598663330078,86.81649017333984
2021-07-15,16.55002212524414,48.02064895629883,67.40325927734375,171.07000732421875,100.4743881225586,110.27014923095703,349.5166320800781,405.32415771484375,124.17064666748047,86.9567642211914
2021-07-16,16.55002212524414,47.64723205566406,66.90777587890625,169.41000366210938,100.45718383789062,110.11518859863281,346.6856689453125,402.14501953125,123.9365463256836,86.89900970458984
2021-07-19,15.888720512390137,46.84703063964844,65.6947021484375,169.61000061035156,101.31607818603516,110.90653228759766,343.84515380859375,396.2062072753906,126.65425872802734,85.31468963623047
2021-07-20,16.1236572265625,46.99818801879883,66.173095703125,169.38999938964844,101.18724822998047,110.75151062011719,347.8394775390625,401.8840026855469,125.43338012695312,87.32807922363281
2021-07-21,16.445608139038086,47.300479888916016,67.18115997314453,168.75999450683594,100.60321044921875,110.3598861694336,350.52484130859375,405.1377868652344,123.84453582763672,87.31985473632812
2021-07-22,16.576129913330078,47.38938522338867,67.20677947998047,169.08999633789062,100.83511352539062,110.81682586669922,352.8418884277344,405.98614501953125,125.01529693603516,86.62670135498047
2021-07-23,16.66314125061035,46.68698501586914,67.67665100097656,168.55999755859375,100.68052673339844,110.767822265625,356.96221923828125,410.1629333496094,124.17900848388672,87.34461212158203
2021-07-26,16.784963607788086,45.79788589477539,67.77062225341797,168.16000366210938,100.61177062988281,110.52305603027344,357.2433166503906,411.1697998046875,123.81108093261719,87.38587188720703
2021-07-27,16.689247131347656,44.87321472167969,67.49723815917969,168.44000244140625,101.04125213623047,110.99626922607422,353.3072814941406,409.2959289550781,125.13236236572266,87.88096618652344
2021-07-28,16.767560958862305,46.0912971496582,67.78770446777344,169.2899932861328,101.12714385986328,111.19209289550781,354.66455078125,409.1280212402344,125.1407241821289,87.57564544677734
2021-07-29,17.063405990600586,46.32245635986328,68.25756072998047,171.1699981689453,100.81793975830078,110.87388610839844,355.2947082519531,410.8248596191406,124.4466323852539,87.59217071533203
2021-07-30,16.967689514160156,45.877906799316406,67.90731048583984,169.82000732421875,101.10138702392578,110.96361541748047,353.4429931640625,408.8297424316406,125.03199005126953,87.70768737792969
2021-08-02,16.784963607788086,46.20688247680664,68.2490005493164,169.61000061035156,101.54488372802734,111.28480529785156,353.4720153808594,407.9720153808594,126.14723205566406,87.51789855957031
2021-08-03,16.706649780273438,46.4024772644043,68.7359619140625,169.49000549316406,101.57062530517578,111.39928436279297,355.6146545410156,411.2909240722656,126.2142105102539,87.62517547607422
2021-08-04,16.436904907226562,46.64253616333008,68.53092193603516,169.52999877929688,101.54488372802734,111.42378234863281,356.1283874511719,409.2678527832031,126.4737319946289,87.35286712646484
2021-08-05,16.680543899536133,46.571407318115234,68.86410522460938,168.86000061035156,101.17529296875,110.96611785888672,358.3873596191406,411.8597717285156,125.8290023803711,88.37606811523438
2021-08-06,16.541324615478516,46.18019485473633,68.6078109741211,164.63999938964844,100.58224487304688,110.05889892578125,356.8167419433594,412.5403137207031,123.72754669189453,88.21929168701172
2021-08-09,16.306385040283203,46.33134078979492,68.57364654541016,161.72000122070312,100.36739349365234,109.58483123779297,357.4760437011719,412.2047119140625,123.28385925292969,87.74893188476562
2021-08-10,16.602231979370117,46.39358901977539,68.7274169921875,161.77000427246094,100.1783447265625,109.3396224975586,355.6437072753906,412.717529296875,122.71453094482422,86.91551208496094
2021-08-11,16.750154495239258,46.51805877685547,69.19727325439453,164.0,100.2900390625,109.51130676269531,355.0328674316406,413.7430419921875,122.63917541503906,87.4271240234375
2021-08-12,16.689247131347656,46.109073638916016,69.1374740600586,164.0399932861328,100.18690490722656,109.66658782958984,356.3126525878906,414.9830017089844,122.438232421875,87.61692810058594
2021-08-13,16.59353256225586,45.993492126464844,69.55606842041016,166.38999938964844,100.76274108886719,110.40211486816406,357.5633544921875,415.73809814453125,124.37227630615234,88.09552764892578
2021-08-16,16.55002212524414,45.57560729980469,69.19727325439453,167.22000122070312,100.9862060546875,110.467529296875,357.7183532714844,416.7171325683594,124.67363739013672,87.98824310302734
2021-08-17,16.367294311523438,44.73985290527344,68.54800415039062,166.97000122070312,100.93463134765625,110.2713851928711,354.56756591796875,413.9853210449219,124.62339782714844,87.89746856689453
2021-08-18,16.175865173339844,44.810977935791016,68.28318786621094,167.10000610351562,100.883056640625,110.19782257080078,351.1549987792969,409.45440673828125,125.04200744628906,87.09706115722656
2021-08-19,15.949628829956055,44.04634475708008,67.60829162597656,166.61000061035156,101.10652923583984,110.45121002197266,352.8515930175781,410.08831787109375,125.96305084228516,87.51789855957031
2021-08-20,15.575469970703125,44.010780334472656,67.87313079833984,166.6999969482422,101.01197814941406,110.52478790283203,356.5065612792969,413.3514099121094,126.04673767089844,87.95523071289062
2021-08-23,16.14105796813965,44.677608489990234,68.50531768798828,168.72999572753906,101.0377426147461,110.60649108886719,361.8387451171875,416.9875183105469,125.96305084228516,87.79019165039062
2021-08-24,16.48041343688965,45.69118881225586,68.65052795410156,168.64999389648438,100.76274108886719,110.35311126708984,362.94390869140625,417.6494445800781,124.98342895507812,87.40237426757812
2021-08-25,16.62833595275879,45.74454116821289,68.67615509033203,167.47999572753906,100.36739349365234,110.06705474853516,363.3607177734375,418.5259094238281,123.94527435302734,87.34461212158203
2021-08-26,16.49781608581543,45.30887985229492,68.3173599243164,167.6699981689453,100.36739349365234,110.03437042236328,361.053466796875,416.05523681640625,124.28857421875,87.37760162353516
2021-08-27,16.706649780273438,45.869014739990234,68.94098663330078,170.19000244140625,100.69397735595703,110.64736938476562,364.56292724609375,419.7750244140625,125.13416290283203,88.29354095458984
2021-08-30,16.767560958862305,45.966819763183594,68.92390441894531,169.35000610351562,100.89166259765625,110.83534240722656,368.6541442871094,421.6211242675781,125.46062469482422,89.176513671875
2021-08-31,16.689247131347656,46.59808349609375,68.88973236083984,169.69000244140625,100.70258331298828,110.58192443847656,368.35357666015625,420.9964904785156,124.60663604736328,89.59732818603516
2021-09-01,16.610933303833008,47.19378662109375,69.51335144042969,169.6999969482422,100.74559020996094,110.72441864013672,368.9643249511719,421.2201843261719,124.81542205810547,91.03312683105469
2021-09-02,16.802366256713867,46.98039627075195,69.79527282714844,169.25,100.86598205566406,110.92091369628906,368.7898864746094,422.5161437988281,125.36030578613281,91.51173400878906
2021-09-03,16.819766998291016,47.22935104370117,70.11137390136719,171.05999755859375,100.62518310546875,110.51969146728516,369.9241638183594,422.4134826660156,124.22021484375,91.52822875976562
2021-09-07,16.62833595275879,47.50497055053711,70.1626205444336,167.7100067138672,100.22953796386719,109.99574279785156,370.4476013183594,420.9031982421875,123.17232513427734,90.49677276611328
2021-09-08,16.750154495239258,46.81147003173828,69.6073226928711,167.2899932861328,100.50474548339844,110.34778594970703,369.1582336425781,420.390380859375,124.0106201171875,90.95062255859375
2021-09-09,16.62833595275879,46.72255325317383,69.48773193359375,168.02999877929688,100.78858184814453,111.06825256347656,367.8882141113281,418.5910339355469,125.51123046875,89.10222625732422
2021-09-10,16.845870971679688,46.66920852661133,69.3339614868164,167.17999267578125,100.47036743164062,110.74894714355469,365.09613037109375,415.2906188964844,124.4046630859375,87.79844665527344
2021-09-13,16.97639274597168,46.79368591308594,69.88070678710938,167.74000549316406,100.59077453613281,111.01918029785156,364.8440856933594,416.3535461425781,125.15914154052734,88.392578125
2021-09-14,16.967689514160156,46.4024772644043,69.59024810791016,168.82000732421875,100.96920013427734,111.35482025146484,363.8066711425781,414.1066589355469,126.67643737792969,88.23578643798828
2021-09-15,17.246135711669922,46.39358901977539,69.79527282714844,167.8300018310547,100.79716491699219,111.22383117675781,366.5115661621094,417.5655212402344,126.23210906982422,88.51634979248047
2021-09-16,17.12431526184082,45.869014739990234,69.68421936035156,164.02999877929688,100.47896575927734,111.06825256347656,366.76361083984375,416.90362548828125,125.65370178222656,88.59060668945312
2021-09-17,16.98509407043457,45.67341613769531,68.77013397216797,163.77000427246094,100.18655395507812,110.82266235351562,362.4203186035156,412.84246826171875,125.05018615722656,87.79844665527344
2021-09-20,16.784963607788086,44.446441650390625,67.49723815917969,164.94000244140625,100.69397735595703,111.16647338867188,354.93157958984375,405.9586486816406,126.60099029541016,87.2620849609375
2021-09-21,16.802366256713867,44.775413513183594,68.16358947753906,166.0399932861328,100.6337890625,111.15835571289062,355.3683776855469,405.5752258300781,126.49205780029297,87.30335235595703
2021-09-22,16.99379539489746,45.335548400878906,68.50531768798828,165.4199981689453,100.72837829589844,111.46951293945312,358.6875305175781,409.5315246582031,127.24649047851562,88.15328979492188
2021-09-23,17.254833221435547,45.69118881225586,69.24853515625,163.50999450683594,99.81672668457031,110.69986724853516,361.99725341796875,414.50732421875,124.37113189697266,87.97998046875
2021-09-24,17.333147048950195,45.148834228515625,68.59928131103516,163.3000030517578,99.51570129394531,110.46241760253906,362.3369140625,415.1901550292969,123.15556335449219,87.03927612304688
2021-09-27,17.56808853149414,45.44224166870117,68.55655670166016,163.63999938964844,99.2491226196289,110.40512084960938,359.4447021484375,414.0022277832031,122.70285034179688,85.86856079101562
2021-09-28,17.428863525390625,44.85543441772461,67.06155395507812,162.0500030517578,98.8707046508789,109.22615051269531,349.27325439453125,405.6593933105469,120.79158782958984,85.28736114501953
2021-09-29,17.446266174316406,44.43754959106445,66.90777587890625,161.32000732421875,98.97390747070312,109.20159912109375,348.70062255859375,406.3421630859375,121.00115203857422,85.92667388916016
2021-09-30,17.559383392333984,44.79319381713867,66.64295196533203,164.22000122070312,99.09428405761719,108.9150161743164,347.4194641113281,401.37567138671875,120.98434448242188,84.50687408447266
2021-10-01,17.794321060180664,44.748741149902344,66.80526733398438,164.58999633789062,99.4988021850586,109.7066421508789,349.5741271972656,406.1457214355469,122.00254821777344,85.70250701904297
2021-10-04,18.081466674804688,44.090797424316406,66.10474395751953,165.36000061035156,99.3783187866211,109.526123046875,342.2366943359375,400.9080810546875,121.6919937133789,85.71910858154297
2021-10-05,18.307703018188477,44.4019889831543,66.55752563476562,164.58999633789062,99.0684814453125,109.0749740600586,346.8565979003906,405.0794982910156,120.516845703125,85.12960815429688
2021-10-06,18.00315284729004,44.153038024902344,66.1133041381836,165.02999877929688,99.09429168701172,109.10780334472656,349.07916259765625,406.7630310058594,121.19671630859375,85.94328308105469
2021-10-07,18.229389190673828,45.015472412109375,66.62586975097656,164.16000366210938,98.69840240478516,108.62381744384766,352.281982421875,410.27978515625,119.9293212890625,86.17578125
2021-10-08,18.290300369262695,45.18439865112305,66.61731719970703,164.22999572753906,98.48326110839844,108.12345886230469,350.5252380371094,409.5315246582031,119.08989715576172,85.36209869384766
2021-10-11,18.412120819091797,45.095497131347656,66.40375518798828,163.9199981689453,98.24227142333984,107.9183578491211,347.83685302734375,406.56658935546875,118.78771209716797,85.57796478271484
2021-10-12,18.412120819091797,44.864322662353516,66.43791198730469,164.66000366210938,98.6897964477539,108.607421875,346.62371826171875,405.5657958984375,120.81903076171875,86.69884490966797
2021-10-13,18.516536712646484,45.486698150634766,67.09573364257812,167.58999633789062,98.87911987304688,109.15702819824219,349.3994140625,407.02496337890625,121.994140625,87.3298568725586
2021-10-14,18.707963943481445,45.62895584106445,67.7620620727539,168.0,99.11151885986328,109.67379760742188,355.8341979980469,413.8713684082031,122.4474105834961,88.39263916015625
2021-10-15,18.864591598510742,46.18019485473633,68.32589721679688,165.3300018310547,98.6209487915039,109.28005981445312,358.0762023925781,417.02325439453125,121.73390197753906,88.32621765136719
2021-10-18,18.7514705657959,46.06461715698242,68.03543853759766,164.9199981689453,98.48326110839844,109.18981170654297,361.677001953125,418.2579345703125,122.30471801757812,88.55039978027344
2021-10-19,18.794981002807617,46.6781005859375,68.44550323486328,165.4499969482422,98.13037872314453,108.59101867675781,364.4139709472656,421.4847106933594,120.61756896972656,88.59191131591797
2021-10-20,19.003814697265625,46.66920852661133,68.68470764160156,166.89999389648438,98.08734893798828,108.32850646972656,363.93829345703125,423.1401062011719,119.80335235595703,89.98681640625
2021-10-21,18.7166690826416,46.366905212402344,68.36006927490234,166.75,97.82917785644531,108.09886932373047,366.16082763671875,424.2438049316406,119.66064453125,90.11134338378906
2021-10-22,18.803680419921875,46.26911926269531,68.77013397216797,167.77000427246094,98.0787582397461,108.53356170654297,363.084228515625,423.80426025390625,120.97852325439453,90.53477478027344
2021-10-25,18.899396896362305,46.50917434692383,68.63345336914062,168.92999267578125,98.19922637939453,108.58280181884766,366.8014221191406,426.0769958496094,120.79388427734375,90.82537841796875
2021-10-26,18.92550277709961,46.26911926269531,68.77013397216797,167.67999267578125,98.3197250366211,109.05038452148438,367.9564514160156,426.46044921875,121.79264831542969,91.07447814941406
2021-10-27,18.577444076538086,45.895687103271484,68.49675750732422,168.1199951171875,98.87051391601562,109.71481323242188,368.810546875,424.57122802734375,124.00859069824219,90.30229949951172
2021-10-28,18.673158645629883,45.94014358520508,69.1631088256836,168.0800018310547,98.61233520507812,109.5507583618164,372.90618896484375,428.66778564453125,123.58892822265625,91.56434631347656
2021-10-29,18.577444076538086,45.273311614990234,68.76158905029297,166.64999389648438,98.65538787841797,109.49337768554688,374.7405700683594,429.53759765625,123.96664428710938,90.53477478027344
2021-11-01,18.7166690826416,45.62895584106445,69.42793273925781,167.52000427246094,98.64762878417969,109.29772186279297,376.0217590332031,430.2765197753906,123.0741195678711,90.98314666748047
2021-11-02,18.768875122070312,45.21996307373047,69.28269958496094,167.16000366210938,98.8887710571289,109.71691131591797,377.5939636230469,432.01617431640625,123.62031555175781,91.41490173339844
2021-11-03,18.290300369262695,45.433349609375,69.8465347290039,165.77000427246094,98.57874298095703,109.43745422363281,381.6024169921875,434.6537170410156,122.3429183959961,91.72210693359375
2021-11-04,18.177181243896484,45.326663970947266,69.80381774902344,167.64999389648438,99.1126937866211,110.01280212402344,386.49395751953125,436.7020568847656,123.62877655029297,90.85029602050781
2021-11-05,18.429521560668945,45.273311614990234,69.90633392333984,169.83999633789062,99.65526580810547,110.81824493408203,386.8628234863281,438.2171936035156,125.47779083251953,91.31526184082031
2021-11-08,18.542640686035156,45.69118881225586,69.89778900146484,170.4499969482422,99.22466278076172,110.56346893310547,386.3387756347656,438.5914306640625,125.24242401123047,91.24053955078125
2021-11-09,18.690561294555664,45.513370513916016,69.74400329589844,171.2899932861328,99.6811294555664,110.8593521118164,383.6794128417969,437.1416931152344,126.87290954589844,91.3982925415039
2021-11-10,18.455625534057617,45.326663970947266,68.89827728271484,173.14999389648438,98.82847595214844,109.72508239746094,378.04046630859375,433.62493896484375,124.55328369140625,90.97483825683594
2021-11-11,18.58614730834961,46.109073638916016,69.1460189819336,174.1199951171875,98.50982666015625,109.41281127929688,379.088623046875,433.7652282714844,124.36841583251953,91.12429809570312
2021-11-12,18.560041427612305,46.23354721069336,69.52190399169922,174.4499969482422,98.71653747558594,109.29772186279297,383.0777282714844,437.0386962890625,123.82205200195312,91.05787658691406
2021-11-15,18.568744659423828,46.082401275634766,69.39376068115234,174.17999267578125,98.32896423339844,108.46758270263672,382.990234375,437.18841552734375,122.2673110961914,91.69718933105469
2021-11-16,18.542640686035156,46.14463424682617,69.23998260498047,172.9199981689453,98.24284362792969,108.2867660522461,385.717529296875,438.91876220703125,121.95628356933594,91.09107208251953
2021-11-17,18.377315521240234,45.90458297729492,69.15454864501953,174.5,98.59595489501953,108.7223892211914,385.92132568359375,437.8525085449219,122.92279815673828,91.3733901977539
2021-11-18,18.43822479248047,45.344444274902344,69.22290802001953,173.94000244140625,98.65624237060547,108.96900177001953,389.9200439453125,439.339599609375,123.38504028320312,91.38998413085938
2021-11-19,18.142377853393555,45.273311614990234,68.63345336914062,172.61000061035156,98.92320251464844,109.37992095947266,392.0941162109375,438.553955078125,124.6877212524414,90.85029602050781
2021-11-22,18.272897720336914,44.908775329589844,68.23193359375,168.74000549316406,98.19977569580078,108.42649841308594,387.542236328125,437.3194274902344,123.2253646850586,90.40194702148438
2021-11-23,18.60354995727539,44.864322662353516,68.16358947753906,167.27999877929688,97.79499816894531,107.65389251708984,385.77581787109375,437.8992614746094,121.44363403320312,91.1325912475586
2021-11-24,18.533939361572266,44.80208969116211,67.71082305908203,167.1199951171875,98.09642791748047,108.17172241210938,387.0180969238281,439.0683898925781,123.39351654052734,92.23687744140625
2021-11-26,17.428863525390625,43.299495697021484,65.89117431640625,166.85000610351562,99.36245727539062,109.05111694335938,379.68072509765625,429.27581787109375,126.51151275634766,89.67127990722656
2021-11-29,17.428863525390625,43.46842956542969,66.2243423461914,166.6199951171875,99.1385269165039,109.1251220703125,387.92071533203125,434.5415344238281,125.49456024169922,90.33551788330078
2021-11-30,16.950286865234375,43.42396926879883,65.6434326171875,165.5,99.7328109741211,109.36349487304688,382.2236328125,426.0863952636719,127.40234375,88.6251220703125
2021-12-01,16.802366256713867,43.584007263183594,65.26756286621094,166.16000366210938,99.92068481445312,109.3791275024414,375.7209167480469,421.3537292480469,128.18829345703125,87.163818359375
2021-12-02,16.950286865234375,44.11747360229492,66.0791244506836,165.24000549316406,99.70523071289062,109.6343765258789,378.4287109375,427.8073425292969,128.34817504882812,89.77922821044922
2021-12-03,16.967689514160156,43.49510192871094,65.80574798583984,166.6300048828125,100.29132080078125,110.5483627319336,371.8482971191406,424.0848693847656,129.879638671875,89.48033142089844
2021-12-06,17.263538360595703,43.83296585083008,66.43791198730469,166.22000122070312,99.79142761230469,109.98844146728516,374.8279724121094,429.107421875,128.0957794189453,91.04957580566406
2021-12-07,17.524578094482422,44.526466369628906,67.8389663696289,166.80999755859375,99.41217041015625,110.03787231445312,386.1154479980469,437.9833984375,127.06071472167969,92.3614273071289
2021-12-08,17.7595157623291,44.70428466796875,67.96710205078125,166.89999389648438,99.09326934814453,109.30502319335938,387.84307861328125,439.1431884765625,124.86455535888672,93.0256576538086
2021-12-09,17.489774703979492,44.49090576171875,67.40325927734375,165.8800048828125,99.34321594238281,109.21443176269531,382.13623046875,436.1782531738281,125.56290435791016,91.68058776855469
2021-12-10,17.689905166625977,44.526466369628906,67.54849243164062,166.5800018310547,99.41217041015625,109.33795928955078,386.2902526855469,440.2842712402344,125.26002502441406,91.96289825439453
2021-12-13,17.60289192199707,43.8203239440918,66.91576385498047,167.0,99.88618469238281,109.83200073242188,380.70947265625,436.38409423828125,127.11119079589844,92.82638549804688
2021-12-14,17.446266174316406,43.721126556396484,66.55941009521484,165.44000244140625,99.71385955810547,109.33795928955078,376.7690734863281,433.38165283203125,126.8082504272461,91.6390609741211
2021-12-15,17.533279418945312,43.59486389160156,67.46332550048828,166.14999389648438,99.56733703613281,109.47795104980469,385.3584289550781,440.15338134765625,125.58818054199219,92.926025390625
2021-12-16,17.637697219848633,43.64897918701172,67.47201538085938,168.16000366210938,99.85717010498047,109.47461700439453,375.4490966796875,436.27191162109375,125.63707733154297,92.89281463623047
2021-12-17,17.428863525390625,43.43253707885742,66.62024688720703,167.8000030517578,100.08150482177734,109.73033905029297,373.57586669921875,431.6286926269531,127.06068420410156,92.77655792236328
2021-12-20,17.307044982910156,42.78321075439453,66.47250366210938,167.08999633789062,99.99518585205078,109.25189208984375,369.9521179199219,427.0389404296875,126.10877227783203,92.05421447753906
2021-12-21,17.672502517700195,43.50468444824219,67.21127319335938,167.02000427246094,99.598388671875,109.46637725830078,378.23175048828125,434.6227111816406,125.62861633300781,93.09208679199219
2021-12-22,17.88133430480957,43.712100982666016,67.8370590209961,168.58999633789062,99.69328308105469,109.63965606689453,382.8379821777344,438.9683837890625,126.2098388671875,94.0468978881836
2021-12-23,17.97705078125,43.93756866455078,68.23685455322266,168.97000122070312,99.48625183105469,109.47461700439453,385.7243347167969,441.6996765136719,125.11476135253906,93.9472885131836
2021-12-27,18.20328712463379,44.13596725463867,68.76704406738281,169.3699951171875,99.52073669433594,109.79639434814453,392.0992736816406,447.9507141113281,125.41801452636719,95.54214477539062
2021-12-28,18.168479919433594,43.99167251586914,68.79312896728516,168.63999938964844,99.50347900390625,109.6561050415039,390.2820129394531,447.5846252441406,124.92102813720703,95.8941650390625
2021-12-29,18.255495071411133,43.793270111083984,68.76704406738281,168.58999633789062,98.99447631835938,109.05392456054688,390.2237243652344,448.1571960449219,123.55628967285156,96.53949737548828
2021-12-30,18.168479919433594,44.29496765136719,68.58676147460938,169.8000030517578,99.32230377197266,109.4910888671875,389.0575256347656,446.91827392578125,124.59243774414062,96.95853424072266
2021-12-31,18.081466674804688,44.078399658203125,68.52579498291016,170.9600067138672,99.21015167236328,109.32611846923828,386.6280517578125,445.7919921875,124.83680725097656,97.22672271728516
2022-01-03,18.151079177856445,44.39421844482422,68.96997833251953,168.3300018310547,98.28707885742188,108.16291809082031,390.3500671386719,448.373046875,121.55974578857422,96.46405792236328
2022-01-04,18.36861228942871,44.240814208984375,69.36190032958984,169.57000732421875,98.23530578613281,108.25365447998047,385.2870788574219,448.22283935546875,121.0543441772461,96.34671783447266
2022-01-05,18.290300369262695,43.51896286010742,68.75225067138672,169.05999755859375,97.8211898803711,107.61844635009766,373.45062255859375,439.6160583496094,120.397216796875,93.58941650390625
2022-01-06,18.44692611694336,43.71747589111328,68.40385437011719,166.99000549316406,97.57965087890625,107.47816467285156,373.18817138671875,439.20306396484375,120.70887756347656,93.6732177734375
2022-01-07,18.48172950744629,44.114498138427734,68.60416412353516,167.75,97.2604751586914,107.01620483398438,369.1455078125,437.4666748046875,119.84126281738281,93.05305480957031
2022-01-10,18.403417587280273,44.114498138427734,67.96839904785156,168.25999450683594,97.2345962524414,106.91722106933594,369.3883972167969,436.9222717285156,120.13612365722656,92.51666259765625
2022-01-11,18.760175704956055,45.13412094116211,68.70868682861328,170.2899932861328,97.46751403808594,107.23896789550781,374.93743896484375,440.90191650390625,120.93638610839844,92.65913391113281
2022-01-12,18.908098220825195,45.8830451965332,69.37932586669922,170.74000549316406,97.48477172851562,107.16466522216797,376.42431640625,442.09381103515625,120.47308349609375,92.7680892944336
2022-01-13,18.707963943481445,45.23337936401367,68.87417602539062,170.16000366210938,97.79534912109375,107.50296020507812,367.007568359375,436.00250244140625,121.54288482666016,92.5837173461914
2022-01-14,18.95160484313965,45.21532440185547,68.80448913574219,169.6699981689453,97.12244415283203,106.55416870117188,369.291259765625,436.18072509765625,119.70649719238281,91.74560546875
2022-01-18,19.099529266357422,44.412261962890625,67.79420471191406,169.38999938964844,96.38914489746094,105.53947448730469,360.0980224609375,428.4562072753906,118.02165985107422,90.78182220458984
2022-01-19,19.20394515991211,44.60174560546875,67.73323822021484,172.0800018310547,96.62206268310547,105.70448303222656,356.14300537109375,424.0073547363281,118.83875274658203,89.5582046508789
2022-01-20,19.13433265686035,44.86342239379883,67.40228271484375,171.64999389648438,96.82914733886719,105.64675903320312,351.51715087890625,419.31439208984375,119.57168579101562,88.41001892089844
2022-01-21,19.151737213134766,44.213748931884766,66.48778533935547,171.08999633789062,97.38986206054688,106.33971405029297,341.7701416015625,411.08294677734375,120.99532318115234,88.19212341308594
2022-01-24,19.10822868347168,43.59115219116211,65.82587432861328,172.02999877929688,97.30359649658203,106.00969696044922,343.334716796875,412.8287658691406,120.00131225585938,88.3597412109375
2022-01-25,19.282258987426758,43.50994110107422,65.42524719238281,172.5800018310547,97.1741943359375,105.71272277832031,335.37567138671875,407.7884826660156,119.8075180053711,88.00775909423828
2022-01-26,19.325763702392578,42.95952606201172,65.17266845703125,169.7899932861328,96.4840316772461,104.9949951171875,334.85089111328125,406.76544189453125,118.35858917236328,86.63327026367188
2022-01-27,19.421478271484375,42.4632453918457,64.86783599853516,167.60000610351562,96.88954162597656,105.23426055908203,331.478759765625,404.75689697265625,120.53199005126953,85.20014953613281
2022-01-28,19.438880920410156,42.67078399658203,65.0855712890625,167.10000610351562,97.11383056640625,105.34972381591797,341.876953125,414.80914306640625,120.57416534423828,87.95745849609375
2022-01-31,19.508493423461914,44.06937789916992,66.03490447998047,168.08999633789062,97.11383056640625,105.39925384521484,352.8096008300781,422.2802734375,119.95074462890625,89.03860473632812
2022-02-01,19.58680534362793,44.34008026123047,66.66197967529297,168.22999572753906,96.9825668334961,105.57445526123047,355.2099914550781,425.1336669921875,119.5526351928711,88.72012329101562
2022-02-02,19.665117263793945,44.26789474487305,67.15840911865234,168.83999633789062,97.18115234375,105.58273315429688,358.09613037109375,429.2633972167969,119.95751953125,89.85155487060547
2022-02-03,19.70862579345703,43.798683166503906,66.09587097167969,168.60000610351562,96.76667022705078,104.73141479492188,343.5776062011719,419.17352294921875,119.02115631103516,88.8961181640625
2022-02-04,19.865249633789062,43.90696716308594,66.25263214111328,168.86000061035156,96.0240249633789,103.68994140625,347.91180419921875,421.1446533203125,117.26644134521484,88.01612091064453
2022-02-07,19.908756256103516,43.816734313964844,66.36585998535156,170.11000061035156,96.0499496459961,103.88004302978516,345.1130676269531,419.7930603027344,117.3424301147461,87.89041137695312
2022-02-08,19.734729766845703,44.240814208984375,66.70552825927734,170.6300048828125,95.73908233642578,103.4915771484375,348.9905090332031,423.2470397949219,116.55791473388672,87.47974395751953
2022-02-09,19.934860229492188,44.93560791015625,67.78549194335938,171.2100067138672,95.86859893798828,103.8387222290039,356.3858642578125,429.44171142578125,116.77722930908203,89.4576416015625
2022-02-10,19.830446243286133,44.637840270996094,66.92324829101562,170.55999755859375,94.98780059814453,102.42532348632812,348.3199768066406,421.72662353515625,114.92134094238281,87.34565734863281
2022-02-11,20.12628936767578,43.96110534667969,65.91295623779297,173.80999755859375,95.97223663330078,103.18575286865234,337.270751953125,413.4106140136719,116.62537384033203,86.54946899414062
2022-02-14,20.2307071685791,43.65431594848633,65.4862060546875,174.74000549316406,95.30728149414062,102.26827239990234,337.68853759765625,412.0590515136719,115.17442321777344,85.76165771484375
2022-02-15,19.900056838989258,44.60174560546875,66.68810272216797,173.0800018310547,95.0223388671875,101.755859375,346.0848693847656,418.7042236328125,113.86682891845703,86.53270721435547
2022-02-16,19.926158905029297,44.92658615112305,66.94068908691406,174.86000061035156,95.22099304199219,101.90460968017578,345.9973449707031,419.17352294921875,114.54170227050781,86.93499755859375
2022-02-17,20.091487884521484,44.40324020385742,65.86071014404297,177.25,95.73046112060547,101.9789810180664,335.7061462402344,410.2194519042969,115.39373016357422,86.01309967041016
2022-02-18,20.169797897338867,43.96110534667969,65.58201599121094,177.1199951171875,96.04132080078125,102.22696685791016,331.8771667480469,407.5632019042969,116.60844421386719,85.49348449707031
2022-02-22,20.456945419311523,43.338497161865234,64.8155746459961,177.49000549316406,96.03269958496094,102.09471893310547,328.54400634765625,403.1893615722656,116.91213989257812,85.1833724975586
2022-02-23,20.648372650146484,42.83319854736328,64.2843017578125,178.2899932861328,95.5318374633789,101.16900634765625,320.1282653808594,396.03741455078125,115.30091857910156,83.77539825439453
2022-02-24,20.735387802124023,41.94892501831055,63.42207336425781,177.13999938964844,95.75633239746094,101.64839172363281,330.88604736328125,401.9974060058594,115.37689208984375,85.1833724975586
2022-02-25,20.422138214111328,42.724918365478516,65.00719451904297,176.5500030517578,95.73046112060547,102.06166076660156,336.0171203613281,410.8670654296875,115.46121215820312,87.23667907714844
2022-02-28,20.77019500732422,42.16548156738281,63.77044677734375,178.3800048828125,96.8184585571289,103.1527099609375,337.0179443359375,409.8158264160156,117.99195098876953,85.93765258789062
2022-03-01,21.605525970458984,41.60604476928711,62.3769416809082,181.6199951171875,97.76141357421875,103.50553131103516,331.85772705078125,403.5742492675781,119.35612487792969,85.48509216308594
2022-03-02,22.31033706665039,41.678226470947266,63.160789489746094,179.72999572753906,96.2921371459961,101.93184661865234,337.4261474609375,410.9984436035156,115.27629852294922,87.08584594726562
2022-03-03,22.553974151611328,41.09172058105469,61.91533279418945,180.8000030517578,96.70695495605469,102.30458068847656,332.6061096191406,408.9523620605469,116.45042419433594,87.7982177734375
2022-03-04,23.502426147460938,40.2615852355957,60.12120056152344,183.67999267578125,97.6663589477539,102.40393829345703,327.785888671875,405.6297607421875,118.46078491210938,88.20050811767578
2022-03-07,24.015810012817383,38.75470733642578,58.21382141113281,186.41000366210938,97.2514877319336,101.16162109375,315.6968688964844,393.67205810546875,117.55696105957031,86.457275390625
2022-03-08,24.424772262573242,38.88103103637695,58.718971252441406,191.50999450683594,96.62054443359375,100.5569839477539,314.2294616699219,390.6874084472656,116.37434387207031,86.03823852539062
2022-03-09,22.484365463256836,39.98186492919922,61.17502975463867,185.82000732421875,96.024169921875,100.73091125488281,325.5411376953125,401.162109375,115.23402404785156,87.3624038696289
2022-03-10,22.214624404907227,39.23293685913086,60.443443298339844,186.39999389648438,95.58338165283203,99.5796890258789,321.9260559082031,399.3506164550781,113.57840728759766,87.58031463623047
2022-03-11,22.597484588623047,38.41182327270508,59.79023742675781,185.08999633789062,95.55745697021484,99.53824615478516,315.2498779296875,394.2728271484375,113.95857238769531,86.88471221923828
2022-03-14,21.936176300048828,37.48242950439453,60.338932037353516,182.3000030517578,94.34742736816406,98.0970687866211,309.195556640625,391.391357421875,111.29769897460938,86.20584869384766
2022-03-15,21.396692276000977,37.53657531738281,60.913761138916016,178.88999938964844,94.30420684814453,98.86738586425781,318.89410400390625,399.9981994628906,111.10343170166016,86.78412628173828
2022-03-16,21.21396255493164,40.55935287475586,63.099815368652344,180.00999450683594,94.1745834350586,99.71217346191406,330.7207946777344,408.86785888671875,112.19306945800781,87.81498718261719
2022-03-17,22.23202133178711,40.35182189941406,63.63109588623047,180.88999938964844,93.99305725097656,100.68951416015625,334.7245788574219,413.9831848144531,111.35684967041016,89.17267608642578
2022-03-18,22.336442947387695,40.92930603027344,64.24946594238281,179.3000030517578,94.26966094970703,100.88827514648438,341.57574462890625,418.5174560546875,112.71678924560547,89.17267608642578
2022-03-21,23.17177391052246,40.29767608642578,63.84883117675781,180.6699981689453,93.04232025146484,99.48854064941406,340.6260681152344,418.3950500488281,110.10669708251953,88.62792205810547
2022-03-22,23.119565963745117,41.028560638427734,64.44979095458984,179.36000061035156,92.53240203857422,99.24835968017578,347.3202819824219,423.2909240722656,108.69605255126953,88.85420989990234
2022-03-23,23.693857192993164,40.75785446166992,63.613677978515625,181.80999755859375,93.1546630859375,99.52996826171875,342.3287353515625,417.8395080566406,111.078125,87.85733032226562
2022-03-24,23.458919525146484,40.97441482543945,64.20591735839844,183.1300048828125,92.63611602783203,99.57137298583984,349.9376525878906,424.1381530761719,110.20804595947266,88.41349029541016
2022-03-25,23.63294792175293,40.64958190917969,64.24075317382812,182.3800048828125,91.68538665771484,98.78453063964844,349.6457824707031,426.2095642089844,108.67913818359375,89.51741027832031
2022-03-28,22.606184005737305,40.7849235534668,64.03172302246094,179.05999755859375,91.89279174804688,99.33123016357422,355.0555725097656,429.24127197265625,109.60831451416016,90.46961975097656
2022-03-29,22.693199157714844,41.479713439941406,65.45136260986328,179.13999938964844,92.35089874267578,100.16769409179688,361.16607666015625,434.5513000488281,110.4361343383789,93.1240463256836
2022-03-30,23.102161407470703,41.36241912841797,65.18136596679688,180.5800018310547,92.71388244628906,100.39960479736328,357.17669677734375,431.86798095703125,111.29769897460938,92.44991302490234
2022-03-31,22.675796508789062,40.73981475830078,64.10139465332031,180.64999389648438,92.88675689697266,100.16769409179688,352.74957275390625,425.2209167480469,111.56800842285156,91.32071685791016
2022-04-01,22.823719024658203,41.416561126708984,64.70236206054688,179.5,92.28191375732422,100.50382995605469,352.0782470703125,426.4261474609375,111.99274444580078,93.0987777709961
2022-04-04,23.258787155151367,42.147438049316406,64.96363830566406,180.3699951171875,92.22137451171875,100.85244750976562,359.3270263671875,430.0791320800781,111.21440887451172,92.64371490478516
2022-04-05,23.067358016967773,41.371437072753906,64.08399200439453,179.24000549316406,91.12245178222656,99.08455657958984,351.34844970703125,424.646728515625,108.70176696777344,92.18869018554688
2022-04-06,22.884628295898438,40.830039978027344,63.317543029785156,179.66000366210938,90.80229949951172,98.50357055664062,343.7202453613281,420.40045166015625,107.82196044921875,93.2841567993164
2022-04-07,22.962942123413086,40.50520706176758,63.4569091796875,180.33999633789062,90.57730865478516,98.04707336425781,344.5375061035156,422.5189208984375,107.00980377197266,92.35721588134766
2022-04-08,23.25008773803711,40.54130554199219,63.48303985595703,181.47000122070312,90.11872100830078,97.27517700195312,339.7212219238281,421.3890686035156,105.85077667236328,92.50890350341797
2022-04-11,23.058656692504883,40.03600311279297,62.81240463256836,182.3699951171875,89.68610382080078,96.3289794921875,331.6842956542969,414.1866149902344,104.17572784423828,91.5145492553711
2022-04-12,23.746065139770508,39.9096794128418,62.34209060668945,183.77000427246094,90.11872100830078,96.39541625976562,330.2832336425781,412.65191650390625,104.0318832397461,91.37971496582031
2022-04-13,24.268146514892578,40.43302536010742,63.012725830078125,184.64999389648438,90.31774139404297,96.89337158203125,336.9968566894531,417.37823486328125,104.24340057373047,92.02857971191406
2022-04-14,24.450876235961914,39.9096794128418,62.72530746459961,184.0399932861328,89.5043716430664,95.76461791992188,329.2906799316406,412.1811828613281,102.15375518798828,91.63252258300781
2022-04-18,24.729320526123047,39.774330139160156,62.359527587890625,184.61000061035156,89.24480438232422,95.0342025756836,329.5436706542969,412.3506164550781,101.6462173461914,91.26174926757812
2022-04-19,24.0941219329834,39.57581329345703,62.6556396484375,181.82000732421875,88.65640258789062,94.27890014648438,336.90936279296875,419.0070495605469,100.88480377197266,93.2504653930664
2022-04-20,24.120223999023438,39.34122085571289,63.073692321777344,182.7100067138672,89.34864807128906,95.25830078125,331.99554443359375,418.6963806152344,102.91519927978516,94.80097961425781
2022-04-21,24.085418701171875,38.5832633972168,62.39435958862305,182.05999755859375,88.85540771484375,94.24573516845703,325.1262512207031,412.4353332519531,102.15375518798828,94.1436767578125
2022-04-22,23.624244689941406,38.240386962890625,61.3753547668457,180.2899932861328,88.8987045288086,94.1377944946289,316.6125183105469,401.118408203125,101.51081848144531,92.49203491210938
2022-04-25,23.450220108032227,37.960662841796875,61.0792236328125,177.0500030517578,89.46975708007812,95.1835708618164,320.6797180175781,403.4440002441406,102.52603149414062,92.25609588623047
2022-04-26,23.772171020507812,37.130531311035156,59.37217330932617,177.32000732421875,90.06682586669922,95.13379669189453,308.57562255859375,391.7599182128906,103.5581283569336,90.73928833007812
2022-04-27,23.937496185302734,37.56364440917969,59.642173767089844,175.97999572753906,89.56499481201172,94.2208251953125,308.20587158203125,392.8614501953125,102.22991943359375,90.1409683227539
2022-04-28,24.13762664794922,38.105037689208984,60.48699188232422,176.92999267578125,89.43517303466797,94.50296783447266,319.15203857421875,402.784912109375,102.38220977783203,91.8010482788086
2022-04-29,23.95490074157715,38.240386962890625,59.78152084350586,176.91000366210938,88.95926666259766,93.45719146728516,304.7906799316406,387.8997497558594,101.05399322509766,87.5876693725586
2022-05-02,24.320358276367188,38.18624496459961,59.63347625732422,173.6300048828125,88.29652404785156,92.90316009521484,309.87939453125,390.2346496582031,99.30233764648438,85.47254943847656
2022-05-03,23.981002807617188,38.465965270996094,60.07764434814453,174.08999633789062,88.4004898071289,93.50215148925781,310.21026611328125,392.0234680175781,99.97183227539062,86.5343246459961
2022-05-04,24.729320526123047,38.88103103637695,61.13148880004883,175.8000030517578,88.97224426269531,94.41719818115234,320.6991882324219,403.9618225097656,100.52266693115234,87.52867126464844
2022-05-05,24.598798751831055,37.44634246826172,59.16316223144531,175.1300048828125,88.07994079589844,92.96971893310547,304.5474548339844,389.6038513183594,97.76849365234375,85.19447326660156
2022-05-06,24.62490463256836,36.93202209472656,58.58832931518555,175.4199981689453,87.57746124267578,92.17947387695312,300.8987121582031,387.27825927734375,96.3278579711914,84.18325805664062
2022-05-09,23.51112937927246,35.86727523803711,56.82032012939453,172.8800048828125,88.22721099853516,92.50390625,289.1255187988281,374.8787841796875,97.17530822753906,80.47550964355469
2022-05-10,23.371906280517578,36.038719177246094,57.24708557128906,171.4199981689453,88.52176666259766,92.8948745727539,292.637939453125,375.74493408203125,98.05662536621094,79.0092544555664
2022-05-11,23.946195602416992,35.78607177734375,56.90741729736328,172.82000732421875,89.06755828857422,93.32743835449219,283.9588928222656,369.7757873535156,99.9464340209961,78.84069061279297
2022-05-12,24.059314727783203,35.55147171020508,56.768070220947266,170.1699981689453,89.36212158203125,93.36903381347656,283.28741455078125,369.38983154296875,99.75994110107422,79.45584869384766
2022-05-13,24.38996696472168,36.534996032714844,58.3444709777832,168.7899932861328,88.8942642211914,92.87821197509766,293.7861633300781,378.2210998535156,98.2854232788086,81.55411529541016
2022-05-16,24.79022979736328,36.390628814697266,58.396724700927734,170.39999389648438,89.26677703857422,93.00300598144531,290.380615234375,376.6863708496094,98.18375396728516,81.04009246826172
2022-05-17,24.520488739013672,37.28392791748047,59.48541259765625,169.3300018310547,88.59105682373047,92.47061920166016,297.9019775390625,384.43499755859375,96.99736022949219,82.14398193359375
2022-05-18,23.989702224731445,36.390628814697266,58.06577682495117,169.4199981689453,89.22347259521484,92.81168365478516,283.2778625488281,368.9378662109375,99.06505584716797,79.75920867919922
2022-05-19,24.29425048828125,36.96811294555664,58.623172760009766,171.91000366210938,89.54403686523438,93.06126403808594,281.7598571777344,366.67816162109375,99.30233764648438,79.40530395507812
2022-05-20,24.329055786132812,37.12150192260742,59.023807525634766,172.02999877929688,89.95986938476562,93.51879119873047,280.8841857910156,366.8382263183594,100.42943572998047,79.91090393066406
2022-05-23,24.51178741455078,37.40121841430664,60.025394439697266,172.8300018310547,89.4140853881836,93.18601989746094,285.5545959472656,373.7018737792969,98.77693939208984,80.83785247802734
2022-05-24,24.494382858276367,36.75155258178711,59.92958450317383,174.1300048828125,90.18509674072266,94.40888214111328,279.4830322265625,370.84906005859375,100.72605895996094,81.52039337158203
2022-05-25,24.668413162231445,36.93202209472656,59.94701385498047,173.0800018310547,90.36705780029297,95.38216400146484,283.3945617675781,374.1255798339844,101.12435150146484,82.2114028930664
2022-05-26,24.938152313232422,37.50950241088867,60.60892105102539,172.75999450683594,90.32372283935547,95.40709686279297,291.2465515136719,381.60107421875,100.6667251586914,82.31253814697266
2022-05-27,25.233999252319336,37.9426155090332,61.340511322021484,172.85000610351562,90.45367431640625,95.90625762939453,300.7527770996094,390.96905517578125,100.9124755859375,84.52033233642578
2022-05-31,25.059972763061523,38.47499084472656,60.97471237182617,171.13999938964844,89.50935363769531,95.19915008544922,299.954833984375,388.7753601074219,98.77693939208984,83.48384094238281
2022-06-01,25.181793212890625,38.204288482666016,60.33020782470703,172.22999572753906,89.00538635253906,94.643798828125,297.73651123046875,385.6307067871094,98.66400909423828,82.7928466796875
2022-06-02,25.756084442138672,38.862979888916016,61.58436584472656,174.35000610351562,89.13551330566406,94.68550872802734,305.89013671875,392.9744567871094,98.71500396728516,83.93046569824219
2022-06-03,25.99972152709961,38.23135757446289,60.70471954345703,172.5800018310547,88.9620361328125,94.3852767944336,297.9310607910156,386.525146484375,98.5027084350586,82.80970001220703
2022-06-06,26.112838745117188,38.43889617919922,60.94859313964844,171.82000732421875,88.29413604736328,93.71820831298828,298.9234619140625,387.7019958496094,96.68599700927734,82.54846954345703
2022-06-07,26.286867141723633,38.556190490722656,61.13148880004883,172.94000244140625,88.64974212646484,94.21852111816406,301.501953125,391.4209899902344,97.73020935058594,83.68608093261719
2022-06-08,26.521804809570312,38.76372528076172,60.2779655456543,172.77999877929688,88.3201675415039,93.676513671875,299.3322448730469,387.1653137207031,96.8642807006836,81.75636291503906
2022-06-09,26.5653133392334,37.84646224975586,59.012088775634766,172.22999572753906,88.2420883178711,93.05945587158203,291.31475830078125,377.9574890136719,97.18687438964844,79.8182144165039
2022-06-10,26.304269790649414,37.42786407470703,57.58774948120117,174.5399932861328,87.37466430664062,92.15886688232422,281.03997802734375,366.9984130859375,96.58413696289062,78.04859161376953
2022-06-13,26.0084228515625,36.11747741699219,55.68269729614258,169.92999267578125,85.82199096679688,90.0324935913086,267.9725341796875,353.0640869140625,93.55342102050781,74.14700317382812
2022-06-14,25.721277236938477,36.61796951293945,55.157474517822266,168.57000732421875,85.13673400878906,89.56551361083984,268.4590759277344,352.0001220703125,92.37338256835938,73.58241271972656
2022-06-15,25.73868179321289,37.10027313232422,56.19011688232422,170.77000427246094,86.3250961303711,90.96643829345703,275.1629943847656,357.0184326171875,94.09672546386719,75.32675170898438
2022-06-16,25.851797103881836,35.9627799987793,54.952720642089844,172.69000244140625,86.88893127441406,91.0665054321289,264.0611572265625,345.20245361328125,94.84379577636719,73.34647369384766
2022-06-17,24.929454803466797,36.09927749633789,54.730167388916016,171.27000427246094,86.91494750976562,91.24993896484375,267.2719421386719,345.94671630859375,95.14942169189453,73.90261840820312
2022-06-21,24.86854362487793,36.681678771972656,55.558074951171875,170.6300048828125,86.46387481689453,90.33270263671875,274.01513671875,354.6554260253906,93.5363998413086,74.93069458007812
2022-06-22,24.424772262573242,36.02648162841797,55.184181213378906,171.30999755859375,87.55680084228516,90.991455078125,273.6154479980469,354.0123596191406,96.10872650146484,75.88294219970703
2022-06-23,23.876585006713867,36.135677337646484,55.12186050415039,170.25999450683594,88.0512466430664,91.69190216064453,277.6903381347656,357.482666015625,96.89824676513672,77.32459259033203
2022-06-24,24.102821350097656,36.99107360839844,56.76875305175781,170.08999633789062,87.73900604248047,91.80032348632812,287.2050476074219,368.84844970703125,95.55691528320312,78.96978759765625
2022-06-27,24.050613403320312,37.03657150268555,56.52839660644531,169.89999389648438,87.24454498291016,90.95809936523438,285.099365234375,367.43951416015625,94.7419204711914,78.85106658935547
2022-06-28,24.337759017944336,36.80907440185547,56.145606994628906,169.6199951171875,87.35730743408203,90.93312072753906,276.4133605957031,359.9317321777344,95.18338775634766,77.89277648925781
2022-06-29,23.920093536376953,36.663475036621094,55.93196105957031,169.49000549316406,88.05992889404297,91.47508239746094,276.666748046875,359.6385498046875,96.6690444946289,77.40937042236328
2022-06-30,23.18047523498535,36.490577697753906,55.62928771972656,168.4600067138672,88.73650360107422,91.75025177001953,273.23529052734375,356.71673583984375,97.51795196533203,77.26522064208984
2022-07-01,23.29359245300293,36.26308059692383,55.7628173828125,168.32000732421875,89.68773651123047,92.90999603271484,275.0387878417969,360.48956298828125,98.51915740966797,78.65602111816406
2022-07-05,21.727344512939453,35.980979919433594,54.56993865966797,164.75,90.01787567138672,92.8848876953125,279.7473449707031,361.17041015625,99.29320526123047,78.4355239868164
2022-07-06,21.4053955078125,35.7625846862793,54.61444854736328,162.13999938964844,89.25341796875,92.42501831054688,281.5411682128906,362.3901672363281,97.62596130371094,78.29136657714844
2022-07-07,22.29293441772461,36.481475830078125,55.44233322143555,162.22999572753906,88.70610809326172,92.41665649414062,287.5657653808594,367.8177185058594,96.76687622070312,78.50335693359375
2022-07-08,22.68449592590332,36.481475830078125,55.50465393066406,162.3000030517578,88.16748809814453,92.26615142822266,287.9264831542969,367.51519775390625,95.6950912475586,78.08782958984375
2022-07-11,22.6409912109375,35.507789611816406,54.60554122924805,161.42999267578125,88.86248016357422,92.52538299560547,281.7751159667969,363.31683349609375,97.34532165527344,77.918212890625
2022-07-12,21.614227294921875,35.37128448486328,54.59663772583008,160.8300018310547,89.07096862792969,92.65914916992188,279.04541015625,360.1018981933594,97.92372131347656,77.61292266845703
2022-07-13,21.736047744750977,35.28938674926758,54.56993865966797,161.60000610351562,89.45320892333984,93.3531723022461,278.47021484375,358.21075439453125,99.04653930664062,77.23978424072266
2022-07-14,21.53591537475586,34.97089385986328,53.804351806640625,159.3300018310547,88.95801544189453,92.75949096679688,279.46453857421875,357.3407897949219,98.23843383789062,76.54438781738281
2022-07-15,21.814359664916992,35.152889251708984,54.65896224975586,159.00999450683594,89.2620849609375,93.50362396240234,284.533935546875,364.1678771972656,98.79135131835938,77.84188842773438
2022-07-18,22.223325729370117,35.39858627319336,54.881507873535156,159.16000366210938,89.0014419555664,92.85145568847656,282.1260681152344,361.1609802246094,97.76207733154297,77.29066467285156
2022-07-19,22.31033706665039,35.980979919433594,56.37706756591797,159.5399932861328,88.59318542480469,93.11064910888672,290.8022766113281,370.9192199707031,97.23468780517578,79.29205322265625
2022-07-20,22.29293441772461,35.82628631591797,56.003173828125,158.0399932861328,88.50628662109375,93.01033020019531,295.4134216308594,373.2830505371094,97.48989868164062,79.10546112060547
2022-07-21,21.91877555847168,36.23577880859375,56.58181381225586,160.27000427246094,89.51398468017578,94.28121185302734,299.65411376953125,377.0843200683594,99.17413330078125,79.7330322265625
2022-07-22,21.657732009887695,35.87178421020508,56.43937683105469,160.6699981689453,90.53911590576172,95.0086669921875,294.3995361328125,373.5857849121094,100.84133911132812,80.1485824584961
2022-07-25,22.04929542541504,35.99918746948242,56.87558364868164,160.22999572753906,90.21770477294922,94.20597076416016,292.7227478027344,374.0396423339844,99.85464477539062,80.2842788696289
2022-07-26,22.092803955078125,35.71708297729492,56.083290100097656,160.0399932861328,90.2524642944336,94.18924713134766,286.9710998535156,369.6143798828125,99.93118286132812,80.36906433105469
2022-07-27,22.597484588623047,36.381378173828125,57.40970993041992,161.6699981689453,90.43486785888672,94.81632995605469,299.0984802246094,379.21185302734375,99.3697509765625,80.85243225097656
2022-07-28,22.614883422851562,36.53607940673828,57.70347595214844,163.63999938964844,91.32965850830078,95.60228729248047,302.02301025390625,383.9680480957031,100.16084289550781,83.47290802001953
2022-07-29,22.719303131103516,36.36317443847656,58.504661560058594,164.10000610351562,91.36441802978516,95.82801818847656,307.5310363769531,389.56585693359375,99.8886489868164,83.92236328125
2022-08-01,22.258129119873047,36.05378341674805,58.58478546142578,165.02999877929688,91.89877319335938,96.01747131347656,307.34576416015625,388.4122619628906,102.29431915283203,83.24393463134766
2022-08-02,22.14501190185547,35.880882263183594,57.65007019042969,164.0500030517578,90.62821197509766,94.84404754638672,306.4294128417969,385.8498229980469,100.12982940673828,82.17539978027344
2022-08-03,21.953580856323242,36.16297912597656,57.988338470458984,164.4499969482422,91.00239562988281,95.87499237060547,314.77423095703125,391.89208984375,101.70632934570312,82.43830108642578
2022-08-04,21.718643188476562,36.41777420043945,58.28211975097656,167.1699981689453,91.46363830566406,96.0258560180664,316.24627685546875,391.62725830078125,101.6722412109375,82.31108093261719
2022-08-05,21.64033317565918,36.45417785644531,57.87261962890625,165.2899932861328,90.140869140625,94.72674560546875,313.6629333496094,390.96527099609375,99.25209045410156,82.54004669189453
2022-08-08,21.9013729095459,36.49967575073242,58.00614929199219,166.69000244140625,90.67168426513672,95.10391235351562,312.6490478515625,390.5114440917969,100.85417175292969,83.27787017822266
2022-08-09,22.0841007232666,36.36317443847656,57.694576263427734,167.1999969482422,90.40189361572266,94.67646026611328,309.1103515625,388.96075439453125,100.46215057373047,83.73578643798828
2022-08-10,22.388648986816406,36.81816864013672,58.99427795410156,166.77999877929688,90.45411682128906,95.57324981689453,317.7378234863281,397.1304016113281,99.80602264404297,85.00785064697266
2022-08-11,22.823719024658203,36.963768005371094,58.97648239135742,166.33999633789062,89.8536605834961,94.65128326416016,315.9343566894531,397.1304016113281,97.47956848144531,84.80433654785156
2022-08-12,22.701900482177734,37.35506057739258,59.43048858642578,167.8699951171875,90.21046447753906,95.74927520751953,322.0857238769531,403.8534851074219,98.46807861328125,86.2629623413086
2022-08-15,22.42345428466797,37.182167053222656,59.07440185546875,165.7100067138672,90.49764251708984,95.68220520019531,324.6885986328125,405.51763916015625,98.38286590576172,86.61066436767578
2022-08-16,22.171113967895508,37.17306900024414,59.05659866333008,165.4199981689453,90.39321899414062,95.31342315673828,323.92822265625,406.3119812011719,98.79191589355469,86.38168334960938
2022-08-17,22.258129119873047,37.018375396728516,58.58478546142578,164.35000610351562,89.7840347290039,94.41661834716797,320.23345947265625,403.427978515625,97.76081085205078,85.8644027709961
2022-08-18,22.597484588623047,36.80907440185547,58.38893508911133,163.9199981689453,89.95809936523438,94.65968322753906,321.0036315917969,404.60052490234375,97.90564727783203,85.29618835449219
2022-08-19,22.58877944946289,36.3085823059082,57.58774948120117,162.72000122070312,89.18355560302734,93.53654479980469,314.7449951171875,399.1634826660156,96.32913970947266,84.39727020263672
2022-08-22,22.788915634155273,35.99008560180664,56.6085205078125,161.63999938964844,88.79196166992188,92.90795135498047,306.4586181640625,390.8518981933594,96.00533294677734,82.5570068359375
2022-08-23,23.163070678710938,36.181175231933594,56.63521957397461,162.77000427246094,88.5743637084961,93.008544921875,306.2052307128906,389.9062805175781,95.47696685791016,81.49695587158203
2022-08-24,23.40671157836914,36.17207717895508,56.706443786621094,163.25,88.27849578857422,92.73197174072266,307.09234619140625,391.15447998046875,94.77820587158203,81.96338653564453
2022-08-25,23.076059341430664,36.95466995239258,57.329586029052734,163.75,88.84416198730469,93.68744659423828,312.5223388671875,396.6766662597656,96.09907531738281,83.18456268310547
2022-08-26,23.17177391052246,36.40867614746094,55.825130462646484,161.75999450683594,88.73974609375,93.1258544921875,299.7125549316406,383.2494812011719,96.8233871459961,81.08991241455078
2022-08-29,23.51112937927246,36.181175231933594,55.700496673583984,161.86000061035156,88.23500061035156,92.4385986328125,296.7587585449219,380.7154235839844,96.02235412597656,80.360595703125
2022-08-30,22.858524322509766,35.75348663330078,55.29990768432617,160.50999450683594,88.20884704589844,92.5559310913086,293.45391845703125,376.535888671875,96.26097869873047,79.24964904785156
2022-08-31,22.379947662353516,35.880882263183594,54.92601776123047,159.27000427246094,87.84335327148438,91.58368682861328,291.7479248046875,373.6708679199219,95.3405990600586,78.87650299072266
2022-09-01,21.9013729095459,35.59878158569336,54.18714141845703,157.8699951171875,87.14505767822266,91.0323486328125,291.8747253417969,374.8433532714844,93.59512329101562,79.02067565917969
2022-09-02,22.04929542541504,35.27119064331055,53.831058502197266,159.25999450683594,87.63328552246094,91.09959411621094,287.7510681152344,370.890869140625,94.12458038330078,77.918212890625
2022-09-06,21.91877555847168,34.852596282958984,53.69752502441406,158.3300018310547,86.6568374633789,89.86408233642578,285.684326171875,369.49139404296875,91.79322814941406,78.6220932006836
2022-09-07,21.396692276000977,35.16199493408203,54.16933059692383,159.94000244140625,87.22356414794922,91.0911865234375,291.4554138183594,376.1293640136719,93.2449722290039,80.15705108642578
2022-09-08,21.483705520629883,34.97089385986328,54.2049446105957,158.97999572753906,86.90095520019531,90.88106536865234,292.9665222167969,378.5877990722656,92.2885513305664,80.37753295898438
2022-09-09,22.092803955078125,35.48958969116211,55.58477783203125,159.82000732421875,86.9096908569336,91.0911865234375,299.3713684082031,384.46923828125,92.49348449707031,81.25101470947266
2022-09-12,22.39735221862793,36.01738357543945,56.35926055908203,160.6300048828125,86.70044708251953,90.88946533203125,302.92962646484375,388.6014404296875,91.73345184326172,82.03968811035156
2022-09-13,22.28423500061035,34.907196044921875,54.40079879760742,158.5399932861328,86.2122573852539,90.23387908935547,286.31793212890625,371.7040710449219,91.94693756103516,78.9019546508789
2022-09-14,22.379947662353516,35.08009338378906,54.57884216308594,157.92999267578125,86.25585174560547,90.6625747680664,288.5893859863281,373.1224060058594,92.26292419433594,78.00301361083984
2022-09-15,21.727344512939453,34.707000732421875,54.09812545776367,154.97999572753906,85.95944213867188,90.2254638671875,283.7832946777344,368.8862609863281,92.20314025878906,76.56136322021484
2022-09-16,21.649032592773438,34.38850402832031,53.76874542236328,155.83999633789062,86.02915954589844,90.01535034179688,282.04803466796875,366.072021484375,91.43457794189453,76.56982421875
2022-09-19,21.718643188476562,34.49769592285156,53.9556884765625,155.9600067138672,85.7850570678711,90.16665649414062,284.2444152832031,368.9109191894531,91.64806365966797,76.45958709716797
2022-09-20,21.69253921508789,34.30659866333008,53.03877639770508,155.07000732421875,85.25325775146484,89.267333984375,281.9786682128906,364.67633056640625,90.73430633544922,74.60236358642578
2022-09-21,21.5620174407959,33.73330307006836,52.34440231323242,155.7899932861328,85.59325408935547,89.603515625,276.9295959472656,358.31500244140625,92.25440216064453,73.42359161376953
2022-09-22,21.622928619384766,33.56951141357422,52.193077087402344,155.6999969482422,84.30302429199219,88.34281921386719,273.5212097167969,355.3052062988281,89.89742279052734,72.4907455444336
2022-09-23,20.892011642456055,32.74141311645508,50.52837371826172,153.00999450683594,84.40760803222656,88.0906753540039,269.0678405761719,349.35211181640625,90.26463317871094,71.52720642089844
2022-09-26,20.404735565185547,32.341026306152344,49.78059387207031,151.22999572753906,83.00402069091797,86.56096649169922,267.95452880859375,345.89617919921875,88.53962707519531,69.52129364013672
2022-09-27,20.622270584106445,32.30461883544922,49.442317962646484,151.5399932861328,82.43736267089844,85.25826263427734,268.06195068359375,345.0131530761719,86.20824432373047,68.59549713134766
2022-09-28,21.19655990600586,32.58671569824219,50.63520431518555,154.69000244140625,84.29429626464844,86.97282409667969,273.3942565917969,351.80169677734375,89.09466552734375,70.01849365234375
2022-09-29,21.0660400390625,31.858726501464844,50.038761138916016,154.66000366210938,83.9020004272461,86.32563781738281,265.512939453125,344.4529113769531,88.63353729248047,67.96114349365234
2022-09-30,20.80499839782715,31.74043083190918,49.860721588134766,154.6699981689453,83.68402099609375,86.10714721679688,261.01068115234375,339.12652587890625,87.48920440673828,68.72407531738281
2022-10-03,21.274873733520508,32.25912094116211,50.848846435546875,158.42999267578125,84.67719268798828,87.7000503540039,267.1341247558594,348.0798034667969,88.8794174194336,69.94990539550781
2022-10-04,21.849163055419922,33.31471252441406,52.88743209838867,160.6999969482422,84.85188293457031,88.10484313964844,275.5330505371094,358.86572265625,88.63114166259766,71.36433410644531
2022-10-05,22.240726470947266,33.332916259765625,52.326602935791016,159.80999755859375,84.04829406738281,87.43865203857422,275.3865661621094,358.0301818847656,87.78369140625,69.9670639038086
2022-10-06,22.379947662353516,33.13270950317383,51.40968704223633,159.6300048828125,83.58531951904297,87.23625946044922,273.21844482421875,354.3368835449219,87.29576873779297,68.0211410522461
2022-10-07,22.614883422851562,32.441123962402344,50.590694427490234,157.8800048828125,83.17474365234375,86.36768341064453,262.8077392578125,344.4529113769531,86.44828796386719,66.38384246826172
2022-10-10,22.362545013427734,31.986125946044922,50.305824279785156,155.47999572753906,82.68561553955078,85.5918960571289,260.18060302734375,341.82293701171875,85.1043701171875,65.75804901123047
2022-10-11,22.04059410095215,31.476531982421875,49.75389099121094,155.16000366210938,82.895263671875,85.41480255126953,256.6061706542969,339.6581726074219,85.4810562133789,66.42670440673828
2022-10-12,22.04059410095215,31.512937545776367,49.593658447265625,155.99000549316406,83.1660385131836,85.3135986328125,256.5182800292969,338.53778076171875,85.90045166015625,65.73233795166016
2022-10-13,22.345142364501953,31.603931427001953,50.617401123046875,154.91000366210938,82.81663513183594,85.46540832519531,262.5342712402344,347.4721984863281,85.07868957519531,66.93245697021484
2022-10-14,21.9013729095459,31.130733489990234,49.860721588134766,152.97999572753906,82.35369110107422,84.6474380493164,254.64315795898438,339.5538635253906,84.37677764892578,65.26945495605469
2022-10-17,21.849163055419922,31.986125946044922,51.08920669555664,153.4199981689453,82.44103240966797,85.05218505859375,263.0518798828125,348.2792663574219,83.9659194946289,67.72969818115234
2022-10-18,21.614227294921875,31.995229721069336,51.454193115234375,153.75,82.65068817138672,85.55818939208984,265.132080078125,352.3714599609375,84.16275787353516,68.4669189453125
2022-10-19,21.605525970458984,31.4128360748291,50.822147369384766,151.69000244140625,81.7859115600586,84.38603973388672,264.1651916503906,349.8743896484375,82.63052368164062,66.7610092163086
2022-10-20,21.622928619384766,31.613035202026367,50.7064208984375,151.4499969482422,81.1744613647461,83.65235900878906,262.8174133300781,346.9405517578125,81.21807861328125,66.46956634521484
2022-10-21,21.649032592773438,32.095333099365234,51.62333679199219,154.14999389648438,81.35792541503906,83.88849639892578,268.9798889160156,355.3717041015625,79.75434112548828,66.99246978759766
2022-10-24,21.709941864013672,30.87594223022461,51.63223648071289,153.64999389648438,81.25306701660156,83.84632873535156,271.9390563964844,359.72021484375,79.09520721435547,66.98390197753906
2022-10-25,21.831764221191406,31.130733489990234,52.771705627441406,154.0,82.2663345336914,84.96788024902344,277.5643615722656,365.4644470214844,81.39786529541016,69.61559295654297
2022-10-26,22.240726470947266,31.640329360961914,53.27022933959961,154.97999572753906,82.68561553955078,85.35577392578125,271.4312744140625,362.7109375,82.57059478759766,69.57273864746094
2022-10-27,22.27553367614746,31.394636154174805,52.771705627441406,154.74000549316406,83.2708511352539,85.75212097167969,266.48956298828125,360.7740783691406,83.43518829345703,69.67559814453125
2022-10-28,22.014490127563477,31.203536987304688,53.29693603515625,153.16000366210938,82.84284973144531,85.92919158935547,274.6442565917969,369.3571472167969,82.86165618896484,71.21005249023438
2022-10-31,21.857866287231445,31.112531661987305,52.79841613769531,151.91000366210938,82.46726989746094,85.46540832519531,271.45074462890625,366.689208984375,82.27098083496094,71.13289642333984
2022-11-01,22.188518524169922,31.685832977294922,53.216819763183594,153.4600067138672,82.45234680175781,86.08033752441406,268.6771240234375,365.08453369140625,83.03984069824219,71.10717010498047
2022-11-02,22.388648986816406,31.42192840576172,52.44233322143555,152.38999938964844,82.31230163574219,85.66587829589844,259.4676513671875,355.9223327636719,82.67945861816406,69.15270233154297
2022-11-03,22.371246337890625,31.603931427001953,51.997222900390625,151.80999755859375,81.95337677001953,85.36136627197266,254.3990478515625,352.2575378417969,82.23321533203125,69.05840301513672
2022-11-04,23.128267288208008,32.941612243652344,54.0803108215332,156.47000122070312,81.77830505371094,85.53050994873047,258.4910583496094,357.3275451660156,80.8516845703125,70.00135040283203
2022-11-07,22.928136825561523,32.959815979003906,54.24945831298828,155.85000610351562,81.48943328857422,85.21759796142578,261.3330078125,360.74560546875,80.04505920410156,70.00135040283203
2022-11-08,22.649690628051758,33.196414947509766,54.863704681396484,159.4499969482422,82.03221130371094,85.57279968261719,263.2373962402344,362.6919860839844,80.92033386230469,70.21564483642578
2022-11-09,22.127609252929688,32.62311553955078,54.09812545776367,158.64999389648438,82.31230163574219,85.35291290283203,257.162841796875,355.2198181152344,81.18633270263672,69.4955825805664
2022-11-10,22.32773780822754,33.80610656738281,57.13374710083008,163.47999572753906,84.15936279296875,88.21182250976562,276.13848876953125,374.7405700683594,84.30986785888672,74.5789566040039
2022-11-11,22.754106521606445,34.72519302368164,58.273216247558594,164.55999755859375,83.98431396484375,88.44864654541016,281.2266540527344,378.3675537109375,84.00096893310547,74.57037353515625
2022-11-14,22.41475486755371,34.515899658203125,57.65896224975586,164.9199981689453,83.78292846679688,88.0003890991211,278.765625,375.1487731933594,83.79502868652344,72.75306701660156
2022-11-15,22.675796508789062,35.30759048461914,58.041751861572266,165.5,84.40445709228516,89.22683715820312,282.6232604980469,378.3485107421875,85.15083312988281,73.54170227050781
2022-11-16,22.42345428466797,34.7433967590332,57.908226013183594,165.1199951171875,85.02598571777344,89.98806762695312,278.765625,375.4621887207031,87.01294708251953,72.87305450439453
2022-11-17,22.04929542541504,34.80710220336914,57.88151931762695,163.9199981689453,84.44821166992188,89.50592803955078,278.1504211425781,374.3133544921875,86.09476470947266,72.37588500976562
2022-11-18,21.89267349243164,34.60689926147461,57.99724197387695,162.7899932861328,84.15060424804688,89.49750518798828,278.16009521484375,376.0128479003906,85.50267028808594,73.29310607910156
2022-11-21,21.814359664916992,34.17010498046875,57.56104278564453,161.8800048828125,84.09806823730469,89.3621597290039,275.2986755371094,374.64569091796875,85.86306762695312,73.67884826660156
2022-11-22,22.04059410095215,34.25200271606445,58.36222839355469,162.07000732421875,84.57954406738281,90.1572494506836,279.26373291015625,379.6872253417969,87.08157348632812,74.0817642211914
2022-11-23,21.736047744750977,34.53409957885742,59.00318145751953,163.0800018310547,85.03471374511719,91.0622787475586,282.066650390625,382.0798645019531,88.6004638671875,74.14176177978516
2022-11-25,21.54461669921875,34.37030029296875,59.30586242675781,163.22000122070312,85.00848388671875,91.15533447265625,280.2110290527344,381.99444580078125,88.30013275146484,74.61325073242188
2022-11-28,21.41409683227539,34.215599060058594,58.540283203125,161.92999267578125,85.04350280761719,90.49557495117188,276.0994873046875,375.89892578125,88.5489730834961,72.61589813232422
2022-11-29,21.69253921508789,34.952693939208984,58.70940399169922,162.72999572753906,84.68458557128906,90.04727935791016,274.0094909667969,375.2532653808594,87.5106430053711,73.81602478027344
2022-11-30,22.17981719970703,35.9627799987793,59.75096130371094,164.80999755859375,85.44618225097656,91.14686584472656,286.5003967285156,387.0740051269531,88.15422821044922,75.5047607421875
2022-12-01,22.06669807434082,35.844486236572266,60.329586029052734,167.83999633789062,86.37944030761719,92.28729248046875,286.8520202636719,386.7891540527344,90.97038269042969,75.34188079833984
2022-12-02,21.831764221191406,35.980979919433594,60.285091400146484,167.25999450683594,86.55487823486328,92.84734344482422,285.7093505859375,386.3429260253906,92.1144027709961,75.11901092529297
2022-12-05,21.266172409057617,35.57148742675781,59.49280548095703,164.38999938964844,85.6777114868164,92.05818939208984,280.91424560546875,379.3929138183594,90.82417297363281,73.7474365234375
2022-12-06,20.926816940307617,35.52598190307617,59.22572708129883,164.83999633789062,86.20401000976562,92.33820343017578,275.0935363769531,373.92401123046875,91.99398040771484,73.0530776977539
2022-12-07,20.822402954101562,35.31669235229492,59.22572708129883,166.3300018310547,86.9583511352539,93.36492919921875,273.9704895019531,373.28802490234375,94.16160583496094,73.19881439208984
2022-12-08,20.787595748901367,35.744380950927734,59.528411865234375,166.47000122070312,86.46715545654297,93.0679702758789,277.21282958984375,376.21221923828125,93.90353393554688,73.7131576538086
2022-12-09,20.813697814941406,35.507789611816406,59.564022064208984,167.05999755859375,85.82685852050781,92.37217712402344,275.4451599121094,373.4018859863281,91.46068572998047,73.57600402832031
2022-12-12,21.039934158325195,35.39858627319336,59.7420539855957,165.67999267578125,85.70405578613281,92.25335693359375,278.90234375,378.7852783203125,91.75315856933594,74.14176177978516
2022-12-13,21.387990951538086,35.6517333984375,60.58936309814453,168.50999450683594,86.47592163085938,93.05947875976562,281.90057373046875,381.65264892578125,92.63909912109375,75.5133285522461
2022-12-14,21.55331802368164,35.670204162597656,60.53573989868164,168.10000610351562,86.7127685546875,93.14431762695312,279.81060791015625,379.2125549316406,93.03478240966797,74.99899291992188
2022-12-15,21.292274475097656,34.84797286987305,58.989498138427734,165.35000610351562,86.8814926147461,93.22264099121094,270.41552734375,369.93634033203125,93.3978042602539,73.99603271484375
2022-12-16,21.022533416748047,34.94959259033203,58.47110366821289,166.7899932861328,86.66173553466797,92.82262420654297,267.8372802734375,365.56884765625,92.35448455810547,72.08441162109375
2022-12-19,20.983139038085938,34.9773063659668,58.32810592651367,166.32000732421875,85.95870971679688,91.88639068603516,264.0731506347656,362.4689025878906,90.80242919921875,71.16717529296875
2022-12-20,21.07943344116211,34.96807098388672,58.560482025146484,169.0800018310547,85.33470916748047,90.80548095703125,263.8675842285156,362.9648742675781,89.1900634765625,70.9871597290039
2022-12-21,21.350807189941406,35.28218460083008,59.16824722290039,168.8000030517578,85.44021606445312,91.42677307128906,267.6953430175781,368.3921203613281,89.41421508789062,71.59579467773438
2022-12-22,21.07943344116211,34.96807098388672,58.685611724853516,166.75999450683594,85.41381072998047,91.40125274658203,261.1461181640625,363.1366271972656,89.39701080322266,71.29501342773438
2022-12-23,21.4646053314209,34.921878814697266,58.89118194580078,167.25999450683594,85.02714538574219,91.12037658691406,261.7335510253906,365.2254638671875,88.08639526367188,71.92962646484375
2022-12-27,21.65719223022461,35.439239501953125,58.98055648803711,168.6699981689453,84.31531524658203,89.9458236694336,258.03302001953125,363.7851867675781,86.34466552734375,71.90353393554688
2022-12-28,21.41208267211914,34.921878814697266,58.35491180419922,167.91000366210938,84.11314392089844,89.66496276855469,254.62632751464844,359.2641296386719,85.83594512939453,70.67777252197266
2022-12-29,21.385820388793945,35.503910064697266,59.2755012512207,168.85000610351562,84.52619171142578,90.30330657958984,260.83282470703125,365.7309875488281,86.81025695800781,72.22518920898438
2022-12-30,21.578407287597656,35.01426315307617,58.66773223876953,169.63999938964844,84.17467498779297,89.73307037353516,260.67620849609375,364.767578125,85.84455871582031,71.7035903930664
2023-01-03,21.06192398071289,35.309898376464844,59.186126708984375,171.05999755859375,84.83379364013672,90.35438537597656,258.9140930175781,363.23199462890625,87.48282623291016,71.77313232421875
2023-01-04,20.68550682067871,36.372337341308594,59.972652435302734,172.6699981689453,85.48413848876953,91.00975036621094,260.14752197265625,366.0362243652344,88.68135070800781,73.39881896972656
2023-01-05,20.580461502075195,36.261470794677734,59.373817443847656,170.52000427246094,85.36109161376953,90.94163513183594,256.0751037597656,361.8585205078125,89.05208587646484,71.4254150390625
2023-01-06,20.69426155090332,37.01903533935547,60.89324951171875,173.7100067138672,86.45962524414062,92.43109893798828,263.1432189941406,370.1566467285156,90.69036102294922,73.3466567993164
2023-01-09,20.939369201660156,37.29619598388672,61.152442932128906,174.10000610351562,86.67933654785156,92.79707336425781,264.84661865234375,369.94683837890625,91.17320251464844,73.37274169921875
2023-01-10,20.939369201660156,37.56412124633789,61.33120346069336,174.74000549316406,86.13448333740234,92.48218536376953,267.08837890625,372.54119873046875,89.6642837524414,73.53789520263672
2023-01-11,21.3157901763916,37.72117233276367,61.79596710205078,174.6199951171875,86.68815612792969,93.2737045288086,271.70904541015625,377.2530212402344,91.12149047851562,76.17203521728516
2023-01-12,21.49086570739746,37.905941009521484,62.7076301574707,176.63999938964844,87.4615249633789,94.32909393310547,273.1775207519531,378.6265869140625,92.91492462158203,77.13699340820312
2023-01-13,21.700963973999023,38.1553840637207,63.03831481933594,178.75999450683594,86.99571228027344,94.02265930175781,275.0570983886719,380.0954284667969,92.04408264160156,76.65886688232422
2023-01-17,21.849777221679688,37.942901611328125,63.23495101928711,177.58999633789062,86.72330474853516,93.68221282958984,275.6151123046875,379.399169921875,91.44911193847656,76.87619018554688
2023-01-18,21.613422393798828,37.6842155456543,63.01151657104492,177.0800018310547,87.90091705322266,94.78018951416016,272.0321350097656,373.4092102050781,93.6650619506836,75.75474548339844
2023-01-19,21.832271575927734,37.97060775756836,62.913185119628906,179.88999938964844,87.73396301269531,94.58439636230469,269.359619140625,370.69085693359375,93.0787353515625,75.33746337890625
2023-01-20,21.963581085205078,38.552642822265625,63.46733474731445,179.2899932861328,87.1539077758789,94.09078216552734,276.7311096191406,377.59649658203125,91.56985473632812,76.2328872680664
2023-01-23,22.016101837158203,38.82979965209961,63.72653579711914,179.6300048828125,86.87267303466797,93.81842041015625,282.8789367675781,382.1270446777344,91.13871765136719,76.58060455322266
2023-01-24,21.8935489654541,38.857521057128906,63.646087646484375,180.27999877929688,87.37361145019531,94.31204223632812,282.3013000488281,381.7169494628906,92.44930267333984,76.77185821533203
2023-01-25,21.832271575927734,38.89447021484375,64.06616973876953,181.11000061035156,87.47027587890625,94.35459899902344,281.6748046875,381.8599548339844,92.67349243164062,76.80664825439453
2023-01-26,21.928564071655273,39.264015197753906,64.11979675292969,179.47000122070312,87.1539077758789,94.32056427001953,287.1667175292969,386.0567626953125,92.24239349365234,77.66730499267578
2023-01-27,21.683454513549805,39.07923889160156,63.99466323852539,179.22000122070312,87.0220947265625,94.0482177734375,290.0252685546875,386.94384765625,92.00955200195312,78.5366439819336
2023-01-30,21.403329849243164,38.2939567565918,63.583526611328125,178.75999450683594,86.74968719482422,93.6907730102539,284.161376953125,382.08892822265625,91.67330169677734,77.53689575195312
2023-01-31,21.770994186401367,38.2108154296875,63.94997787475586,179.41000366210938,87.18905639648438,94.36312866210938,288.4198303222656,387.7068786621094,92.40621185302734,79.16255950927734
2023-02-01,21.35955810546875,38.681983947753906,64.52200317382812,181.6699981689453,87.81613159179688,95.321044921875,294.5872802734375,391.8273620605469,93.5170669555664,79.64940643310547
2023-02-02,21.201988220214844,38.45101547241211,64.43260955810547,177.89999389648438,87.78089904785156,95.45763397216797,305.15997314453125,397.5311584472656,93.6380844116211,81.45764923095703
2023-02-03,20.668001174926758,37.767356872558594,63.83378601074219,173.4600067138672,86.83853912353516,94.37335205078125,299.736572265625,393.3057556152344,92.23764038085938,79.92759704589844
2023-02-06,20.729278564453125,37.21304702758789,63.181312561035156,173.82000732421875,86.0899429321289,93.64768981933594,297.2010498046875,390.9020690917969,91.55469512939453,79.34512329101562
2023-02-07,21.12320327758789,37.36086654663086,63.717594146728516,173.97999572753906,85.8785629272461,93.3403549194336,303.35870361328125,396.0145568847656,90.81993103027344,79.1712646484375
2023-02-08,21.16697120666504,37.31467056274414,63.3243293762207,174.41000366210938,86.19562530517578,93.43426513671875,297.964599609375,391.684326171875,91.25215911865234,78.79745483398438
2023-02-09,21.000646591186523,37.490203857421875,63.440521240234375,173.02999877929688,85.80809020996094,92.64879608154297,295.33123779296875,388.2886962890625,90.38770294189453,77.93680572509766
2023-02-10,21.298280715942383,37.1298942565918,63.16344451904297,173.36000061035156,85.39418029785156,91.99996185302734,293.39288330078125,389.1948547363281,89.37627410888672,78.20629119873047
2023-02-13,21.254512786865234,37.434776306152344,63.79802322387695,172.47999572753906,85.59673309326172,92.3414535522461,298.0918884277344,393.763671875,90.12835693359375,78.90177154541016
2023-02-14,21.324542999267578,37.3701057434082,63.91423034667969,172.61000061035156,85.2092514038086,92.1109390258789,300.2945556640625,393.5823669433594,89.92086791992188,78.27584075927734
2023-02-15,21.096940994262695,37.055992126464844,63.628211975097656,170.88999938964844,84.95381164550781,91.76090240478516,302.5951232910156,394.8605041503906,89.08236694335938,78.58879852294922
2023-02-16,21.035663604736328,37.06522750854492,63.31538772583008,170.75,84.67198944091797,91.02670288085938,296.9171142578125,389.42376708984375,87.82025146484375,77.82377624511719
2023-02-17,20.878093719482422,36.658729553222656,63.47627639770508,171.25999450683594,84.90978240966797,91.38526153564453,294.82220458984375,388.45086669921875,88.50318145751953,77.5195083618164
2023-02-21,20.904354095458984,36.19680404663086,62.77912139892578,170.6199951171875,83.98501586914062,90.08751678466797,287.84222412109375,380.658203125,86.78292846679688,75.96336364746094
2023-02-22,20.632984161376953,36.021278381347656,62.4305419921875,169.66000366210938,84.13477325439453,90.34368133544922,288.0576171875,380.13360595703125,87.57823181152344,75.27660369873047
2023-02-23,20.79055404663086,36.19680404663086,62.752315521240234,169.57000732421875,84.46061706542969,91.05229949951172,290.573486328125,382.15570068359375,88.43401336669922,75.84165954589844
2023-02-24,20.720523834228516,35.38380813598633,61.70658874511719,168.35000610351562,83.9498062133789,90.36930847167969,285.7081298828125,378.0733337402344,87.28429412841797,74.51158905029297
2023-02-27,20.73802947998047,35.56857681274414,62.439491271972656,169.00999450683594,84.20519256591797,90.3948974609375,287.7541198730469,379.36102294921875,87.52633666992188,74.62459564208984
2023-02-28,20.79930877685547,35.319129943847656,61.98365783691406,169.77999877929688,84.33731079101562,90.42904663085938,287.3821716308594,377.9589538574219,87.92398071289062,74.5202865600586
2023-03-01,21.158218383789062,36.07670593261719,62.314361572265625,170.75999450683594,83.6630630493164,89.86531066894531,285.0718078613281,376.5091247558594,86.97943115234375,73.58136749267578
2023-03-02,21.07943344116211,36.20603942871094,62.439491271972656,170.66000366210938,83.31889343261719,89.94243621826172,287.4311218261719,379.4372863769531,86.20816040039062,74.44202423095703
2023-03-03,21.41208267211914,36.52939224243164,63.35114288330078,172.49000549316406,83.9896011352539,90.96198272705078,293.373291015625,385.52264404296875,88.29662322998047,75.57218170166016
2023-03-06,21.307035446166992,36.40005874633789,63.19025421142578,171.6199951171875,83.83956146240234,90.71350860595703,293.7061462402344,385.78973388671875,87.61202239990234,75.27660369873047
2023-03-07,20.869338989257812,35.790306091308594,62.1356086730957,168.6199951171875,83.84840393066406,90.45648193359375,290.1036376953125,379.8760681152344,88.14933013916016,73.52051544189453
2023-03-08,20.755537033081055,35.9381217956543,62.475242614746094,168.5399932861328,83.8219223022461,90.31082153320312,291.552490234375,380.4960632324219,88.23596954345703,74.36378479003906
2023-03-09,20.501676559448242,35.14360046386719,62.0194091796875,170.1999969482422,84.34259033203125,90.22514343261719,286.5010681152344,373.4759216308594,88.45262145996094,72.65985870361328
2023-03-10,20.720523834228516,34.958839416503906,61.35801315307617,173.8699951171875,85.89585876464844,91.51885223388672,282.4775390625,368.08685302734375,91.50299072265625,70.25178527832031
2023-03-13,20.589214324951172,35.01426315307617,60.93793487548828,177.86000061035156,86.93721771240234,91.5959701538086,284.5724792480469,367.562255859375,91.71096801757812,71.17329406738281
2023-03-14,20.326595306396484,35.03274154663086,61.75127410888672,176.8300018310547,86.11646270751953,91.32179260253906,291.1119689941406,373.63812255859375,90.203125,71.86006927490234
2023-03-15,19.853885650634766,34.43223190307617,59.838584899902344,178.2100067138672,87.36082458496094,92.19571685791016,292.6390380859375,371.30120849609375,91.94497680664062,71.80790710449219
2023-03-16,19.915163040161133,34.958839416503906,60.768123626708984,178.57000732421875,86.57538604736328,92.05862426757812,300.35333251953125,377.81573486328125,91.22571563720703,71.65142822265625
2023-03-17,19.853885650634766,34.74634552001953,60.044158935546875,183.77000427246094,87.5990982055664,92.52125549316406,298.93377685546875,373.39813232421875,92.59494018554688,70.02576446533203
2023-03-20,19.93267059326172,34.87568283081055,60.982627868652344,183.83999633789062,87.2461166381836,92.24708557128906,299.99468994140625,376.9886169433594,91.78031921386719,70.82555389404297
2023-03-21,20.002700805664062,35.18980026245117,61.90322494506836,180.3699951171875,86.48712921142578,92.69264221191406,304.2792663574219,381.9386901855469,90.99169921875,70.51258850097656
2023-03-22,20.055225372314453,35.3283805847168,61.6887092590332,183.44000244140625,87.62557220458984,93.23236846923828,300.1417541503906,375.4279479980469,92.2049560546875,67.87847137451172
2023-03-23,20.002700805664062,35.81801986694336,61.69764709472656,185.74000549316406,88.12860107421875,93.49796295166016,303.70086669921875,376.44281005859375,92.2049560546875,67.45248413085938
2023-03-24,20.0989933013916,35.72563552856445,61.50996017456055,183.64999389648438,88.15511322021484,93.78924560546875,304.8185729980469,378.9130859375,92.59494018554688,69.18226623535156
2023-03-27,20.475414276123047,35.53162384033203,62.090919494628906,181.9499969482422,87.06962585449219,92.66691589355469,302.730224609375,379.62158203125,90.41975402832031,69.1032485961914
2023-03-28,20.571706771850586,36.03974533081055,62.11772537231445,183.44000244140625,87.01664733886719,92.5126953125,301.1222229003906,378.76947021484375,90.58443450927734,68.93640899658203
2023-03-29,20.440399169921875,36.14136505126953,62.86849594116211,182.52999877929688,86.86663055419922,92.94107818603516,306.6128234863281,384.27490234375,90.40242767333984,70.46424102783203
2023-03-30,20.589214324951172,36.501678466796875,63.601417541503906,184.17999267578125,86.99899291992188,93.06958770751953,309.51507568359375,386.52490234375,90.81840515136719,71.38619995117188
2023-03-31,20.781801223754883,36.455482482910156,63.92315673828125,183.22000122070312,87.4755630493164,93.90921020507812,314.6624755859375,391.9727478027344,92.17894744873047,72.91401672363281
2023-04-03,21.12320327758789,36.52939224243164,64.43260955810547,184.5399932861328,87.88764190673828,94.47640991210938,313.8977966308594,393.4664001464844,92.61246490478516,72.33450317382812
2023-04-04,21.096940994262695,36.52939224243164,64.44154357910156,187.97999572753906,88.45353698730469,94.59671783447266,312.8388671875,391.28338623046875,93.07290649414062,72.23789978027344
2023-04-05,21.17572784423828,36.24299621582031,63.99466323852539,187.8300018310547,88.824951171875,94.9061508178711,309.7503967285156,390.2589416503906,94.04595947265625,71.85157012939453
2023-04-06,21.114450454711914,36.39081573486328,64.2985610961914,186.49000549316406,88.85148620605469,94.82018280029297,311.8387145996094,391.7812805175781,94.2892074584961,72.3432846069336
2023-04-10,21.114450454711914,36.42776870727539,64.25386810302734,185.11000061035156,87.97604370117188,94.38191223144531,311.66229248046875,392.1833801269531,92.76883697509766,72.67692565917969
2023-04-11,21.22825050354004,36.64949035644531,64.4683609008789,186.27999877929688,87.9406967163086,94.35611724853516,309.662109375,392.2887268066406,92.95997619628906,72.9842529296875
2023-04-12,21.394575119018555,36.39081573486328,64.87950897216797,187.19000244140625,88.19712829589844,94.15840911865234,306.92657470703125,390.6897888183594,92.86443328857422,72.63304901123047
2023-04-13,21.394575119018555,36.88969802856445,65.71073150634766,189.72000122070312,87.90531158447266,94.32171630859375,312.93682861328125,395.87921142578125,92.13463592529297,72.41352844238281
2023-04-14,21.420835494995117,36.69568634033203,65.44259643554688,186.36000061035156,87.4720230102539,94.01233673095703,312.34869384765625,394.9121398925781,91.29193115234375,71.28961181640625
2023-04-17,21.333297729492188,36.85274124145508,65.3263931274414,185.52999877929688,86.91492462158203,93.41931915283203,312.6134033203125,396.3291931152344,90.20594024658203,72.77352905273438
2023-04-18,21.37706756591797,36.806549072265625,65.68390655517578,186.25,87.05641174316406,93.72874450683594,312.6329650878906,396.58770751953125,90.52738189697266,72.60670471191406
2023-04-19,21.07943344116211,36.43700408935547,65.47834014892578,185.36000061035156,86.87071990966797,93.26463317871094,312.4859313964844,396.5207214355469,90.4405288696289,73.03694152832031
2023-04-20,20.89560317993164,36.38157653808594,65.47834014892578,186.08999633789062,87.37474822998047,93.61700439453125,310.10333251953125,394.3568420410156,91.21372985839844,72.31694030761719
2023-04-21,20.851831436157227,36.03974533081055,65.80902862548828,184.25,87.16253662109375,93.6771469116211,310.4267883300781,394.6632385253906,90.70113372802734,72.3257064819336
2023-04-24,21.018156051635742,35.95659637451172,65.9788589477539,184.80999755859375,87.58695983886719,94.08966827392578,309.77978515625,395.0749206542969,91.57860565185547,72.05350494384766
2023-04-25,20.720523834228516,35.28218460083008,65.05827331542969,185.75,88.45353698730469,94.5022201538086,303.9361572265625,388.8035888671875,92.92523193359375,71.34227752685547
2023-04-26,20.40538215637207,35.48543167114258,65.0135726928711,184.74000549316406,88.10868072509766,94.08966827392578,305.7794494628906,387.15673828125,91.93480682373047,70.65740203857422
2023-04-27,20.431644439697266,35.96583557128906,65.82691955566406,184.75,87.5339126586914,93.74592590332031,314.0938415527344,394.8642883300781,91.02257537841797,72.25547790527344
2023-04-28,20.624229431152344,36.15061569213867,65.80010986328125,184.8000030517578,88.18830871582031,94.47640991210938,316.2606506347656,398.23455810546875,92.49083709716797,73.14231872558594
2023-05-01,20.44915199279785,36.03050994873047,65.70178985595703,183.97000122070312,87.15031433105469,92.95178985595703,315.89788818359375,397.8324279785156,89.82389831542969,72.5979232788086
2023-05-02,19.985193252563477,35.679439544677734,65.04039001464844,187.52000427246094,88.28489685058594,94.07283020019531,313.1427307128906,393.361083984375,92.06230163574219,71.36864471435547
2023-05-03,19.73133087158203,35.6240119934082,65.21021270751953,189.11000061035156,88.8610610961914,94.22805786132812,311.0935363769531,390.66107177734375,92.57622528076172,71.08766174316406
2023-05-04,19.810115814208984,35.910404205322266,65.07613372802734,190.44000244140625,88.84334564208984,93.96935272216797,309.9955139160156,387.89398193359375,91.66168975830078,71.67594909667969
2023-05-05,20.25656509399414,36.39081573486328,66.03247833251953,187.4600067138672,88.36467742919922,93.59856414794922,316.58428955078125,395.0749206542969,91.35681915283203,72.8701171875
2023-05-08,20.35285758972168,36.4092903137207,66.05035400390625,187.69000244140625,87.82396697998047,92.92594909667969,317.3686828613281,395.1802062988281,90.07652282714844,72.44865417480469
2023-05-09,20.414134979248047,36.187564849853516,65.78221893310547,189.02000427246094,87.71759033203125,92.89144134521484,315.3586730957031,393.447265625,89.75423431396484,72.1413345336914
2023-05-10,20.35285758972168,36.169090270996094,65.64815521240234,188.75,88.37352752685547,93.62443542480469,318.7902526855469,395.28558349609375,90.62520599365234,72.83499145507812
2023-05-11,20.002700805664062,36.03974533081055,65.48728942871094,187.1300048828125,88.70149993896484,93.98661041259766,319.82965087890625,394.59625244140625,91.58326721191406,72.03596496582031
2023-05-12,19.84513282775879,35.61477279663086,65.37108612060547,186.80999755859375,88.1696548461914,93.40884399414062,318.6824035644531,394.07916259765625,90.81682586669922,72.02717590332031
2023-05-15,20.072734832763672,36.27070999145508,65.87159729003906,187.2100067138672,87.9746322631836,92.9086685180664,320.4081115722656,395.43878173828125,89.87616729736328,71.90425109863281
2023-05-16,19.853885650634766,36.012027740478516,65.24596405029297,184.8699951171875,87.69100189208984,92.4430160522461,320.77093505859375,392.7962341308594,89.6061782836914,70.10423278808594
2023-05-17,20.090242385864258,36.17832565307617,65.54983520507812,184.22999572753906,87.40734100341797,92.43438720703125,324.65350341796875,397.5643005371094,89.34487915039062,71.05253601074219
2023-05-18,19.906410217285156,35.984317779541016,65.45153045654297,181.83999633789062,86.86665344238281,92.04634094238281,330.68341064453125,401.39410400390625,88.68289947509766,70.71007537841797
2023-05-19,19.880146026611328,36.012027740478516,65.83585357666016,183.63999938964844,86.53868865966797,91.93424224853516,329.938232421875,400.81005859375,88.05582427978516,70.59593200683594
2023-05-22,19.897653579711914,36.30766677856445,65.85372924804688,183.2100067138672,86.379150390625,91.89974975585938,331.0461730957031,400.97283935546875,87.74227142333984,71.02619171142578
2023-05-23,19.9764404296875,35.744110107421875,64.88844299316406,183.42999267578125,86.5209732055664,92.08946990966797,326.8497314453125,396.4727783203125,87.994873046875,70.35884857177734
2023-05-24,19.985193252563477,35.476192474365234,63.9410285949707,181.9499969482422,86.29935455322266,91.72726440429688,325.1731872558594,393.6004638671875,87.55935668945312,68.84860229492188
2023-05-25,19.67005157470703,35.40228271484375,63.851661682128906,180.1999969482422,85.7586898803711,91.42544555664062,333.0855407714844,397.00897216796875,87.34161376953125,68.83982849121094
2023-05-26,19.985193252563477,36.03050994873047,64.47731018066406,180.9199981689453,85.91822814941406,91.81349182128906,341.5960388183594,402.1504821777344,88.04711151123047,69.63007354736328
2023-05-30,19.521236419677734,35.61477279663086,63.824859619140625,182.0399932861328,86.5918960571289,92.5033950805664,343.145263671875,402.30364990234375,88.92678833007812,69.89349365234375
2023-05-31,19.30238914489746,35.28218460083008,63.16344451904297,182.32000732421875,86.91984558105469,92.8051986694336,341.19403076171875,400.0727844238281,89.70198059082031,70.24471282958984
2023-06-01,19.617528915405273,35.910404205322266,64.10192108154297,183.75999450683594,87.16150665283203,93.08983612060547,345.13555908203125,403.8739318847656,90.05390167236328,70.25350189208984
2023-06-02,19.87139320373535,36.52939224243164,64.93313598632812,181.0500030517578,86.46849060058594,92.83893585205078,347.7239990234375,409.71435546875,89.06709289550781,71.96570587158203
2023-06-05,19.81886863708496,36.52014923095703,64.55774688720703,182.13999938964844,86.44183349609375,92.63996124267578,347.9691467285156,408.9293518066406,88.90116119384766,71.46522521972656
2023-06-06,19.84513282775879,36.843509674072266,65.0940170288086,182.33999633789062,86.49514770507812,92.8216552734375,347.9103088378906,409.8196716308594,89.42515563964844,72.15010070800781
2023-06-07,19.923917770385742,36.68522262573242,64.52152252197266,180.14999389648438,85.86431121826172,91.99108123779297,342.00787353515625,408.4026794433594,88.09772491455078,73.47598266601562
2023-06-08,19.95893096923828,36.9459228515625,65.20413970947266,182.52999877929688,86.44183349609375,92.60535430908203,346.253173828125,410.8729553222656,89.12821197509766,73.01939392089844
2023-06-09,19.836376190185547,37.113525390625,65.09491729736328,182.0399932861328,86.1308822631836,92.36312866210938,347.576904296875,411.6101989746094,89.0059814453125,72.5979232788086
2023-06-12,19.56500816345215,37.18800735473633,65.37708282470703,181.8800048828125,86.27301025390625,92.65728759765625,353.45001220703125,415.3442687988281,89.26795196533203,72.615478515625
2023-06-13,19.82762336730957,37.56045150756836,65.9959945678711,180.5399932861328,85.65995788574219,92.24198150634766,356.1658630371094,418.0825500488281,88.38592529296875,73.08086395263672
2023-06-14,19.87139320373535,37.839778900146484,66.24173736572266,180.63999938964844,85.77544403076172,92.52751159667969,358.7543640136719,418.5804443359375,89.09329986572266,73.3530502319336
2023-06-15,20.291580200195312,38.1935920715332,66.94256591796875,181.91000366210938,86.44183349609375,93.33211517333984,363.0291748046875,423.7699279785156,89.9491195678711,73.73938751220703
2023-06-16,20.54544448852539,38.06324005126953,66.79693603515625,181.6300048828125,86.06867218017578,93.167724609375,360.74462890625,422.3264465332031,89.59979248046875,73.68671417236328
2023-06-20,20.36161231994629,37.318363189697266,65.91407012939453,179.75,86.32634735107422,93.50514221191406,360.22821044921875,420.13531494140625,90.2198257446289,72.81742095947266
2023-06-21,20.65924644470215,37.14145278930664,66.01419830322266,179.49000549316406,86.40632629394531,93.40130615234375,355.31915283203125,417.982666015625,90.43817138671875,72.37841033935547
2023-06-22,20.27407455444336,37.0110969543457,65.6046142578125,177.7100067138672,85.91761779785156,92.91683197021484,359.5114440917969,419.491455078125,89.34657287597656,71.34227752685547
2023-06-23,20.055225372314453,36.471065521240234,64.58523559570312,178.1999969482422,86.27301025390625,93.17633819580078,355.94744873046875,416.320068359375,90.2373275756836,70.35884857177734
2023-06-26,20.08148765563965,36.592105865478516,64.66714477539062,178.50999450683594,86.48625183105469,93.28015899658203,351.1758728027344,414.6191101074219,90.3333740234375,71.98329162597656
2023-06-27,19.757591247558594,36.96454620361328,65.23145294189453,177.69000244140625,86.18416595458984,93.17633819580078,357.21405029296875,419.1647033691406,90.09759521484375,72.8701171875
2023-06-28,19.69631576538086,36.74108123779297,65.27696228027344,177.27999877929688,86.53069305419922,93.5829849243164,357.9111022949219,419.3761291503906,90.4818115234375,72.97547912597656
2023-06-29,19.705068588256836,36.54555130004883,65.18594360351562,177.08999633789062,85.6421890258789,92.8735580444336,357.1944580078125,421.0290832519531,88.84877014160156,73.79064178466797
2023-06-30,19.87139320373535,36.83419418334961,65.98688507080078,178.27000427246094,85.82876586914062,93.5570297241211,362.7024230957031,425.9975280761719,89.89671325683594,74.19911193847656
2023-07-03,19.87139320373535,37.243873596191406,65.91407012939453,178.47000122070312,85.45645904541016,93.29489135742188,363.55657958984375,426.48760986328125,89.38709259033203,74.92723846435547
2023-07-05,19.993947982788086,37.02040481567383,65.17684173583984,177.83999633789062,85.04679870605469,92.62660217285156,363.54681396484375,425.8533935546875,88.5376968383789,75.09595489501953
2023-07-06,19.950180053710938,36.26622772216797,64.04824829101562,177.30999755859375,84.35208129882812,91.68922424316406,360.77801513671875,422.5186462402344,87.28548431396484,74.51878356933594
2023-07-07,20.11650276184082,36.675907135009766,64.53062438964844,178.63999938964844,84.2452163696289,91.60240936279297,359.58026123046875,421.4518737792969,86.76009368896484,74.35005950927734
2023-07-10,20.1602725982666,36.70384216308594,64.71266174316406,178.77999877929688,84.68163299560547,92.07979583740234,359.69805908203125,422.5186462402344,86.87395477294922,74.66973114013672
2023-07-11,20.39662742614746,37.0762825012207,65.29515838623047,179.4499969482422,84.8597640991211,92.51375579833984,361.47515869140625,425.20947265625,87.32052612304688,75.73530578613281
2023-07-12,20.54544448852539,37.90495681762695,66.5420913696289,181.8800048828125,85.68804168701172,93.32963562011719,366.0405578613281,428.63067626953125,88.29249572753906,76.14376068115234
2023-07-13,20.834321975708008,38.3984375,67.60697937011719,182.00999450683594,86.40056610107422,93.9892578125,372.2554626464844,432.03265380859375,89.22069549560547,76.63216400146484
2023-07-14,20.69426155090332,38.18428039550781,67.22471618652344,181.42999267578125,85.97307586669922,93.26020050048828,372.1769714355469,431.76361083984375,88.69529724121094,76.48119354248047
2023-07-17,20.527936935424805,38.230838775634766,67.14279174804688,181.55999755859375,86.11557006835938,93.41641998291016,375.6524963378906,433.26275634765625,88.73909759521484,75.98394775390625
2023-07-18,20.79930877685547,37.95151138305664,67.5796890258789,183.63999938964844,86.21353912353516,93.65076446533203,378.72564697265625,436.4821472167969,89.14189147949219,75.56659698486328
2023-07-19,20.913108825683594,37.87702178955078,67.54325866699219,183.6699981689453,86.5074691772461,94.18019104003906,378.63726806640625,437.4527282714844,90.1489028930664,76.4190444946289
2023-07-20,20.97438621520996,37.597694396972656,67.1974105834961,182.74000549316406,85.82164001464844,93.54661560058594,369.9089660644531,434.55047607421875,89.0543441772461,76.17041015625
2023-07-21,21.08819007873535,37.54182815551758,67.33393096923828,182.17999267578125,85.89290618896484,93.71151733398438,368.79949951171875,434.55047607421875,89.08060455322266,76.52559661865234
2023-07-24,21.4646053314209,38.05392837524414,67.17009735107422,181.39999389648438,85.68804168701172,93.59867858886719,369.3885192871094,436.4917907714844,88.75662231445312,77.15607452392578
2023-07-25,21.543392181396484,38.37050247192383,67.24290466308594,182.41000366210938,85.5277328491211,93.45114135742188,371.8922424316406,437.6833801269531,88.5902328491211,76.60552215576172
2023-07-26,21.438344955444336,38.593963623046875,67.4249496459961,183.3000030517578,85.82164001464844,93.8851089477539,370.6551208496094,437.7507019042969,88.67778015136719,76.95184326171875
2023-07-27,21.385820388793945,38.119102478027344,67.27023315429688,180.4199981689453,84.8864974975586,92.73943328857422,369.771484375,434.8484191894531,86.95276641845703,75.2824478149414
2023-07-28,21.51712989807129,39.0408935546875,67.75260162353516,181.86000061035156,85.1625747680664,93.34697723388672,376.50677490234375,439.105712890625,87.39933776855469,75.22028350830078
2023-07-31,21.60466957092285,39.05951690673828,67.77079772949219,182.35000610351562,85.26943969726562,93.60735321044922,376.703125,439.9417724609375,87.60950469970703,75.70866394042969
2023-08-01,21.49086570739746,38.56603240966797,66.92434692382812,180.4600067138672,84.77123260498047,92.67461395263672,375.8293151855469,438.682861328125,86.17384338378906,75.58435821533203
2023-08-02,21.16697120666504,37.64424133300781,65.67742919921875,179.60000610351562,84.60157775878906,92.1085205078125,367.58203125,432.5804443359375,85.2518539428711,75.14923858642578
2023-08-03,21.36831283569336,37.7932243347168,65.49539184570312,179.5399932861328,83.97655487060547,91.28114318847656,366.992919921875,431.3406982421875,83.28500366210938,74.33230590820312
2023-08-04,21.403329849243164,37.74666976928711,65.67742919921875,180.19000244140625,84.86946868896484,92.23042297363281,365.2747802734375,429.3898620605469,84.76016998291016,73.72847747802734
2023-08-07,21.41208267211914,37.69080352783203,66.23262786865234,179.77999877929688,84.66405487060547,92.00399017333984,368.3675231933594,433.1378173828125,83.92599487304688,74.6519775390625
2023-08-08,21.385820388793945,37.23456954956055,65.83216857910156,178.63999938964844,85.09264373779297,92.3697738647461,365.2354431152344,431.25421142578125,84.90066528320312,74.1724624633789
2023-08-09,21.534639358520508,37.327674865722656,65.81394958496094,177.7899932861328,85.14622497558594,92.45689392089844,361.2198486328125,428.3712158203125,85.33967590332031,74.16358184814453
2023-08-10,21.420835494995117,37.383541107177734,66.09610748291016,177.60000610351562,84.49443817138672,91.80369567871094,361.8874816894531,428.5249328613281,83.93476104736328,73.87942504882812
2023-08-11,21.385820388793945,36.83419418334961,65.65013122558594,177.60000610351562,84.04796600341797,91.49015808105469,359.58026123046875,428.2751159667969,83.74161529541016,73.994873046875
2023-08-14,21.280773162841797,36.65728759765625,65.35887145996094,177.05999755859375,83.9140396118164,91.45530700683594,363.6155090332031,430.6391296386719,83.55721282958984,73.50650024414062
2023-08-15,21.026912689208984,36.23828887939453,64.548828125,176.58999633789062,83.75334167480469,90.976318359375,359.7569580078125,425.6227111816406,83.04789733886719,72.68067169189453
2023-08-16,20.939369201660156,35.91240692138672,64.02093505859375,175.57000732421875,83.43187713623047,90.56697845458984,355.94744873046875,422.49945068359375,82.39814758300781,71.78382110595703
2023-08-17,20.99189567565918,35.9962043762207,63.565853118896484,175.3000030517578,83.32474517822266,90.32311248779297,352.0594787597656,419.27996826171875,82.04692840576172,71.2066421508789
2023-08-18,21.140710830688477,35.75412368774414,63.565853118896484,175.3300018310547,83.57474517822266,90.66278839111328,351.61767578125,419.4818420410156,82.33670043945312,71.42862701416016
2023-08-21,21.08819007873535,35.837921142578125,63.802494049072266,175.80999755859375,83.0568618774414,90.122802734375,357.28277587890625,422.2110595703125,81.23907470703125,70.77153015136719
2023-08-22,21.096940994262695,35.76343536376953,63.684173583984375,176.10000610351562,83.09258270263672,90.40150451660156,356.772216796875,421.0675354003906,81.86253356933594,70.97576141357422
2023-08-23,21.140710830688477,36.33140563964844,64.37590789794922,177.88999938964844,83.99440002441406,91.67305755615234,362.39801025390625,425.7572937011719,83.89088439941406,72.0946044921875
2023-08-24,21.158218383789062,36.191734313964844,63.493045806884766,177.85000610351562,83.681884765625,91.3595199584961,354.6514892578125,419.8566589355469,83.33769989013672,71.81932830810547
2023-08-25,21.36831283569336,36.228981018066406,63.92082595825195,177.6199951171875,83.65509796142578,91.41177368164062,357.4006042480469,422.8165588378906,83.60989379882812,71.87262725830078
2023-08-28,21.333297729492188,36.582801818847656,64.59434509277344,178.1300048828125,83.88725280761719,91.69917297363281,360.09075927734375,425.4977722167969,83.69766998291016,72.54747772216797
2023-08-29,21.41208267211914,37.04834747314453,65.39527893066406,179.8699951171875,84.48550415039062,92.43074798583984,367.955078125,431.64825439453125,84.56700897216797,73.42658233642578
2023-08-30,21.438344955444336,36.92730712890625,65.35887145996094,180.32000732421875,84.47657775878906,92.30013275146484,370.007080078125,433.4261474609375,84.47917938232422,73.6929702758789
2023-08-31,21.525882720947266,36.471065521240234,65.10403442382812,180.02000427246094,84.64620971679688,92.45689392089844,371.1165771484375,432.79180908203125,84.85673522949219,73.15129852294922
2023-09-01,21.779747009277344,36.899375915527344,65.06761932373047,180.11000061035156,84.1288070678711,91.79873657226562,370.72381591796875,433.59912109375,83.5348129272461,73.27561950683594
2023-09-05,21.884794235229492,36.601417541503906,64.50332641601562,178.63999938964844,83.6185531616211,91.14321899414062,371.1950378417969,431.7251281738281,82.36348724365234,72.42316436767578
2023-09-06,21.93731689453125,36.39657974243164,64.36679077148438,177.8300018310547,83.4037094116211,91.05580139160156,367.9255676269531,428.8228759765625,82.56605529785156,72.27220153808594
2023-09-07,21.8935489654541,35.9682731628418,64.15745544433594,178.02000427246094,83.69015502929688,91.4578628540039,365.29437255859375,427.5063171386719,82.79501342773438,72.7250747680664
2023-09-08,21.93731689453125,36.04275894165039,64.06643676757812,178.0800018310547,83.70806121826172,91.52779388427734,365.804931640625,428.150146484375,83.11205291748047,72.44092559814453
2023-09-11,22.06862449645996,36.48968505859375,64.73087310791016,178.41000366210938,83.56482696533203,91.35298156738281,370.1150817871094,430.9659423828125,82.51319885253906,72.44978332519531
2023-09-12,22.147411346435547,36.37795639038086,64.46691131591797,177.49000549316406,83.68123626708984,91.32675170898438,366.0111083984375,428.6018371582031,82.98878479003906,72.41429138183594
2023-09-13,22.21744155883789,36.33140563964844,64.26667785644531,177.0800018310547,83.77967834472656,91.52779388427734,367.4052734375,429.1015625,82.97117614746094,71.62397766113281
2023-09-14,22.401275634765625,36.573486328125,65.1131362915039,177.1699981689453,83.5916748046875,91.3617172241211,370.40966796875,432.8013916015625,82.37227630615234,72.9204330444336
2023-09-15,22.348752975463867,36.4338264465332,64.9675064086914,178.33999633789062,83.33209991455078,91.22188568115234,364.0671081542969,427.5869140625,81.87027740478516,72.64514923095703
2023-09-18,22.339998245239258,36.38726806640625,64.73995208740234,179.38999938964844,83.41265869140625,91.39668273925781,364.4466247558594,427.8376770019531,82.33705139160156,71.99694061279297
2023-09-19,22.357507705688477,36.17311477661133,64.7945785522461,179.22000122070312,83.10830688476562,91.09077453613281,363.669921875,426.9504089355469,81.7293701171875,71.66838836669922
2023-09-20,22.173673629760742,36.024139404296875,64.63984680175781,179.35000610351562,83.04560852050781,91.12574005126953,358.4292907714844,423.0252990722656,81.98478698730469,71.73054504394531
2023-09-21,22.103641510009766,35.40030288696289,63.565853118896484,178.0500030517578,82.4279556274414,90.20801544189453,351.8612060546875,416.0334167480469,79.87987518310547,69.28861999511719
2023-09-22,22.12114906311035,35.819297790527344,63.62046813964844,178.6199951171875,82.750244140625,90.75863647460938,351.910400390625,415.0979309082031,80.5228042602539,68.76470947265625
2023-09-25,22.016101837158203,35.661014556884766,63.33830642700195,177.6999969482422,82.1415023803711,89.87586975097656,353.5818786621094,416.843505859375,78.54121398925781,68.70255279541016
2023-09-26,21.98984146118164,35.15822219848633,62.5191650390625,176.27999877929688,82.11466217041016,89.6224136352539,348.2723693847656,410.71954345703125,78.26821899414062,67.45050048828125
2023-09-27,22.112396240234375,35.21408462524414,62.40084457397461,174.10000610351562,81.74764251708984,89.20288848876953,349.0885009765625,410.8835144042969,77.86309814453125,66.99763488769531
2023-09-28,22.08613395690918,35.307193756103516,62.9105339050293,173.22999572753906,81.971435546875,89.3602066040039,352.0086975097656,413.2655334472656,78.10083770751953,67.64051055908203
2023-09-29,21.849777221679688,35.33512878417969,62.7285041809082,171.4499969482422,81.98932647705078,89.1679458618164,352.2643127441406,412.2625732421875,78.10966491699219,67.8377685546875
2023-10-02,21.683454513549805,35.15822219848633,61.80923843383789,169.64999389648438,81.32427215576172,88.35101318359375,355.2042236328125,412.0986633300781,76.80211639404297,66.59147644042969
2023-10-03,21.587160110473633,34.692665100097656,61.03559875488281,169.16000366210938,80.65111541748047,87.33316040039062,348.9704895019531,406.582275390625,75.14997100830078,65.2913818359375
2023-10-04,20.983139038085938,34.590248107910156,61.144813537597656,169.13999938964844,81.1627197265625,88.09654998779297,353.7195129394531,409.54296875,76.21016693115234,66.08936309814453
2023-10-05,20.860586166381836,34.720603942871094,61.68180465698242,168.8300018310547,81.31527709960938,87.99125671386719,352.6772766113281,409.3887023925781,75.83023834228516,66.45700073242188
2023-10-06,20.939369201660156,35.22339630126953,62.36443328857422,169.6999969482422,80.83958435058594,87.72802734375,358.5865783691406,414.2492370605469,74.91143035888672,66.63629913330078
2023-10-09,21.37706756591797,35.05580139160156,62.27341842651367,172.82000732421875,81.87174224853516,88.81604766845703,360.4153747558594,416.9013366699219,76.66960906982422,67.3625717163086
2023-10-10,21.324542999267578,35.558589935302734,63.12897491455078,172.52999877929688,81.7101821899414,88.85115814208984,362.4114074707031,419.07122802734375,76.56354522705078,67.68534088134766
2023-10-11,21.201988220214844,35.78205490112305,63.392921447753906,173.7899932861328,82.15895080566406,89.39517211914062,364.99725341796875,420.787841796875,78.16266632080078,68.85990142822266
2023-10-12,21.193233489990234,35.381683349609375,62.865028381347656,173.25999450683594,81.36911010742188,88.46508026123047,363.7288818359375,418.2225646972656,76.04228973388672,67.85570526123047
2023-10-13,21.75348472595215,35.2513313293457,62.282527923583984,178.8300018310547,81.88971710205078,88.95647430419922,359.1568908691406,416.1395263671875,77.40287017822266,67.68534088134766
2023-10-16,21.683454513549805,35.51203918457031,62.73759460449219,177.9600067138672,81.40505981445312,88.34222412109375,363.21759033203125,420.517822265625,76.15715026855469,68.49230194091797
2023-10-17,21.744731903076172,35.41892623901367,62.77401351928711,178.2899932861328,80.60625457763672,87.64027404785156,362.02789306640625,420.49853515625,75.31783294677734,68.39366149902344
2023-10-18,21.93731689453125,34.8788948059082,61.68180465698242,180.8699951171875,80.22930145263672,86.93830108642578,357.2788391113281,414.8953857421875,74.65519714355469,66.94115447998047
2023-10-19,22.164918899536133,34.674049377441406,61.13570785522461,183.08999633789062,79.8343505859375,86.23633575439453,353.9358215332031,411.24993896484375,73.12676239013672,65.3541488647461
2023-10-20,21.998594284057617,34.25505828857422,60.58961486816406,183.58999633789062,80.30107879638672,86.57855987548828,348.65582275390625,406.196533203125,73.54202270507812,64.91481018066406
2023-10-23,21.858531951904297,34.227115631103516,60.63512420654297,182.97000122070312,80.67804718017578,87.25418090820312,349.7078552246094,405.4924621582031,74.42549896240234,64.27820587158203
2023-10-24,21.622177124023438,34.66474151611328,60.980995178222656,182.9499969482422,80.8216552734375,87.74555969238281,353.1098937988281,408.5496520996094,75.40618133544922,65.10310363769531
2023-10-25,21.779747009277344,34.20850372314453,60.544105529785156,183.72000122070312,80.11259460449219,86.94708251953125,344.4672546386719,402.6860046386719,73.72754669189453,63.70437240600586
2023-10-26,21.595914840698242,34.0409049987793,60.10723114013672,184.00999450683594,80.72290802001953,87.57884979248047,337.89923095703125,397.8640441894531,74.8583984375,64.92377471923828
2023-10-27,21.884794235229492,34.01297378540039,59.92519760131836,186.14999389648438,80.84856414794922,87.40335845947266,339.5215759277344,396.0606384277344,74.54035186767578,63.883689880371094
2023-10-30,21.534639358520508,34.366790771484375,60.68973159790039,185.10000610351562,80.57931518554688,87.14012145996094,343.34637451171875,400.7958068847656,74.20462799072266,64.28716278076172
2023-10-31,21.455852508544922,34.1712532043457,60.90817642211914,184.08999633789062,80.4087905883789,87.01728057861328,344.9884338378906,403.3129577636719,73.84239959716797,65.38104248046875
2023-11-01,21.49086570739746,34.487831115722656,61.48158264160156,183.50999450683594,81.33492279052734,88.26258087158203,350.97625732421875,407.6141662597656,75.44344329833984,65.7845230102539
2023-11-02,21.718469619750977,35.093040466308594,62.73759460449219,184.1199951171875,81.83892059326172,89.31060028076172,357.3476867675781,415.42584228515625,77.16331481933594,67.94535827636719
2023-11-03,21.60466957092285,35.80998611450195,63.40202331542969,184.7899932861328,82.46893310546875,89.75094604492188,361.5460205078125,419.2159423828125,77.68636322021484,69.56822204589844
2023-11-06,21.69220733642578,36.09862518310547,63.083465576171875,183.35000610351562,81.9919204711914,89.2753677368164,363.0209655761719,420.1803283691406,76.932861328125,68.56402587890625
2023-11-07,21.22825050354004,36.03345489501953,62.70119094848633,182.58999633789062,82.4599380493164,89.98872375488281,366.4524841308594,421.37615966796875,78.06759643554688,67.99915313720703
2023-11-08,20.99189567565918,35.79136276245117,62.61928176879883,180.77000427246094,82.79292297363281,90.4466781616211,366.68841552734375,421.684814453125,79.39737701416016,68.22330474853516
2023-11-09,20.939369201660156,35.45616912841797,62.61017990112305,181.49000549316406,81.97390747070312,89.53077697753906,363.86651611328125,418.3961486816406,77.5711441040039,67.14735412597656
2023-11-10,21.044418334960938,35.70756912231445,62.89232635498047,179.50999450683594,82.0639419555664,89.97991180419922,372.04705810546875,424.9251403808594,78.00553131103516,67.7750015258789
2023-11-13,21.350807189941406,35.6982536315918,63.05615997314453,180.50999450683594,82.01892852783203,89.98872375488281,370.8868408203125,424.5201110839844,77.8282241821289,67.21014404296875
2023-11-14,21.3157901763916,36.64797592163086,64.66714477539062,182.1199951171875,83.25192260742188,91.39784240722656,378.8707580566406,432.756103515625,79.59241485595703,70.94005584716797
2023-11-15,21.17572784423828,36.95523452758789,64.56702423095703,181.63999938964844,82.60394287109375,90.92224884033203,379.1559143066406,433.67230224609375,78.47537231445312,71.14627075195312
2023-11-16,20.668001174926758,36.601417541503906,64.52152252197266,183.69000244140625,83.22496795654297,91.67084503173828,379.4803466796875,434.2027587890625,79.45059204101562,70.99385070800781
2023-11-17,20.965633392333984,36.64797592163086,65.39527893066406,183.6699981689453,83.27897644042969,91.93505859375,379.56878662109375,434.7428283691406,79.82291412353516,70.94005584716797
2023-11-20,21.22825050354004,37.10421371459961,65.64102935791016,183.3699951171875,83.39595031738281,92.30493927001953,384.19000244140625,438.0892639160156,80.31049346923828,71.46006774902344
2023-11-21,21.350807189941406,36.87143325805664,65.38616943359375,185.35000610351562,83.50395965576172,92.33135223388672,381.9581298828125,437.134521484375,80.27503204345703,70.9579849243164
2023-11-22,21.16697120666504,36.79695129394531,65.54090881347656,184.55999755859375,83.47696685791016,92.70125579833984,383.5213928222656,438.82220458984375,80.55873107910156,71.30767059326172
2023-11-24,21.026912689208984,36.815574645996094,66.04149627685547,185.52000427246094,83.04492950439453,92.22566223144531,382.980712890625,439.0922546386719,79.61014556884766,71.51388549804688
2023-11-27,20.88684844970703,36.66659927368164,65.81394958496094,186.77000427246094,83.67498016357422,92.97425842285156,382.6463623046875,438.30145263671875,80.93993377685547,71.77391052246094
2023-11-28,21.140710830688477,36.97385787963867,65.83216857910156,189.25999450683594,84.04395294189453,93.34416198730469,383.6492614746094,438.7353820800781,81.09951782226562,72.24910736083984
2023-11-29,21.289527893066406,36.759708404541016,65.96868896484375,189.5399932861328,84.48497009277344,94.10154724121094,383.275634765625,438.4267578125,82.11900329589844,72.75120544433594
2023-11-30,20.93061637878418,36.83419418334961,65.91407012939453,188.75,84.07096862792969,93.60834503173828,382.3120422363281,440.15313720703125,81.17044067382812,73.28021240234375
2023-12-01,20.834321975708008,36.99248123168945,66.60579681396484,192.00999450683594,84.86420440673828,94.73540496826172,383.40338134765625,442.7569885253906,82.69918823242188,75.08240509033203
2023-12-04,20.69426155090332,36.573486328125,66.08700561523438,187.86000061035156,84.51225280761719,94.30228424072266,379.8441467285156,440.4327392578125,82.37014770507812,75.62933349609375
2023-12-05,20.510427474975586,36.35002517700195,65.85035705566406,187.14999389648438,85.10786437988281,95.05364227294922,380.7978515625,440.34600830078125,84.1399154663086,75.12724304199219
2023-12-06,20.011457443237305,36.30347442626953,66.05060577392578,187.83999633789062,85.45982360839844,95.4072494506836,378.59539794921875,438.5715026855469,85.26048278808594,74.90308380126953
2023-12-07,20.046470642089844,36.480377197265625,66.36915588378906,188.14999389648438,85.33348846435547,95.41607666015625,383.88519287109375,441.91790771484375,84.77135467529297,75.1182632446289
2023-12-08,20.134010314941406,36.322086334228516,66.56939697265625,185.63999938964844,84.7829818725586,94.90336608886719,385.5960998535156,443.8177795410156,84.07769012451172,74.99273681640625
2023-12-11,20.06397819519043,36.53624725341797,66.73322296142578,183.58999633789062,84.79199981689453,94.87686157226562,388.88995361328125,445.5440979003906,83.89977264404297,75.198974609375
2023-12-12,19.757591247558594,36.54555130004883,66.8515396118164,183.49000549316406,84.97250366210938,95.41607666015625,391.9871520996094,447.5789794921875,84.14881896972656,75.15412139892578
2023-12-13,19.985193252563477,36.9086799621582,67.82542419433594,187.6300048828125,86.23590087890625,97.0160903930664,396.97210693359375,453.7511291503906,86.12313842773438,78.03226470947266
2023-12-14,20.317842483520508,37.448726654052734,68.32601165771484,188.72999572753906,86.95272827148438,98.04783630371094,396.6280212402344,455.2073974609375,88.36343383789062,80.28276824951172
2023-12-15,20.35285758972168,37.22525405883789,67.66158294677734,187.0,86.88031005859375,97.9059066772461,398.5452575683594,454.4578857421875,88.46159362792969,79.15303802490234
2023-12-18,20.498884201049805,37.206634521484375,67.82542419433594,187.85000610351562,86.69025421142578,97.4977798461914,401.0555725097656,457.0142517089844,87.75677490234375,78.97370910644531
2023-12-19,20.655014038085938,37.52320861816406,68.3988265991211,189.1300048828125,86.8531723022461,97.62199401855469,403.10479736328125,459.7933349609375,88.2296142578125,79.57443237304688
2023-12-20,20.416229248046875,36.84772872924805,67.70856475830078,188.10000610351562,87.278564453125,97.8792724609375,397.11474609375,453.421875,88.82742309570312,78.60608673095703
2023-12-21,20.452964782714844,37.540279388427734,68.80523681640625,189.42999267578125,87.14280700683594,97.84379577636719,401.73541259765625,457.72113037109375,88.26531219482422,79.3031997680664
2023-12-22,20.416229248046875,37.36003112792969,68.8697509765625,190.27000427246094,87.06134033203125,97.67522430419922,402.3363342285156,458.64105224609375,87.86383819580078,79.61178588867188
2023-12-26,20.61827850341797,37.65412521362305,69.1830825805664,191.72000122070312,87.11564636230469,97.8792724609375,404.79937744140625,460.5776672363281,88.11363983154297,80.20178985595703
2023-12-27,20.526437759399414,37.87232971191406,69.55172729492188,192.58999633789062,87.79447937011719,98.79304504394531,405.62347412109375,461.4104309082031,89.67498016357422,80.59208679199219
2023-12-28,20.351940155029297,38.16642761230469,69.36740112304688,191.47000122070312,87.45958709716797,98.5357666015625,405.42626953125,461.5846862792969,89.02366638183594,81.16390991210938
2023-12-29,20.241731643676758,38.14745330810547,69.44112396240234,191.1699981689453,87.24237823486328,98.17204284667969,403.67169189453125,460.2483825683594,88.22071075439453,80.20178985595703
2024-01-02,20.076417922973633,37.701560974121094,68.66699981689453,190.72000122070312,86.9165267944336,97.50666809082031,396.84063720703125,457.67266845703125,87.71212768554688,80.8916015625
2024-01-03,20.33357048034668,37.49284744262695,68.15090942382812,189.1300048828125,87.12467956542969,97.28488159179688,392.6414794921875,453.93505859375,88.07794189453125,78.95826721191406
2024-01-04,20.223363876342773,37.36951446533203,68.30758666992188,189.32000732421875,86.59973907470703,96.74372100830078,390.6207275390625,452.47283935546875,86.7396469116211,78.81304168701172
2024-01-05,20.324386596679688,37.41694641113281,68.35365295410156,189.35000610351562,86.2829360961914,96.39775085449219,391.0840759277344,453.0926208496094,85.90990447998047,78.61335754394531
2024-01-08,20.03049659729004,37.52130889892578,69.08170318603516,187.8699951171875,86.5726089477539,97.1340560913086,399.1669616699219,459.5609436035156,86.75745391845703,79.73886108398438
2024-01-09,20.177440643310547,36.99003982543945,68.4642562866211,187.92999267578125,86.53638458251953,97.30262756347656,399.9555969238281,458.8637390136719,86.2043228149414,79.20333862304688
2024-01-10,20.03968048095703,36.90464782714844,68.90660858154297,187.5,86.40062713623047,97.17842102050781,402.6662902832031,461.4588317871094,85.80284118652344,79.29410552978516
2024-01-11,20.186626434326172,37.05644226074219,68.89739990234375,187.8699951171875,86.86221313476562,97.76393127441406,403.50408935546875,461.2554931640625,86.28462219238281,78.55889129638672
2024-01-12,20.260099411010742,37.18925476074219,69.1830825805664,189.7100067138672,87.09754180908203,97.97686004638672,403.7111511230469,461.5749816894531,86.11510467529297,79.03087615966797
2024-01-16,20.085603713989258,36.28799057006836,68.02189636230469,187.91000366210938,86.39157104492188,96.98326110839844,403.67169189453125,459.8804626464844,84.59838104248047,78.4499740600586
2024-01-17,20.05805015563965,35.74722671508789,67.37679290771484,185.83999633789062,86.1109619140625,96.77919006347656,401.3947448730469,457.3241271972656,84.46456909179688,77.01586151123047
2024-01-18,20.186626434326172,36.041324615478516,67.97581481933594,187.3699951171875,85.9208984375,96.5928726196289,407.0921630859375,461.39105224609375,83.67942810058594,76.59832000732422
2024-01-19,20.149890899658203,36.420806884765625,68.13247680664062,187.92999267578125,85.92997741699219,96.69049835205078,415.1651916503906,467.1428527832031,83.94705963134766,77.51508331298828
2024-01-22,20.232547760009766,36.09825134277344,68.34445190429688,187.22000122070312,86.19243621826172,96.9566421508789,415.70733642578125,468.1304626464844,84.44671630859375,77.97798919677734
2024-01-23,20.342756271362305,36.411319732666016,68.15090942382812,187.9499969482422,85.9751968383789,96.60179138183594,417.4323425292969,469.4958190917969,83.77753448486328,77.44245910644531
2024-01-24,20.517253875732422,36.81926345825195,68.66699981689453,186.39999389648438,85.73087310791016,96.41545104980469,419.748779296875,470.0090026855469,83.28684997558594,76.33509063720703
2024-01-25,20.673383712768555,36.86669921875,68.86053466796875,187.13999938964844,86.10191345214844,97.0542221069336,420.2613220214844,472.5653991699219,83.83108520507812,77.31539916992188
2024-01-26,20.76522445678711,36.89516067504883,69.16466522216797,187.00999450683594,85.94808197021484,96.77919006347656,417.7576599121094,471.96502685546875,83.67050170898438,77.09754943847656
2024-01-29,20.59072494506836,36.91413497924805,69.57015991210938,188.3300018310547,86.46397399902344,97.17842102050781,422.0356750488281,475.70263671875,84.6340560913086,77.60584259033203
2024-01-30,20.72848892211914,36.62003707885742,69.47798156738281,188.58999633789062,86.58167266845703,97.48894500732422,419.22637939453125,475.3347473144531,85.40135192871094,76.87970733642578
2024-01-31,20.50806999206543,36.420806884765625,69.12779998779297,188.4499969482422,87.30570983886719,97.7373275756836,411.01531982421875,467.57855224609375,86.24005126953125,76.14449310302734
2024-02-01,20.260099411010742,36.771827697753906,69.80976104736328,190.41000366210938,87.84650421142578,98.49319458007812,415.8551940917969,473.6982727050781,87.93170928955078,77.52416229248047
2024-02-02,20.03049659729004,36.667476654052734,69.2568130493164,188.61000061035156,86.7032699584961,97.59397888183594,422.88336181640625,478.68511962890625,85.9893798828125,76.5620346069336
2024-02-05,20.11315155029297,36.71491241455078,68.88817596435547,187.57000732421875,85.85946655273438,96.65918731689453,422.33135986328125,476.9421081542969,84.2529525756836,74.9554443359375
2024-02-06,20.186626434326172,37.549774169921875,69.3121109008789,188.5500030517578,86.32215881347656,97.20223999023438,421.483642578125,478.3268127441406,85.07642364501953,75.96296691894531
2024-02-07,20.278467178344727,37.59720993041992,69.2752456665039,188.5,86.16796112060547,96.9173583984375,425.8208312988281,482.3162536621094,84.66471099853516,75.85403442382812
2024-02-08,20.3886775970459,37.38848876953125,69.15544128417969,188.3300018310547,85.88665771484375,96.4188003540039,426.6094055175781,482.5293273925781,84.17241668701172,76.47125244140625
2024-02-09,20.44378089904785,37.549774169921875,69.39505767822266,187.60000610351562,85.73243713378906,96.29415130615234,430.80859375,485.31805419921875,84.00235748291016,76.58924865722656
2024-02-12,20.452964782714844,37.84386444091797,69.51486206054688,187.11000061035156,85.81407928466797,96.30307006835938,429.12298583984375,485.1050720214844,84.10079193115234,76.60740661621094
2024-02-13,20.33357048034668,37.13233947753906,68.44581604003906,184.52999877929688,84.8704833984375,95.24360656738281,422.4299621582031,478.42364501953125,82.65972900390625,75.0280532836914
2024-02-14,20.140705108642578,37.663612365722656,69.21073150634766,184.4199981689453,85.18804931640625,95.68875122070312,427.0332336425781,482.7713623046875,83.08039093017578,75.61803436279297
2024-02-15,20.186626434326172,37.84386444091797,69.99407958984375,185.66000366210938,85.42398071289062,96.0359878540039,428.3048400878906,486.1023864746094,83.51006317138672,77.37891387939453
2024-02-16,20.232547760009766,38.02412033081055,70.10466766357422,186.33999633789062,85.05194854736328,95.68875122070312,424.4211730957031,483.681640625,83.0267105102539,76.58016967773438
2024-02-20,20.122337341308594,38.0810432434082,70.3903579711914,187.47000122070312,85.19711303710938,96.00926208496094,421.2174987792969,481.0187072753906,83.09830474853516,76.44403076171875
2024-02-21,20.204994201660156,38.14745330810547,70.4456558227539,187.47999572753906,84.9249267578125,95.76887512207031,419.5318603515625,481.4544372558594,82.507568359375,76.87063598632812
2024-02-22,20.260099411010742,38.53641891479492,71.23821258544922,187.55999755859375,84.9339828491211,95.92023468017578,431.8139953613281,491.41839599609375,82.91035461425781,77.01586151123047
2024-02-23,19.96620750427246,38.51744842529297,71.33036804199219,188.6199951171875,85.32413482666016,96.20512390136719,430.5424499511719,491.7572937011719,84.02021789550781,76.97955322265625
2024-02-26,20.149890899658203,38.3466796875,71.22899627685547,188.1999969482422,85.19711303710938,95.90243530273438,430.3157043457031,489.9562072753906,83.76960754394531,76.13541412353516
2024-02-27,20.306018829345703,38.422576904296875,71.42253112792969,188.0,85.00656127929688,95.76887512207031,431.3507080078125,490.8664245605469,83.17887878417969,76.22618865966797
2024-02-28,20.223363876342773,37.91976547241211,71.0078125,188.33999633789062,85.3150634765625,95.75994110107422,429.053955078125,490.2176818847656,83.70697021484375,76.99771118164062
2024-02-29,20.195810317993164,37.93873977661133,71.192138671875,189.30999755859375,85.48745727539062,95.84900665283203,432.7306823730469,491.97998046875,84.29772186279297,77.65123748779297
2024-03-01,20.29683494567871,38.403602600097656,71.8833236694336,192.88999938964844,85.87774658203125,96.43250274658203,439.246337890625,496.59881591796875,84.82296752929688,78.5770492553711
2024-03-04,20.36112403869629,38.31821823120117,71.69900512695312,196.00999450683594,85.68667602539062,96.25379943847656,437.67901611328125,496.0662536621094,84.48178100585938,79.31226348876953
2024-03-05,20.204994201660156,37.976680755615234,71.56998443603516,197.19000244140625,86.21432495117188,96.78099822998047,429.82281494140625,491.1085510253906,85.68495178222656,78.35012817382812
2024-03-06,20.37030792236328,38.52693557739258,72.41783905029297,198.80999755859375,86.42353820800781,97.04010009765625,432.52374267578125,493.59710693359375,86.18775939941406,78.74043273925781
2024-03-07,20.425413131713867,38.76411437988281,73.27490997314453,199.94000244140625,86.56909942626953,97.28138732910156,439.0885925292969,498.4967346191406,86.10694885253906,78.72227478027344
2024-03-08,20.36112403869629,38.72616195678711,73.03528594970703,201.6300048828125,86.63280487060547,97.41541290283203,432.7503662109375,495.5046691894531,85.95429992675781,79.62995147705078
2024-03-11,20.53562355041504,38.811546325683594,72.62059020996094,202.0,86.52362823486328,97.43328094482422,431.14373779296875,495.0786437988281,85.90941619873047,79.24871826171875
2024-03-12,20.48051643371582,39.238460540771484,73.20117950439453,199.7899932861328,86.16880798339844,97.12053680419922,437.3241271972656,500.4043273925781,85.19110870361328,79.07627868652344
2024-03-13,20.76522445678711,39.11513137817383,73.21039581298828,201.19000244140625,85.977783203125,97.02226257324219,433.9628601074219,499.6199035644531,84.77808380126953,78.6769027709961
2024-03-14,20.829513549804688,38.91590118408203,72.6758804321289,200.35000610351562,85.34098815917969,96.30741882324219,432.8687744140625,498.63232421875,83.47615814208984,77.49691772460938
2024-03-15,20.902986526489258,38.67873001098633,72.70352935791016,199.7100067138672,85.1954345703125,96.33421325683594,427.7232666015625,495.2084045410156,83.4492416381836,77.32447052001953
2024-03-18,21.095849990844727,38.74513626098633,72.68510437011719,200.02999877929688,85.09536743164062,96.17337036132812,431.80267333984375,498.1515197753906,83.19780731201172,77.36077880859375
2024-03-19,21.086666107177734,38.555397033691406,72.81411743164062,199.8000030517578,85.34098815917969,96.45039367675781,432.87847900390625,500.9197692871094,83.4312515258789,77.33353424072266
2024-03-20,21.03156280517578,38.991798400878906,73.58824157714844,202.17999267578125,85.54113006591797,96.62907409667969,438.0109558105469,505.55291748046875,83.4043197631836,77.84184265136719
2024-03-21,21.004011154174805,39.039241790771484,73.55137634277344,201.97000122070312,85.55023193359375,96.77205657958984,440.083740234375,507.2236328125,83.5838851928711,78.40459442138672
2024-03-22,20.857065200805664,38.76411437988281,73.39469909667969,200.35000610351562,85.96868896484375,97.1026611328125,440.5871276855469,506.2620849609375,84.38301086425781,77.41776275634766
2024-03-25,21.03156280517578,38.79257583618164,73.238037109375,200.99000549316406,85.74125671386719,96.77205657958984,438.9881896972656,504.86334228515625,83.96099853515625,76.94172668457031
2024-03-26,20.866249084472656,38.76411437988281,73.32098388671875,201.63999938964844,85.86863708496094,96.74524688720703,437.56683349609375,503.930908203125,84.1944580078125,76.63050079345703
2024-03-27,20.847881317138672,38.83052062988281,73.76335144042969,203.10000610351562,86.19612121582031,97.41541290283203,439.0572509765625,508.1658935546875,85.02947998046875,78.6078109741211
2024-03-28,21.095849990844727,38.97283172607422,73.59745788574219,205.72000122070312,86.1142349243164,97.32605743408203,438.2479248046875,508.0687255859375,84.9576644897461,79.16622924804688
2024-04-01,21.196876525878906,39.039241790771484,73.28411102294922,207.82000732421875,85.33506774902344,96.3941421508789,439.1756896972656,507.1847229003906,83.37396240234375,77.83885955810547
2024-04-02,21.389741897583008,39.162567138671875,72.76803588867188,210.88999938964844,85.15258026123047,96.25061798095703,435.3855285644531,503.9599914550781,82.91452026367188,76.85934448242188
2024-04-03,21.646896362304688,39.1910285949707,73.17353057861328,212.74000549316406,85.25296783447266,96.31340789794922,436.3626403808594,504.5137023925781,82.89652252197266,76.94172668457031
2024-04-04,21.702001571655273,39.04872512817383,72.54685974121094,211.52000427246094,85.54491424560547,96.4210433959961,429.6903991699219,498.35552978515625,83.49105834960938,76.4474105834961
2024-04-05,21.812210083007812,39.13410568237305,72.77725982666016,215.13999938964844,84.97924041748047,95.99949645996094,434.7538757324219,503.56182861328125,82.32896423339844,76.84103393554688
2024-04-08,21.80302619934082,39.3902587890625,73.13666534423828,216.47999572753906,84.78766632080078,95.99049377441406,434.882080078125,503.8433837890625,82.3199691772461,77.66492462158203
2024-04-09,21.68363380432129,39.65589141845703,73.12744903564453,217.6699981689453,85.12522888183594,96.48382568359375,436.490966796875,504.4263000488281,83.08568572998047,78.69937133789062
2024-04-10,21.793842315673828,39.11513137817383,72.15979766845703,215.61000061035156,83.9938735961914,95.11148834228516,432.6810607910156,499.3753967285156,81.27497863769531,75.44044494628906
2024-04-11,21.757104873657227,39.35231399536133,72.35332489013672,219.8000030517578,83.87523651123047,94.91417694091797,439.59027099609375,503.1441345214844,80.90560913085938,75.69676208496094
2024-04-12,21.784656524658203,38.45103454589844,71.18292236328125,216.88999938964844,84.22196960449219,95.12944793701172,432.5824279785156,496.1992492675781,81.33802032470703,74.79962921142578
2024-04-15,21.812210083007812,38.204376220703125,70.970947265625,220.9499969482422,83.68368530273438,94.08001708984375,425.4659729003906,489.98272705078125,80.07685089111328,73.52719116210938
2024-04-16,21.77547264099121,37.701560974121094,70.27055358886719,221.22000122070312,83.3552017211914,93.76612091064453,425.50543212890625,489.0891418457031,79.54533386230469,72.49275207519531
2024-04-17,21.43566131591797,37.673099517822266,70.31663513183594,219.58999633789062,83.8843994140625,94.2773666381836,420.31365966796875,486.194580078125,80.42815399169922,71.96179962158203
2024-04-18,21.426477432250977,37.82489013671875,70.12309265136719,220.33999633789062,83.59244537353516,94.08899688720703,417.9152526855469,485.19415283203125,80.02278900146484,71.97096252441406
2024-04-19,21.527503967285156,37.673099517822266,70.15074920654297,221.02999877929688,83.70191192626953,94.18766021728516,409.2688903808594,480.95916748046875,80.31108093261719,72.3188247680664
2024-04-22,21.527503967285156,38.0810432434082,70.970947265625,215.57000732421875,83.71102905273438,94.42085266113281,413.384765625,485.38836669921875,80.17591857910156,72.9596176147461
2024-04-23,21.61934471130371,38.39411544799805,71.74508666992188,215.0399932861328,83.82054138183594,94.58229064941406,419.5536804199219,491.14825439453125,80.20298767089844,73.62788391113281
2024-04-24,21.5917911529541,38.52693557739258,71.60684204101562,214.63999938964844,83.56507110595703,94.21456909179688,420.9749755859375,490.9151611328125,79.63542175292969,73.76520538330078
2024-04-25,21.711183547973633,38.61231994628906,71.27507019042969,215.9199981689453,83.24573516845703,93.93653106689453,418.94171142578125,489.05023193359375,79.07687377929688,73.3440933227539
2024-04-26,21.72955322265625,39.05820846557617,71.84645080566406,216.6199951171875,83.47382354736328,94.29528045654297,425.4067077636719,493.6834411621094,79.49127197265625,73.38072204589844
2024-04-29,21.711183547973633,39.43769454956055,72.12294006347656,216.17999267578125,83.81138610839844,94.68994140625,427.134033203125,495.43182373046875,80.15792083740234,74.13138580322266
2024-04-30,21.43566131591797,38.8874397277832,71.21056365966797,211.8699951171875,83.41905975341797,94.16973114013672,419.0799255371094,487.5836181640625,79.47325897216797,72.87723541259766
2024-05-01,21.123403549194336,38.925392150878906,71.05390167236328,213.7899932861328,83.7494125366211,94.5614242553711,416.04974365234375,486.0003356933594,80.05905151367188,72.90469360351562
2024-05-02,21.196876525878906,39.9310188293457,72.01234436035156,213.1300048828125,84.1429214477539,95.14675903320312,421.35992431640625,490.5460510253906,80.40260314941406,73.92996978759766
2024-05-03,21.224430084228516,40.29153060913086,72.73117065429688,212.9600067138672,84.60963439941406,95.81314086914062,429.82855224609375,496.6265869140625,81.21617126464844,74.42430877685547
2024-05-06,21.463214874267578,40.32947540283203,73.22882843017578,215.1999969482422,84.68281555175781,96.08329010009766,434.53668212890625,501.7552185058594,81.5325927734375,74.48839569091797
2024-05-07,21.444847106933594,40.10178756713867,73.42236328125,214.2100067138672,84.90245056152344,96.1282958984375,434.60577392578125,502.3088073730469,82.02979278564453,75.19327545166016
2024-05-08,21.334636688232422,40.111270904541016,73.33941650390625,213.5800018310547,84.66450500488281,95.88518524169922,434.3491516113281,502.3573913574219,81.5325927734375,74.5616226196289
2024-05-09,21.417293548583984,40.2346076965332,73.9015884399414,216.9499969482422,84.92074584960938,96.03825378417969,435.2966613769531,505.25189208984375,81.93037414550781,76.09038543701172
2024-05-10,21.38055992126465,40.31999206542969,74.03981018066406,218.7100067138672,84.64622497558594,95.73208618164062,436.32318115234375,505.9027099609375,81.46930694580078,75.87983703613281
2024-05-13,21.518320083618164,40.62358093261719,74.03981018066406,216.25999450683594,84.74687957763672,95.76811981201172,437.3299865722656,505.9706115722656,81.67723846435547,76.12700653076172
2024-05-14,21.426477432250977,40.84177780151367,74.5927734375,218.08999633789062,84.99394226074219,96.04724884033203,440.14300537109375,508.2921447753906,82.13829040527344,76.712890625
2024-05-15,21.499950408935547,41.278175354003906,75.38533020019531,220.88999938964844,85.63452911376953,96.9027328491211,447.0224914550781,514.5863647460938,83.2592544555664,77.7747802734375
2024-05-16,21.5550537109375,41.36357116699219,74.97982788085938,220.02999877929688,85.46981048583984,96.7496566772461,446.1144714355469,513.5275268554688,83.17789459228516,77.71984100341797
2024-05-17,21.77547264099121,41.5438232421875,75.23787689208984,223.66000366210938,85.20442962646484,96.52454376220703,445.8973693847656,514.2657470703125,82.61741638183594,77.71068572998047
2024-05-20,21.968339920043945,41.39202880859375,75.29316711425781,224.55999755859375,85.07633209228516,96.4795150756836,449.0064392089844,514.8582153320312,82.37334442138672,77.25298309326172
2024-05-21,21.876497268676758,41.13587951660156,75.1733627319336,224.22999572753906,85.2959213256836,96.6415786743164,449.8848876953125,516.1209716796875,82.79820251464844,77.22550964355469
2024-05-22,21.564237594604492,41.00305938720703,74.4637451171875,220.11000061035156,85.18611907958984,96.49752044677734,449.7960205078125,514.6348266601562,82.89766693115234,76.52978515625
2024-05-23,21.454030990600586,40.6994743347168,74.08589172363281,215.72000122070312,84.8841552734375,96.07427978515625,447.77264404296875,510.87591552734375,82.36428833007812,74.88201904296875
2024-05-24,21.600976943969727,40.81331253051758,74.69414520263672,215.9199981689453,84.99394226074219,96.3354263305664,452.0069885253906,514.256103515625,82.60836791992188,74.93695068359375
2024-05-28,21.986709594726562,40.75639343261719,74.66648864746094,218.19000244140625,84.51809692382812,95.75910949707031,453.71453857421875,514.6154174804688,81.42411041259766,74.44261932373047
2024-05-29,21.757104873657227,40.14922332763672,73.48686218261719,216.16000366210938,84.10631561279297,95.24580383300781,450.5165710449219,511.0117492675781,80.43875122070312,73.71941375732422
2024-05-30,21.47239875793457,40.03537368774414,74.10433197021484,216.57000732421875,84.52725982666016,95.8311538696289,445.6899719238281,507.6218566894531,81.21617126464844,74.79962921142578
2024-05-31,21.371374130249023,39.64640808105469,74.81394958496094,215.3000030517578,84.92074584960938,96.25436401367188,444.8609313964844,512.245361328125,81.76761627197266,76.20024108886719
2024-06-03,21.06829833984375,40.0638427734375,75.02590942382812,217.22000122070312,85.47695922851562,96.91876983642578,447.2495422363281,512.6630249023438,83.09017181396484,76.02631378173828
2024-06-04,20.857065200805664,39.50410461425781,74.93375396728516,215.27000427246094,85.94503784179688,97.29843139648438,448.4734802246094,513.236083984375,84.06078338623047,76.61219024658203
2024-06-05,20.930538177490234,40.13973617553711,75.45904541015625,217.82000732421875,86.25711059570312,97.62384033203125,457.5145568847656,519.3359985351562,84.67762756347656,76.5206298828125
2024-06-06,21.2060604095459,40.338966369628906,75.71710205078125,219.42999267578125,86.22038269042969,97.56055450439453,457.3566589355469,519.3262939453125,84.55060577392578,76.66710662841797
2024-06-07,20.902986526489258,39.883583068847656,74.89688110351562,211.60000610351562,85.31172943115234,96.68374633789062,456.9519958496094,518.6950073242188,82.99946594238281,75.94392395019531
2024-06-10,21.2060604095459,40.120758056640625,74.84159088134766,213.5399932861328,85.12818145751953,96.48487854003906,458.7976379394531,520.297607421875,82.44615173339844,76.20024108886719
2024-06-11,21.178508758544922,39.987022399902344,73.99113464355469,214.14999389648438,85.57791137695312,96.90067291259766,461.9462890625,521.5506591796875,83.298828125,75.92561340332031
2024-06-12,21.25197982788086,40.38823318481445,74.8631591796875,214.72000122070312,86.05517578125,97.49725341796875,467.99676513671875,525.8341674804688,83.92471313476562,76.60302734375
2024-06-13,21.270347595214844,40.29270553588867,73.79421997070312,212.97000122070312,86.62422180175781,97.9582748413086,470.5333557128906,526.8928833007812,85.15837097167969,76.91426849365234
2024-06-14,21.187692642211914,40.34047317504883,72.97845458984375,215.72999572753906,86.82612609863281,98.03962707519531,472.97137451171875,527.2135620117188,85.875,76.89596557617188
2024-06-17,21.26116371154785,40.598388671875,73.26913452148438,214.61000061035156,86.42230987548828,97.57862854003906,478.76519775390625,531.4095458984375,85.02229309082031,76.5938720703125
2024-06-18,21.43566131591797,40.97093963623047,73.55980682373047,215.47000122070312,86.79859161376953,98.03060150146484,478.9132385253906,532.7597045898438,85.80241394042969,76.89596557617188
2024-06-20,21.481582641601562,40.904075622558594,73.60669708251953,218.16000366210938,86.5783462524414,97.70514678955078,475.2217712402344,531.3124389648438,85.23094940185547,76.67625427246094
2024-06-21,21.307085037231445,40.76077651977539,73.09097290039062,214.77999877929688,86.59668731689453,97.73228454589844,473.948486328125,530.6001586914062,85.23094940185547,76.8685073852539
2024-06-24,21.481582641601562,40.76077651977539,73.67232513427734,215.6300048828125,86.67010498046875,97.83172607421875,468.55279541015625,528.8753051757812,85.57561492919922,77.46353149414062
2024-06-25,21.27953338623047,40.665252685546875,73.8504867553711,214.55999755859375,86.7435531616211,97.79556274414062,473.9109802246094,530.9119262695312,85.72077941894531,76.51148986816406
2024-06-26,21.316268920898438,40.57928466796875,73.306640625,212.5800018310547,86.22038269042969,97.26225280761719,474.8896484375,531.5746459960938,84.49617767333984,76.27347564697266
2024-06-27,21.426477432250977,40.60793685913086,73.36289978027344,214.99000549316406,86.41314697265625,97.45208740234375,476.1155090332031,532.4125366210938,84.83181762695312,77.01497650146484
2024-06-28,21.334636688232422,40.68436050415039,73.4472885131836,215.00999450683594,85.95418548583984,96.82836151123047,473.64398193359375,530.3174438476562,83.25346374511719,77.62944030761719
2024-07-01,21.61016082763672,40.779884338378906,73.57856750488281,215.57000732421875,85.31439971923828,96.25325775146484,476.4219665527344,531.408935546875,81.81661224365234,76.89727020263672
2024-07-02,21.637712478637695,40.904075622558594,73.75672149658203,215.55999755859375,85.63658142089844,96.87007904052734,481.4241943359375,534.9851684570312,82.4535903930664,77.25872802734375
2024-07-03,21.757104873657227,41.505882263183594,74.60061645507812,217.99000549316406,86.20740509033203,97.58672332763672,485.4379577636719,537.37255859375,83.53646850585938,77.18457794189453
2024-07-05,21.839763641357422,41.67782974243164,75.09757232666016,220.92999267578125,86.68612670898438,98.09468841552734,490.4995422363281,540.4713745117188,84.2280502319336,77.39774322509766
2024-07-08,21.54587173461914,41.6873779296875,74.72251892089844,218.19000244140625,86.71373748779297,98.08561706542969,491.6660461425781,541.0950317382812,84.41006469726562,77.64797973632812
2024-07-09,21.398923873901367,41.85932540893555,74.4224624633789,218.55999755859375,86.59403991699219,97.90419006347656,492.0910949707031,541.6211547851562,84.03695678710938,77.62944030761719
2024-07-10,21.398923873901367,42.098140716552734,75.47264862060547,219.36000061035156,86.67694091796875,98.14004516601562,497.2218933105469,546.9806518554688,84.30084228515625,78.20407104492188
2024-07-11,21.47239875793457,42.34650802612305,75.68830108642578,223.25,87.2292709350586,98.66615295410156,486.3177185058594,542.2643432617188,85.11981964111328,80.44693756103516
2024-07-12,21.389741897583008,42.51845169067383,76.49469757080078,223.11000061035156,87.41341400146484,99.02899932861328,489.1748352050781,545.6846313476562,85.48385620117188,81.05863189697266
2024-07-15,21.233612060546875,42.069480895996094,75.819580078125,223.8300018310547,87.13723754882812,98.48474884033203,490.4895935058594,547.1853637695312,84.50106811523438,81.60545349121094
2024-07-16,21.178508758544922,42.30829620361328,76.18526458740234,228.2899932861328,87.5239028930664,99.05621337890625,490.6774597167969,550.43017578125,85.69313049316406,82.60639953613281
2024-07-17,21.178508758544922,41.620513916015625,75.7820816040039,227.22999572753906,87.59752655029297,99.10157775878906,476.27362060546875,542.7125244140625,85.71133422851562,83.17176055908203
2024-07-18,21.02237892150879,41.22885513305664,75.03193664550781,225.77999877929688,87.34896087646484,98.67522430419922,474.0196838378906,538.5418701171875,85.05612182617188,82.43958282470703
2024-07-19,20.737672805786133,40.82765197753906,74.5724868774414,221.72999572753906,87.0727767944336,98.31239318847656,469.8181457519531,534.9656982421875,84.5556411743164,82.2912826538086
2024-07-22,20.792776107788086,41.171539306640625,75.3601303100586,221.8000030517578,86.98991394042969,98.25797271728516,476.8173522949219,540.4810791015625,84.3099594116211,83.14395141601562
2024-07-23,20.599910736083984,40.80854415893555,74.93817138671875,222.5800018310547,87.05435943603516,98.18540954589844,475.13677978515625,539.6333618164062,84.19166564941406,83.0790786743164
2024-07-24,20.59072494506836,40.21628189086914,73.99113464355469,221.8000030517578,86.86103057861328,97.58672332763672,458.0934753417969,527.4038696289062,83.28167724609375,81.8556900024414
2024-07-25,20.636646270751953,40.053890228271484,73.52230072021484,218.3300018310547,87.05435943603516,97.97679138183594,453.0417785644531,524.6558837890625,83.96414184570312,81.58690643310547
2024-07-26,20.425413131713867,40.46465301513672,74.45997619628906,220.6300048828125,87.4686508178711,98.52103424072266,457.6881103515625,530.5317993164062,84.61934661865234,83.01419067382812
2024-07-29,20.33357048034668,40.33091735839844,74.13178253173828,220.32000732421875,87.6159439086914,98.72965240478516,458.6075439453125,530.8438110351562,85.07432556152344,83.4405288696289
2024-07-30,20.2692813873291,40.1494140625,74.30055236816406,222.52000427246094,87.80007934570312,98.81128692626953,452.3101806640625,528.154296875,85.40194702148438,84.08930206298828
2024-07-31,20.737672805786133,41.02825164794922,75.35074615478516,226.5500030517578,88.44450378417969,99.38278198242188,465.69573974609375,536.7390747070312,86.2755126953125,83.792724609375
2024-08-01,20.489700317382812,40.31181335449219,73.35352325439453,225.77000427246094,88.82217407226562,99.71234893798828,454.4158935546875,529.138427734375,87.01962280273438,84.63612365722656
2024-08-02,20.11315155029297,39.7386589050293,72.20020294189453,225.33999633789062,90.19805145263672,100.68641662597656,443.6303405761719,519.2867431640625,89.73127746582031,84.58976745605469
2024-08-05,20.076417922973633,38.61145782470703,70.62491607666016,222.47999572753906,90.29036712646484,100.4315185546875,430.4030456542969,504.1631774902344,90.20604705810547,82.17081451416016
2024-08-06,19.911104202270508,38.83116149902344,70.7468032836914,220.6999969482422,89.48703002929688,99.77607727050781,434.51556396484375,508.8113098144531,88.18830108642578,83.792724609375
2024-08-07,20.094785690307617,39.06998062133789,71.08436584472656,220.5500030517578,89.16385650634766,99.32086944580078,429.80987548828125,505.4104309082031,87.56742858886719,83.21810913085938
2024-08-08,20.278467178344727,39.95836639404297,72.27520751953125,224.00999450683594,88.89606475830078,99.36640930175781,442.9581604003906,517.0941772460938,87.02876281738281,84.03367614746094
2024-08-09,20.397859573364258,40.17807388305664,72.55650329589844,224.55999755859375,89.25619506835938,99.87619018554688,445.2714538574219,519.3743286132812,87.88700866699219,84.42294311523438
2024-08-12,20.682567596435547,40.31181335449219,72.49087524414062,228.41000366210938,89.5054931640625,100.0855941772461,446.2303466796875,519.6472778320312,88.20655822753906,83.80198669433594
2024-08-13,20.489700317382812,40.76077651977539,73.73796081542969,228.05999755859375,89.90255737304688,100.78656768798828,457.3025817871094,528.1932373046875,88.81829071044922,84.5341567993164
2024-08-14,20.36112403869629,40.541072845458984,74.0098876953125,226.1999969482422,90.02259826660156,101.2326431274414,457.4508972167969,529.8595581054688,89.37519073486328,84.75660705566406
2024-08-15,20.526437759399414,40.99004364013672,74.91004943847656,226.91000366210938,89.45932006835938,100.9231185913086,469.00750732421875,538.9414672851562,88.65393829345703,84.69171142578125
2024-08-16,20.397859573364258,41.467674255371094,75.32261657714844,231.99000549316406,89.63478088378906,101.22351837158203,469.6105651855469,540.1498413085938,88.96435546875,84.64540100097656
2024-08-19,20.28765106201172,41.86888122558594,76.24153137207031,231.61000061035156,89.75481414794922,101.46024322509766,475.77935791015625,545.3143920898438,89.37519073486328,85.3497543334961
2024-08-20,20.204994201660156,41.544097900390625,76.00711822509766,232.4600067138672,90.11491394042969,101.72422790527344,474.7808837890625,544.4276123046875,90.08735656738281,85.24781036376953
2024-08-21,20.10396957397461,41.706485748291016,76.71035766601562,232.14999389648438,90.29962921142578,101.95183563232422,476.99530029296875,546.2985229492188,90.14215850830078,85.70194244384766
2024-08-22,20.085603713989258,41.19064712524414,76.2602767944336,229.3699951171875,89.88410949707031,101.53307342529297,469.4325866699219,542.0108642578125,89.24739837646484,85.95218658447266
2024-08-23,20.44378089904785,41.8784294128418,77.65740203857422,232.02000427246094,90.29962921142578,102.11569213867188,474.5238952636719,547.7700805664062,89.83172607421875,87.84286499023438
2024-08-26,20.655014038085938,41.524993896484375,77.31046295166016,232.75999450683594,90.18881225585938,101.98825073242188,469.9169921875,546.4642333984375,89.60346984863281,87.8057861328125
2024-08-27,20.55398941040039,41.582305908203125,77.66678619384766,233.38999938964844,90.1518783569336,101.90632629394531,471.32086181640625,547.2145385742188,89.44825744628906,87.93553924560547
2024-08-28,20.306018829345703,41.324378967285156,77.39485931396484,231.75,90.10568237304688,101.69693756103516,465.97259521484375,544.037841796875,89.33867645263672,87.59263610839844
2024-08-29,20.53562355041504,41.34348678588867,77.68553161621094,232.9499969482422,89.94872283935547,101.52397155761719,465.2904357910156,544.0866088867188,89.04651641845703,87.3238525390625
2024-08-30,20.306018829345703,41.42945861816406,77.80742645263672,231.2899932861328,89.63478088378906,101.24176788330078,470.83636474609375,549.2803344726562,88.09700775146484,88.1672592163086
2024-09-03,19.901920318603516,40.60793685913086,76.57908630371094,230.2899932861328,90.22563934326172,101.54783630371094,456.5413818359375,537.9766845703125,89.537841796875,88.12090301513672
2024-09-04,19.754974365234375,40.598388671875,76.24153137207031,230.42999267578125,90.75355529785156,102.17827606201172,455.3550720214844,536.8756103515625,90.69198608398438,88.37114715576172
2024-09-05,19.800893783569336,40.655704498291016,76.2602767944336,232.35000610351562,90.9665756225586,102.6808090209961,455.78021240234375,535.5697021484375,91.20494842529297,88.08384704589844
2024-09-06,19.534557342529297,39.91059875488281,74.82565307617188,230.6300048828125,91.09622192382812,102.63514709472656,443.5710754394531,526.5560302734375,91.19575500488281,88.00041198730469
2024-09-09,19.58966064453125,40.24494552612305,75.5757827758789,231.60000610351562,91.22591400146484,102.86356353759766,449.2752990722656,532.451416015625,91.58966827392578,88.98284149169922
2024-09-10,19.304954528808594,40.09210205078125,75.20072174072266,232.6199951171875,91.6148910522461,103.14682006835938,453.42730712890625,534.770751953125,92.2308578491211,90.2711181640625
2024-09-11,19.479450225830078,40.38823318481445,75.65080261230469,232.25,91.55004119873047,103.1925048828125,463.273681640625,540.2569580078125,92.15755462646484,90.09502410888672
2024-09-12,19.855998992919922,40.722572326660156,76.26966094970703,236.3300018310547,91.4018783569336,103.11939239501953,467.82122802734375,544.8076171875,91.72706604003906,90.4749984741211
2024-09-13,19.892736434936523,40.91362762451172,76.44781494140625,238.67999267578125,91.5778579711914,103.43920135498047,469.9169921875,547.6531372070312,91.97434997558594,91.42034912109375
2024-09-16,20.03968048095703,41.047359466552734,77.0666732788086,238.66000366210938,91.81864166259766,103.8960189819336,467.84100341796875,548.4619140625,92.81708526611328,91.7261962890625
2024-09-17,20.177440643310547,41.095123291015625,76.6353530883789,237.33999633789062,91.65193176269531,103.90515899658203,468.0881042480469,548.6859741210938,92.36824798583984,91.0866928100586
2024-09-18,20.048864364624023,40.95183563232422,76.39155578613281,235.50999450683594,91.25370025634766,103.47573852539062,466.0615234375,547.0586547851562,91.2232437133789,90.9754867553711
2024-09-19,20.407045364379883,41.82111358642578,77.90119934082031,239.1699981689453,91.17959594726562,103.5671157836914,477.8455505371094,556.3939208984375,90.92098236083984,90.99402618408203
2024-09-20,20.407045364379883,41.73514175415039,77.13231658935547,242.2100067138672,91.15180969238281,103.6584701538086,476.9360046386719,555.43212890625,90.57290649414062,90.632568359375
2024-09-23,20.416229248046875,42.05992889404297,77.42298889160156,242.67999267578125,91.09622192382812,103.51228332519531,478.2002258300781,556.820068359375,90.38054656982422,91.53155517578125
2024-09-24,20.756038665771484,43.49281311035156,77.88243865966797,246.07000732421875,91.19812774658203,103.6858901977539,480.50689697265625,558.4132080078125,90.36222839355469,91.66132354736328
2024-09-25,20.58154296875,43.0342903137207,77.46049499511719,245.72999572753906,90.82767486572266,103.07371520996094,480.952392578125,557.181640625,89.6111068725586,91.04962921142578
2024-09-26,20.397859573364258,44.61046600341797,79.16704559326172,246.97999572753906,90.76282501220703,103.07371520996094,484.5657653808594,559.3907470703125,89.82177734375,90.22476196289062
2024-09-27,20.498884201049805,44.52449417114258,78.68883514404297,245.02000427246094,91.1240463256836,103.48486328125,481.873046875,558.579345703125,90.28894805908203,90.33972930908203
2024-09-30,20.452964782714844,43.808048248291016,78.41690826416016,243.05999755859375,90.87395477294922,103.2290267944336,483.1797790527344,560.8178100585938,89.8584213256836,91.0500259399414
2024-10-01,20.81114387512207,44.12328338623047,77.83555603027344,245.61000061035156,91.20463562011719,103.72514343261719,476.44793701171875,555.7937622070312,90.5072021484375,90.46121978759766
2024-10-02,20.98564338684082,44.99256896972656,77.67615509033203,245.66000366210938,90.9445571899414,103.49588775634766,477.1211242675781,556.0283813476562,89.7445068359375,90.14344024658203
2024-10-03,21.28871726989746,44.45762252807617,76.95415496826172,245.49000549316406,90.48013305664062,102.82645416259766,476.7647399902344,555.01171875,88.89905548095703,89.32100677490234
2024-10-04,21.343822479248047,44.868385314941406,77.40422821044922,245.0,89.60701751708984,102.26707458496094,482.4373474121094,560.0553588867188,87.80551147460938,88.89107513427734
2024-10-07,21.637712478637695,45.24093246459961,76.97290802001953,244.1699981689453,89.28190612792969,101.7443618774414,477.26971435546875,554.9921875,87.14386749267578,88.10600280761719
2024-10-08,21.132587432861328,44.12328338623047,76.85100555419922,242.3699951171875,89.356201171875,101.94610595703125,484.3974914550781,560.2410278320312,87.29090881347656,88.28357696533203
2024-10-09,20.948904037475586,43.88446807861328,76.86976623535156,241.0500030517578,89.02182006835938,101.7443618774414,488.2088928222656,564.1216430664062,86.79466247558594,88.37704467773438
2024-10-10,21.36219024658203,43.97044372558594,76.77598571777344,242.82000732421875,89.01252746582031,101.63433074951172,487.6545104980469,563.1343994140625,86.45463562011719,87.59196472167969
2024-10-11,21.38055992126465,44.285675048828125,77.1698226928711,245.47000122070312,89.04039764404297,101.61599731445312,488.4168395996094,566.506591796875,86.10543060302734,88.58264923095703
2024-10-14,21.0499324798584,44.10417938232422,77.39485931396484,245.07000732421875,88.88249206542969,101.6251449584961,492.5153503417969,571.1395874023438,86.1697769165039,89.11537170410156
2024-10-15,20.645830154418945,43.168025970458984,76.1102523803711,245.9199981689453,89.33761596679688,102.12034606933594,485.9320068359375,566.7020874023438,87.21737670898438,90.190185546875
2024-10-16,20.59072494506836,43.50236892700195,76.30716705322266,247.14999389648438,89.47696685791016,102.44132232666016,485.9913635253906,569.1651611328125,87.58495330810547,91.18087005615234
2024-10-17,20.61827850341797,43.43549346923828,76.31654357910156,248.6300048828125,89.01252746582031,101.68016815185547,486.3279724121094,569.2140502929688,86.1973648071289,90.46121978759766
2024-10-18,20.50806999206543,43.86536407470703,76.83226013183594,251.27000427246094,89.11470794677734,101.56095886230469,489.51568603515625,571.403564453125,86.26167297363281,91.1341552734375
2024-10-21,20.572359085083008,43.5596809387207,75.92272186279297,251.22000122070312,88.4273452758789,100.52473449707031,490.4561767578125,570.465087890625,84.7546157836914,89.34902954101562
2024-10-22,20.930538177490234,43.46415710449219,75.49140167236328,253.92999267578125,88.34374237060547,100.5155258178711,490.99078369140625,570.162109375,84.8372802734375,89.47987365722656
2024-10-23,20.81114387512207,43.20623779296875,74.73188781738281,250.8699951171875,88.13941955566406,100.17626190185547,483.4668884277344,564.9523315429688,84.6075668334961,90.13411712646484
2024-10-24,20.801959991455078,43.13936996459961,75.15383911132812,252.8000030517578,88.33446502685547,100.47886657714844,487.38720703125,566.1741943359375,85.14974212646484,90.33037567138672
2024-10-25,20.948904037475586,43.101158142089844,74.90067291259766,253.32000732421875,88.13941955566406,100.24044036865234,490.3572082519531,565.9786376953125,84.67188262939453,89.47987365722656
2024-10-28,20.3886775970459,43.29220962524414,75.50077056884766,253.3300018310547,87.93504333496094,100.15789794921875,490.4363708496094,567.728271484375,84.44215393066406,89.76026916503906
2024-10-29,20.351940155029297,43.15847396850586,75.2288589477539,256.0899963378906,87.97219848632812,100.27713012695312,495.1487121582031,568.6471557617188,84.57080078125,89.11537170410156
2024-10-30,20.609094619750977,42.73816680908203,74.74125671386719,257.5,87.84217071533203,100.14872741699219,491.4065856933594,566.9268798828125,84.81892395019531,89.5079116821289
2024-10-31,20.746854782104492,42.46113967895508,74.28181457519531,253.50999450683594,87.79573822021484,99.9469985961914,479.00213623046875,555.8132934570312,84.95677185058594,87.99384307861328
2024-11-01,20.526437759399414,42.49934768676758,74.43183135986328,252.47000122070312,87.27582550048828,99.3994140625,482.5462646484375,558.1591186523438,83.7590103149414,87.02185821533203
2024-11-04,20.87543296813965,42.73816680908203,74.48810577392578,252.8300018310547,87.7416763305664,100.1356430053711,481.1405029296875,556.9569091796875,85.05912017822266,87.97515106201172
2024-11-05,21.004011154174805,43.320865631103516,75.2288589477539,253.39999389648438,87.78826904296875,100.61418914794922,487.27838134765625,563.69140625,85.51091003417969,89.14342498779297
2024-11-06,20.7744083404541,42.785926818847656,74.14115905761719,245.6999969482422,86.8844985961914,99.56505584716797,500.5143737792969,577.7080078125,83.16889190673828,87.24615478515625
2024-11-07,20.98564338684082,43.73162841796875,75.266357421875,249.64999389648438,87.58329772949219,100.74303436279297,508.39459228515625,582.1749267578125,84.2108154296875,88.29293060302734
2024-11-08,20.664199829101562,42.652191162109375,74.22554779052734,247.9600067138672,87.76963806152344,101.09273529052734,508.9887390136719,584.69677734375,85.2803955078125,89.6107177734375
2024-11-11,20.33357048034668,42.3274040222168,74.24430084228516,242.13999938964844,87.52739715576172,100.89947509765625,508.6916809082031,585.25390625,84.86549377441406,89.162109375
2024-11-12,20.223363876342773,41.524993896484375,72.86593627929688,240.0500030517578,86.9776611328125,99.98838806152344,507.7708740234375,583.4359130859375,83.59305572509766,87.92842864990234
2024-11-13,20.159074783325195,41.257511138916016,72.43460845947266,237.6300048828125,86.9217529296875,99.61107635498047,507.1175537109375,583.7193603515625,82.80008697509766,88.41442108154297
2024-11-14,20.140705108642578,41.02825164794922,72.58463287353516,237.00999450683594,86.9124526977539,99.58350372314453,503.59326171875,579.9658813476562,83.27954864501953,87.61998748779297
2024-11-15,20.03968048095703,41.02825164794922,72.32208251953125,236.58999633789062,86.94970703125,99.6294937133789,491.59466552734375,572.537353515625,83.05825805664062,87.66673278808594
2024-11-18,20.498884201049805,41.4963264465332,72.71591186523438,241.08999633789062,87.14537811279297,99.81356811523438,495.0101013183594,574.8832397460938,83.20579528808594,88.3022689819336
2024-11-19,20.563173294067383,41.467674255371094,72.62213897705078,243.25,87.33171844482422,100.02521514892578,498.41558837890625,576.9847412109375,83.6299057006836,88.73218536376953
2024-11-20,20.55398941040039,41.41990661621094,72.42523193359375,244.6199951171875,87.20125579833984,99.78594207763672,498.1285095214844,577.18017578125,83.3625259399414,88.62003326416016
2024-11-21,20.700937271118164,41.33393478393555,72.44398498535156,246.66000366210938,87.15469360351562,99.66631317138672,499.9203796386719,580.2786865234375,83.29798126220703,89.27426147460938
2024-11-22,20.719303131103516,41.34348678588867,72.72528839111328,249.83999633789062,87.21057891845703,99.75833892822266,500.7222900390625,582.0771484375,83.34407806396484,89.94718933105469
2024-11-25,20.425413131713867,41.37214279174805,73.10034942626953,242.47999572753906,88.15166473388672,101.00069427490234,501.5142822265625,584.0516967773438,85.50169372558594,91.1995620727539
2024-11-26,20.425413131713867,41.200199127197266,72.67840576171875,242.9499969482422,87.96531677246094,100.74303436279297,504.2070007324219,587.1012573242188,85.16975402832031,91.56407165527344
2024-11-27,20.315204620361328,41.257511138916016,73.07222747802734,243.49000549316406,88.31937408447266,101.11113739013672,500.2372131347656,585.3223266601562,85.75987243652344,92.15287017822266
2024-11-29,20.33357048034668,41.324378967285156,74.04739379882812,245.58999633789062,88.69205474853516,101.7369155883789,504.6326904296875,588.9583740234375,86.64503479003906,91.74163818359375
2024-12-02,20.186626434326172,41.486778259277344,74.25367736816406,243.44000244140625,88.68458557128906,101.89668273925781,510.1271057128906,590.0140380859375,86.85322570800781,90.4051513671875
2024-12-03,20.416229248046875,41.57275390625,74.67562866210938,243.92999267578125,88.43223571777344,101.53652954101562,511.6912536621094,590.2876586914062,86.10376739501953,89.94718933105469
2024-12-04,20.306018829345703,41.67782974243164,74.73188781738281,244.6699981689453,88.7686996459961,102.02597045898438,518.0172119140625,593.9530639648438,87.02901458740234,89.70419311523438
2024-12-05,20.278467178344727,41.95484924316406,75.09757232666016,242.86000061035156,88.75936126708984,101.99827575683594,516.5818481445312,592.9757080078125,87.20482635498047,89.48922729492188
2024-12-06,20.122337341308594,41.88798141479492,75.08820343017578,242.9499969482422,89.03974151611328,102.22914123535156,521.2049560546875,594.0997924804688,87.33435821533203,89.3583755493164
2024-12-09,20.315204620361328,42.74771499633789,75.04132080078125,245.36000061035156,88.7313232421875,101.9705810546875,517.1460571289062,591.0403442382812,86.52937316894531,89.6107177734375
2024-12-10,20.36112403869629,42.05992889404297,74.36619567871094,248.58999633789062,88.57241821289062,101.8135757446289,515.3839111328125,589.2026977539062,86.12228393554688,88.31161499023438
2024-12-11,20.61827850341797,42.231876373291016,74.83502960205078,250.9600067138672,88.31073760986328,101.53652954101562,524.6105346679688,593.7576904296875,85.30805969238281,88.10600280761719
2024-12-12,20.53562355041504,42.02172088623047,74.17866516113281,247.27999877929688,87.97428131103516,100.96398162841797,521.224853515625,590.6983032226562,84.27175903320312,87.96581268310547
2024-12-13,20.526437759399414,42.05992889404297,73.97238159179688,244.2899932861328,87.56306457519531,100.40067291259766,525.2144165039062,590.5809326171875,83.41129302978516,87.71346282958984
2024-12-16,20.416229248046875,41.83066940307617,73.72857666015625,244.8800048828125,87.5910873413086,100.52993774414062,532.77783203125,593.1027221679688,83.66108703613281,87.40503692626953
2024-12-17,20.278467178344727,41.730613708496094,73.61167907714844,243.94000244140625,87.5910873413086,100.5392074584961,530.4315185546875,590.6591796875,83.86466979980469,86.98445129394531
2024-12-18,20.094785690307617,40.75923156738281,71.80584716796875,239.25999450683594,86.91410064697266,99.29269409179688,511.2952880859375,573.0553588867188,82.81600952148438,83.39554595947266
2024-12-19,20.094785690307617,40.895225524902344,71.5777359008789,239.60000610351562,86.5202407836914,98.75515747070312,509.0182800292969,572.87939453125,81.56205749511719,82.10578918457031
2024-12-20,20.223363876342773,41.06036376953125,71.37814331054688,242.10000610351562,86.83905792236328,99.14441680908203,513.4633178710938,579.7603759765625,82.0264663696289,83.489013671875
2024-12-23,20.238842010498047,41.29349136352539,71.84386444091797,240.9600067138672,86.45462036132812,98.85711669921875,518.4658813476562,583.2320556640625,81.27410888671875,83.81551361083984
2024-12-24,20.354934692382812,41.41977310180664,72.10047912597656,241.44000244140625,86.50150299072266,99.16294860839844,525.4961547851562,589.7147216796875,81.61778259277344,84.37228393554688
2024-12-26,20.296886444091797,41.274070739746094,72.44264221191406,243.07000732421875,86.567138671875,99.255615234375,525.13916015625,589.7540283203125,81.57131958007812,84.59874725341797
2024-12-27,20.393630981445312,41.08950424194336,72.33809661865234,241.39999389648438,86.34209442138672,98.83856964111328,518.158447265625,583.5458984375,80.90257263183594,83.74946594238281
2024-12-30,20.57744598388672,40.75923156738281,71.86287689208984,240.6300048828125,86.84844207763672,99.264892578125,511.2669677734375,576.88671875,81.55277252197266,83.3342514038086
2024-12-31,20.683862686157227,40.62323760986328,71.86287689208984,242.1300048828125,86.68901824951172,99.01466369628906,506.92388916015625,574.7879638671875,81.11619567871094,84.06086730957031
2025-01-02,20.887025833129883,40.56495666503906,71.61576080322266,245.4199981689453,86.73592376708984,99.02392578125,505.93231201171875,573.3756713867188,81.33911895751953,83.31537628173828
2025-01-03,20.780607223510742,40.94380187988281,71.92940521240234,243.49000549316406,86.59527587890625,98.79222869873047,514.2120361328125,580.5448608398438,81.07907104492188,84.41001892089844
2025-01-06,20.819305419921875,41.08950424194336,72.61372375488281,243.19000244140625,86.5108871459961,98.5420150756836,520.1217651367188,583.8890991210938,80.71680450439453,83.32481384277344
2025-01-07,20.91604995727539,40.79808807373047,72.55668640136719,244.55999755859375,86.1170425415039,98.0879135131836,510.840576171875,577.2887573242188,79.80652618408203,82.53214263916016
2025-01-08,20.877351760864258,40.60381317138672,72.44264221191406,245.86000061035156,86.26708221435547,98.2454605102539,510.9298400878906,578.13232421875,79.90869140625,82.74918365478516
2025-01-10,21.438467025756836,39.91413116455078,71.34012603759766,248.2100067138672,85.6388168334961,97.6801528930664,502.91790771484375,569.3056030273438,79.3792495727539,80.72976684570312
2025-01-13,21.5932559967041,39.642147064208984,71.14053344726562,245.74000549316406,85.48878479003906,97.40211486816406,501.3016662597656,570.1883544921875,79.35139465332031,81.72059631347656
2025-01-14,21.583581924438477,40.0889778137207,71.39715576171875,247.02999877929688,85.51691436767578,97.51333618164062,500.8256530761719,570.9728393554688,79.22134399414062,82.46607971191406
2025-01-15,21.931861877441406,40.613529205322266,72.30957794189453,248.8800048828125,86.4171142578125,98.6810302734375,512.3477783203125,581.3589477539062,80.58676147460938,82.93791961669922
2025-01-16,21.83511734008789,40.56495666503906,72.68025207519531,250.60000610351562,86.62339782714844,98.87564849853516,508.7583312988281,580.2408447265625,80.84683227539062,84.6553726196289
2025-01-17,21.738372802734375,40.88551330566406,72.97489166259766,249.27000427246094,86.68901824951172,98.95904541015625,517.3453369140625,586.06640625,80.98617553710938,84.59874725341797
2025-01-21,21.631956100463867,41.322635650634766,74.44807434082031,253.1300048828125,86.97972106933594,99.53365325927734,520.3795166015625,591.4309692382812,81.71066284179688,86.18409729003906
2025-01-22,21.612606048583984,41.351776123046875,74.2770004272461,254.42999267578125,86.75467681884766,99.21854400634766,527.0330810546875,594.7556762695312,81.28339385986328,84.68367767333984
2025-01-23,21.53521156311035,41.448909759521484,74.8852767944336,254.07000732421875,86.5296401977539,99.07953643798828,528.1535034179688,598.0018310546875,80.65178680419922,85.3064956665039
2025-01-24,21.544885635375977,41.72090530395508,75.303466796875,255.64999389648438,86.70779418945312,99.27415466308594,525.1689453125,596.256103515625,81.0140151977539,85.59901428222656
2025-01-27,21.21595573425293,40.96322250366211,75.303466796875,252.99000549316406,87.2704086303711,99.95996856689453,509.8787536621094,587.8219604492188,81.97074890136719,86.74085998535156
2025-01-28,21.235305786132812,41.26435470581055,75.20842742919922,255.17999267578125,87.27976989746094,99.8209457397461,517.4148559570312,592.8726806640625,81.9150161743164,85.6933822631836
2025-01-29,21.274002075195312,41.274070739746094,75.19892120361328,254.1999969482422,87.17662048339844,99.69120025634766,516.4429321289062,590.2149047851562,81.74781799316406,84.56099700927734
2025-01-30,21.293350219726562,41.97346115112305,76.02580261230469,258.04998779296875,87.36418151855469,99.91363525390625,518.6443481445312,593.382568359375,82.0543441772461,85.63676452636719
2025-01-31,21.25465202331543,41.49748229980469,75.3129653930664,258.55999755859375,87.2235107421875,99.5892562866211,517.8907470703125,590.2246704101562,81.51560974121094,85.44805908203125
2025-02-03,21.419116973876953,41.196353912353516,74.42906188964844,259.94000244140625,87.28561401367188,99.7464370727539,513.7459106445312,586.252685546875,82.1793212890625,85.26875305175781
2025-02-04,21.47716522216797,41.934608459472656,75.2939682006836,262.5,87.5019760131836,99.9417724609375,520.0523071289062,590.1854248046875,82.43099975585938,85.33480072021484
2025-02-05,21.34172248840332,41.827754974365234,76.02580261230469,264.1300048828125,88.00991821289062,100.63936614990234,522.4122924804688,592.5784301757812,83.79195404052734,86.53323364257812
2025-02-06,21.351396560668945,42.00260543823242,76.38697814941406,263.42999267578125,87.90646362304688,100.4533462524414,525.13916015625,594.6380615234375,83.75464630126953,86.7502670288086
2025-02-07,21.36107063293457,41.963748931884766,75.66463470458984,263.8999938964844,87.6148452758789,100.01618957519531,518.5154418945312,589.1950073242188,83.21400451660156,86.46717834472656
2025-02-10,21.670652389526367,42.4688720703125,76.17787170410156,268.3699951171875,87.5960464477539,100.04408264160156,524.7920532226562,593.1963500976562,82.96231842041016,86.42943572998047
2025-02-11,21.83511734008789,42.303733825683594,76.5390396118164,267.3900146484375,87.37026977539062,99.82085418701172,523.5426635742188,593.6474609375,82.43099975585938,86.80690002441406
2025-02-12,21.5932559967041,42.536865234375,76.82417297363281,267.6700134277344,86.76821899414062,99.28137969970703,523.85009765625,591.7349853515625,81.31238555908203,86.00479888916016
2025-02-13,21.699676513671875,42.8088493347168,77.75559997558594,270.30999755859375,87.41731262207031,100.05339813232422,531.3861083984375,597.9822387695312,82.66402435302734,86.863525390625
2025-02-14,21.7093505859375,43.139122009277344,77.86965942382812,266.2900085449219,87.78417205810547,100.44403839111328,533.6171875,597.9528198242188,83.10215759277344,86.46717834472656
2025-02-18,22.02860450744629,43.411109924316406,78.430419921875,270.70001220703125,87.31382751464844,100.03479766845703,534.8268432617188,599.7083740234375,82.12336730957031,86.85408782958984
2025-02-19,22.20274543762207,43.343109130859375,77.62254333496094,270.8500061035156,87.4549331665039,100.09060668945312,534.9756469726562,601.1206665039062,82.22591400146484,86.9201431274414
2025-02-20,22.231767654418945,43.74137878417969,77.98371124267578,270.989990234375,87.63365936279297,100.33242797851562,532.7048950195312,598.6197509765625,82.53351593017578,87.3353500366211
2025-02-21,21.92218589782715,43.61510467529297,77.49898529052734,270.739990234375,88.15105438232422,100.68588256835938,521.6488037109375,588.3809204101562,83.53093719482422,86.47662353515625
2025-02-24,21.844791412353516,42.944847106933594,77.45146179199219,272.2099914550781,88.33916473388672,100.94629669189453,515.4911499023438,585.7035522460938,83.7733154296875,86.81633758544922
2025-02-25,21.60293197631836,42.9739875793457,78.15480041503906,268.6199951171875,89.03528594970703,101.71829986572266,508.99627685546875,582.7907104492188,85.21815490722656,87.88265991210938
2025-02-26,21.419116973876953,43.40139389038086,78.25933074951172,269.0299987792969,89.27986145019531,101.93224334716797,510.22576904296875,583.0848999023438,85.72152709960938,87.51464080810547
2025-02-27,21.44814109802246,42.55629348754883,77.37543487548828,264.92999267578125,89.17638397216797,101.5043716430664,496.0561828613281,573.7777709960938,85.11560821533203,87.86380004882812
2025-02-28,21.283676147460938,41.97346115112305,77.53700256347656,263.2699890136719,89.66551971435547,101.95082092285156,503.8896789550781,582.7318725585938,86.15963745117188,88.60929107666016
2025-03-03,21.148235321044922,41.60434341430664,78.39240264892578,266.739990234375,89.99099731445312,102.27295684814453,492.8633117675781,572.5223999023438,86.56171417236328,89.02449035644531
2025-03-04,21.21595573425293,41.95403289794922,78.3733901977539,269.05999755859375,89.70796966552734,101.93683624267578,491.3759460449219,565.74560546875,85.4957046508789,87.99591827392578
2025-03-05,21.157909393310547,43.20711898803711,80.24576568603516,269.6199951171875,89.20797729492188,101.61006164550781,497.78155517578125,571.8261108398438,84.81310272216797,88.9773178100586
2025-03-06,21.051490783691406,42.93513488769531,79.41886901855469,268.25,89.16082000732422,101.29261779785156,484.087890625,561.675537109375,84.5325698852539,86.69366455078125
2025-03-07,21.235305786132812,43.148834228515625,80.24576568603516,268.3900146484375,89.04759216308594,101.1339111328125,487.6475830078125,564.82373046875,84.26139831542969,87.2126693725586
2025-03-10,21.099863052368164,42.11916732788086,78.35438537597656,266.0400085449219,89.67024230957031,101.4793472290039,468.7481689453125,549.7792358398438,85.14037322998047,86.37281799316406
2025-03-11,21.21595573425293,42.4688720703125,78.08826446533203,269.1600036621094,89.3494873046875,100.81643676757812,467.6277160644531,545.208984375,84.5325698852539,85.36310577392578
2025-03-12,21.21595573425293,42.70199966430664,78.64901733398438,270.3299865722656,89.0853271484375,100.51766967773438,472.9029235839844,548.102294921875,84.02764892578125,85.098876953125
2025-03-13,21.138561248779297,42.52714920043945,78.12628173828125,275.1300048828125,89.44383239746094,100.83512878417969,464.3951416015625,540.7957153320312,84.7663345336914,83.41917419433594
2025-03-14,21.25465202331543,43.304256439208984,79.56144714355469,275.239990234375,89.13252258300781,100.78844451904297,475.61981201171875,551.96630859375,84.31749725341797,85.08946228027344
2025-03-17,21.399770736694336,44.04250717163086,80.45486450195312,276.7300109863281,89.20797729492188,100.99384307861328,478.7035827636719,556.2227783203125,84.73828887939453,86.54267883300781
2025-03-18,21.351396560668945,43.819091796875,80.44535827636719,279.9599914550781,89.31175231933594,101.23658752441406,470.5429382324219,550.2108764648438,84.82244110107422,86.0897216796875
2025-03-19,21.48683738708496,43.925941467285156,80.68296813964844,281.1099853515625,89.5853500366211,101.8341293334961,476.8394470214844,556.2030639648438,85.26193237304688,86.19351959228516
2025-03-20,21.525535583496094,43.51796340942383,80.00814819335938,280.75,89.71741485595703,101.68475341796875,475.22320556640625,554.5946655273438,85.31805419921875,86.13690948486328
2025-03-21,21.399770736694336,43.304256439208984,79.51393127441406,278.489990234375,89.64193725585938,101.5447006225586,476.78985595703125,554.7776489257812,84.81310272216797,85.18380737304688
2025-03-24,21.47716522216797,43.498531341552734,79.5044174194336,277.25,89.12309265136719,101.10586547851562,487.2527160644531,564.712890625,83.9434585571289,86.4955062866211
2025-03-25,21.506187438964844,43.372257232666016,79.94161987304688,278.4700012207031,89.27400207519531,101.20858764648438,490.0332336425781,566.0703125,83.93411254882812,85.52499389648438
2025-03-26,21.47716522216797,43.109981536865234,78.90563201904297,278.239990234375,89.06648254394531,100.79776000976562,481.01629638671875,559.3125,83.38239288330078,85.85865783691406
2025-03-27,21.53521156311035,43.32368469238281,79.07671356201172,281.9700012207031,88.9909896850586,100.6763916015625,478.27545166015625,557.8270874023438,83.13927459716797,85.63938903808594
2025-03-28,21.467491149902344,42.51743698120117,78.3733901977539,284.05999755859375,89.70796966552734,101.28327178955078,465.68353271484375,546.5934448242188,84.28944396972656,85.52499389648438
2025-03-31,21.767396926879883,42.449440002441406,77.67957305908203,288.1400146484375,89.97213745117188,101.4793472290039,465.6636657714844,550.2625732421875,85.12167358398438,86.3162612915039
2025-04-01,21.777070999145508,42.58543395996094,77.79362487792969,287.57000732421875,90.28823852539062,101.84207916259766,469.4173889160156,551.8167724609375,85.85930633544922,86.35440063476562
2025-04-02,21.912511825561523,42.643714904785156,77.97421264648438,288.1600036621094,90.20304870605469,102.07637023925781,472.84344482421875,555.3088989257812,85.80298614501953,86.87874603271484
2025-04-03,21.032142639160156,41.740333557128906,76.33944702148438,286.4200134277344,91.13055419921875,102.06700897216797,447.5304870605469,527.94287109375,86.19715118408203,83.91382598876953
2025-04-04,20.267866134643555,39.41872787475586,71.30210876464844,279.7200012207031,91.38607788085938,101.95452117919922,419.73480224609375,497.0354309082031,87.1355972290039,80.27203369140625
2025-04-07,19.948610305786133,37.951934814453125,69.58180236816406,273.7099914550781,90.29769897460938,99.96754455566406,420.74774169921875,496.1501159667969,84.50792694091797,78.16512298583984
2025-04-08,19.50358772277832,37.41767501831055,69.34420776367188,275.20001220703125,89.84342956542969,98.70225524902344,413.1707458496094,488.37908935546875,82.91255187988281,76.06776428222656
2025-04-09,20.20981788635254,40.01126480102539,74.69518280029297,285.3800048828125,89.55948638916016,100.35181427001953,462.763916015625,539.6683349609375,83.40055084228516,80.605712890625
2025-04-10,19.958282470703125,39.32158660888672,73.22200775146484,292.3500061035156,89.0011215209961,98.6460189819336,443.08154296875,516.0205078125,81.10133361816406,78.76573944091797
2025-04-11,20.248516082763672,40.55524444580078,75.05635070800781,297.92999267578125,88.49951934814453,98.62727355957031,451.2444763183594,525.227783203125,81.54240417480469,79.72862243652344
2025-04-14,20.258190155029297,40.92436981201172,75.86422729492188,296.2300109863281,89.2093276977539,99.23648834228516,454.3031005859375,530.3233032226562,82.1242446899414,81.37791442871094
2025-04-15,20.20981788635254,40.88551330566406,76.54855346679688,297.7799987792969,89.47430419921875,99.77072143554688,454.8095397949219,528.837890625,82.4151611328125,81.62578582763672
2025-04-16,20.46135139465332,40.40953826904297,76.25391387939453,307.4700012207031,89.86233520507812,100.19248962402344,441.095458984375,517.0828857421875,82.875,81.56858825683594
2025-04-17,20.674190521240234,40.720375061035156,77.08079528808594,306.1199951171875,89.60681915283203,100.0519027709961,441.0159912109375,517.8206787109375,82.14302062988281,82.78886413574219
2025-04-21,20.500049591064453,40.710662841796875,76.66260528564453,315.5899963378906,89.12413024902344,98.97405242919922,430.1023254394531,505.4951171875,80.70716857910156,81.06330871582031
2025-04-22,20.59679412841797,41.322635650634766,78.24983978271484,311.1099853515625,89.19038391113281,99.21774291992188,441.39337158203125,518.64697265625,81.15765380859375,82.63633728027344
2025-04-23,20.44200325012207,41.798614501953125,78.56348419189453,303.6499938964844,89.28504180908203,99.65826416015625,451.4033508300781,526.68359375,81.94593811035156,82.78886413574219
2025-04-24,20.625816345214844,42.284305572509766,79.60897064208984,308.07000732421875,89.7677230834961,100.67986297607422,464.1045837402344,537.7698364257812,82.80931854248047,83.09395599365234
2025-04-25,20.65484046936035,42.20659255981445,79.95112609863281,304.7300109863281,90.10843658447266,101.2140884399414,469.27838134765625,541.6553344726562,83.41931915283203,82.95094299316406
2025-04-28,20.538747787475586,42.284305572509766,80.48336791992188,309.07000732421875,90.46806335449219,101.44841003417969,469.12939453125,541.8619384765625,83.94485473632812,83.46575164794922
2025-04-29,20.277538299560547,42.40087127685547,80.64494323730469,306.05999755859375,90.7803726196289,101.6827392578125,472.22772216796875,545.2752685546875,84.64869689941406,83.91382598876953
2025-04-30,19.900236129760742,42.50772476196289,80.54989624023438,303.7699890136719,90.9223403930664,101.20472717285156,472.1681823730469,545.4916381835938,83.96360778808594,84.20936584472656
2025-05-01,19.996980667114258,42.498008728027344,80.29328918457031,297.4599914550781,90.5263900756836,100.84900665283203,478.33502197265625,549.3576049804688,83.53788757324219,84.48583221435547
2025-05-02,20.08405113220215,43.71223831176758,81.83300018310547,297.9800109863281,89.91868591308594,100.60435485839844,485.4353942871094,557.5123291015625,82.6336441040039,85.52499389648438
2025-05-05,19.967958450317383,44.04250717163086,81.97557067871094,306.8800048828125,89.75729370117188,100.46320343017578,482.5555419921875,554.3153076171875,82.17211151123047,85.33432006835938
2025-05-06,20.267866134643555,43.86766052246094,81.87100982666016,315.4800109863281,89.98518371582031,100.66082000732422,478.06695556640625,549.6821899414062,82.44526672363281,84.67649841308594
2025-05-07,20.01633071899414,43.36254119873047,81.59538269042969,310.75,90.22254180908203,100.86783599853516,479.94378662109375,551.9938354492188,82.79378509521484,84.7718276977539
2025-05-08,20.277538299560547,43.33340072631836,81.31025695800781,304.6300048828125,89.51990509033203,100.35970306396484,484.8991394042969,555.840087890625,81.8707046508789,84.43817138671875
2025-05-09,20.432329177856445,43.62481689453125,81.70944213867188,306.8399963378906,89.58636474609375,100.3220443725586,484.5813903808594,555.1317749023438,81.9931640625,85.00064086914062
2025-05-12,20.567771911621094,44.56705856323242,82.12763977050781,298.19000244140625,89.01667785644531,100.30322265625,504.3233337402344,573.4774780273438,81.23021697998047,85.42012023925781
2025-05-13,20.887025833129883,44.6447639465332,82.23218536376953,299.4599914550781,88.9501953125,100.3879165649414,512.0095825195312,577.2646484375,80.9005355834961,84.33329772949219
2025-05-14,20.780607223510742,44.9847526550293,81.83300018310547,293.1600036621094,88.61786651611328,99.8797607421875,515.0780639648438,578.0023803710938,80.36363983154297,83.5038833618164
2025-05-15,20.57744598388672,44.96532440185547,82.7264175415039,297.8399963378906,89.19707489013672,100.59496307373047,515.6441650390625,580.8255615234375,81.07008361816406,85.02925872802734
2025-05-16,20.500049591064453,44.936180114746094,82.91649627685547,294.239990234375,89.22557067871094,100.78313446044922,517.8884887695312,584.5045166015625,81.28673553466797,86.08747100830078
2025-05-19,20.471027374267578,45.03331756591797,83.70537567138672,298.0299987792969,89.17805480957031,100.79257202148438,518.3849487304688,585.1439208984375,81.05123901367188,86.10652923583984
2025-05-20,20.732234954833984,44.9847526550293,84.10455322265625,303.5799865722656,89.06415557861328,100.54788208007812,516.6571655273438,583.1766357421875,80.4672622680664,85.60126495361328
2025-05-21,20.70321273803711,44.86818313598633,83.6103286743164,305.82000732421875,88.44696807861328,99.42808532714844,509.47723388671875,573.3495483398438,79.09207153320312,83.32274627685547
2025-05-22,20.59679412841797,44.722476959228516,83.56279754638672,303.1099853515625,88.779296875,99.93623352050781,510.4306335449219,573.5758666992188,79.50653076171875,82.94141387939453
2025-05-23,20.712886810302734,44.907039642333984,83.6768569946289,309.75,89.03564453125,100.01151275634766,505.7036437988281,569.66064453125,79.63839721679688,83.02720642089844
2025-05-27,20.529071807861328,44.80018615722656,84.89341735839844,304.5,89.40599060058594,100.91487121582031,517.6004638671875,581.50439453125,80.74982452392578,84.4762954711914
2025-05-28,20.46135139465332,44.596195220947266,83.91446685791016,303.80999755859375,89.15909576416016,100.67022705078125,515.3064575195312,578.1401977539062,80.40132904052734,84.3905029296875
2025-05-29,20.354934692382812,44.76133346557617,84.28514099121094,305.6099853515625,89.5294189453125,101.1219253540039,516.3195190429688,580.4222412109375,81.14543151855469,85.15318298339844
2025-05-30,20.20014190673828,44.21735763549805,84.40869140625,303.6000061035156,89.7952651977539,101.41362762451172,515.5050659179688,579.7731323242188,81.26789093017578,85.15318298339844
2025-06-02,20.625816345214844,44.53791046142578,85.3116226196289,311.6700134277344,89.49041748046875,101.12650299072266,519.5767211914062,583.0388793945312,80.51154327392578,85.26758575439453
2025-06-03,20.76125717163086,44.6447639465332,84.66531372070312,308.9100036621094,89.40467834472656,101.1737289428711,523.6382446289062,586.3637084960938,80.3697280883789,85.09597778320312
2025-06-04,20.683862686157227,45.19845199584961,85.04550170898438,310.8999938964844,90.06201171875,101.91043090820312,525.0980224609375,586.206298828125,81.6744155883789,85.33432006835938
2025-06-05,20.780607223510742,45.43158721923828,84.98846435546875,309.3299865722656,89.79525756835938,101.5987319946289,521.1456909179688,583.3733520507812,81.73114013671875,85.26758575439453
2025-06-06,20.945072174072266,45.577293395996094,85.29261016845703,305.17999267578125,89.0807876586914,100.98482513427734,526.2400512695312,589.3639526367188,80.69116973876953,85.67752075195312
2025-06-09,20.964420318603516,45.96584701538086,85.2831039428711,306.6199951171875,89.24274444580078,101.28706359863281,527.0146484375,589.8950805664062,80.77627563476562,85.79193115234375
2025-06-10,20.91604995727539,46.228118896484375,85.39715576171875,306.7099914550781,89.3951416015625,101.53264617919922,530.500244140625,593.2396850585938,81.19224548339844,86.52600860595703
2025-06-11,21.25465202331543,46.422401428222656,85.25458526611328,308.3699951171875,89.76670837402344,101.853759765625,528.7127075195312,591.5477294921875,81.43804931640625,86.05885314941406
2025-06-12,21.25465202331543,46.50010681152344,85.91039276123047,312.20001220703125,90.15727996826172,102.42044067382812,529.9541015625,593.898681640625,82.41183471679688,86.47834014892578
2025-06-13,21.912511825561523,45.76185989379883,84.8078842163086,316.2900085449219,89.82384490966797,101.8065414428711,523.3007202148438,587.2588500976562,81.6176986694336,85.63938903808594
2025-06-16,21.8641414642334,46.32286834716797,85.1259994506836,311.7799987792969,89.56663513183594,101.62708282470703,530.5797729492188,592.84619140625,80.7951889038086,85.70612335205078
2025-06-17,22.328510284423828,45.714778900146484,84.08174133300781,311.94000244140625,90.00485229492188,101.97655487060547,525.4059448242188,587.7802734375,81.77839660644531,85.40106201171875
2025-06-18,22.38655662536621,45.7049674987793,84.22677612304688,310.260009765625,90.06201171875,102.05211639404297,525.3164672851562,587.6917114257812,81.92020416259766,85.69660186767578
2025-06-20,22.50265121459961,45.44015884399414,83.47259521484375,310.1300048828125,90.11914825439453,102.1371078491211,523.1714477539062,586.3115234375,81.76895141601562,85.63938903808594
2025-06-23,21.670652389526367,45.8128547668457,84.10108184814453,311.0799865722656,90.43353271484375,102.39212799072266,528.551025390625,592.1027221679688,82.0336685180664,86.9264144897461
2025-06-24,21.148235321044922,46.99961471557617,85.1259994506836,306.19000244140625,90.74789428710938,102.87381744384766,536.633544921875,598.643798828125,82.62928771972656,87.15520477294922
2025-06-25,21.119211196899414,47.038848876953125,84.66188049316406,307.1199951171875,90.7860107421875,102.75102996826172,538.0055541992188,598.9793090820312,82.73326873779297,85.05785369873047
2025-06-26,21.196605682373047,47.35270309448242,85.60944366455078,306.7799987792969,91.10990142822266,103.12883758544922,543.0360107421875,603.6655883789062,83.1492691040039,84.9789047241211
2025-06-27,21.090187072753906,47.166351318359375,86.3829574584961,301.2200012207031,90.87173461914062,102.95881652832031,544.8951416015625,606.664794921875,82.61982727050781,85.19070434570312
2025-06-30,21.099863052368164,47.313472747802734,86.43130493164062,304.8299865722656,91.23374938964844,103.5254898071289,548.4244995117188,609.5653686523438,83.43289947509766,85.73944854736328
2025-07-01,21.21595573425293,47.4017448425293,86.2862777709961,307.54998779296875,91.0645980834961,103.650634765625,543.8015747070312,609.3681030273438,83.6397476196289,86.36521911621094
2025-07-02,21.564233779907227,47.60771179199219,86.53767395019531,309.25,90.87345886230469,103.63167572021484,547.5892944335938,612.130615234375,83.10836029052734,86.5673828125
2025-07-03,21.5545597076416,47.823482513427734,86.5570068359375,307.1400146484375,90.55810546875,103.38520812988281,552.977783203125,616.9550170898438,82.52949523925781,86.66365814208984
2025-07-07,21.53521156311035,47.14673614501953,85.61911010742188,307.3699951171875,90.27140045166016,102.76903533935547,548.8121948242188,612.3573608398438,81.74185943603516,85.92237091064453
2025-07-08,21.60293197631836,47.440975189208984,86.24759674072266,304.1600036621094,90.13760375976562,102.47515869140625,549.1204223632812,612.0220336914062,81.63748931884766,85.7972183227539
2025-07-09,21.564233779907227,47.36251449584961,86.89542388916016,305.5199890136719,90.60588073730469,103.06290435791016,553.0075073242188,615.692138671875,82.49153900146484,85.86461639404297
2025-07-10,21.496511459350586,47.490013122558594,86.83740997314453,306.20001220703125,90.55810546875,103.08187103271484,552.2122192382812,617.428466796875,82.54846954345703,86.40372467041016
2025-07-11,21.777070999145508,47.33308792114258,86.00587463378906,309.1400146484375,90.13760375976562,102.4561996459961,550.969482421875,615.258056640625,81.40972900390625,86.4133529663086
2025-07-14,21.5932559967041,47.4017448425293,86.00587463378906,308.010009765625,90.099365234375,102.4277572631836,552.9678344726562,616.4320678710938,81.23893737792969,86.97172546386719
2025-07-15,21.5545597076416,47.745018005371094,85.10665893554688,306.7300109863281,89.74578857421875,102.05805969238281,553.4747924804688,613.7979125976562,80.6695556640625,85.69132232666016
2025-07-16,21.583581924438477,47.970603942871094,85.45474243164062,308.260009765625,89.99425506591797,102.2192153930664,554.0416259765625,615.8499145507812,80.78343200683594,86.49999237060547
2025-07-17,21.757720947265625,48.24522399902344,85.67713165283203,307.5899963378906,89.96559143066406,102.4656753540039,558.5252685546875,619.6187744140625,80.76444244384766,86.40372467041016
2025-07-18,21.796419143676758,48.1373405456543,85.4354019165039,308.3900146484375,90.21406555175781,102.65528869628906,557.9883422851562,619.1649169921875,80.88780975341797,86.5866470336914
2025-07-21,21.748046875,48.45119094848633,85.88984680175781,313.1300048828125,90.52943420410156,103.05341339111328,560.88134765625,620.3389892578125,81.6090087890625,86.9428482055664
2025-07-22,21.7093505859375,48.480613708496094,86.3636245727539,316.1000061035156,90.7874526977539,103.29988861083984,557.978515625,620.427734375,82.10246276855469,88.43506622314453
2025-07-23,21.651302337646484,48.971012115478516,88.51014709472656,312.17999267578125,90.4625244140625,103.13874816894531,560.5234985351562,625.7059936523438,81.6469497680664,88.60833740234375
2025-07-24,21.670652389526367,48.706199645996094,87.8526611328125,310.2699890136719,90.32872772216797,102.9870834350586,561.7164916992188,625.9132080078125,81.50462341308594,88.30028533935547
2025-07-25,21.44814109802246,48.55907440185547,87.74629211425781,307.3999938964844,90.53897857666016,103.31885528564453,563.068603515625,628.5572509765625,82.01708221435547,88.30989837646484
2025-07-28,21.670652389526367,48.235416412353516,86.3346176147461,305.4100036621094,90.3382797241211,103.11029052734375,564.8283081054688,628.3994750976562,81.48564910888672,86.89471435546875
2025-07-29,21.951210021972656,48.255035400390625,86.16057586669922,306.25,90.93082427978516,103.7928237915039,563.9534301757812,626.741943359375,82.86161804199219,88.29064178466797
2025-07-30,21.9028377532959,47.901947021484375,85.54176330566406,300.9599914550781,90.61543273925781,103.4041748046875,564.7089233398438,625.9526977539062,82.4345932006836,87.03912353515625
2025-07-31,21.719024658203125,47.62732696533203,84.62320709228516,302.9599914550781,90.69188690185547,103.43260192871094,561.7164916992188,623.6046142578125,82.48204803466797,85.81646728515625
2025-08-01,21.370746612548828,47.27424240112305,84.40081787109375,309.1099853515625,91.73600769042969,104.35018157958984,550.6514282226562,613.3834228515625,83.65464782714844,85.60466003417969
2025-08-04,21.293350219726562,47.7646369934082,85.52242279052734,310.9100036621094,91.86063385009766,104.5310287475586,560.8118286132812,622.706787109375,83.88326263427734,86.48074340820312
2025-08-05,21.10953712463379,47.901947021484375,85.51275634765625,311.1600036621094,91.79351806640625,104.60717010498047,557.004150390625,619.5496826171875,84.14045715332031,86.87545776367188
2025-08-06,21.06116485595703,48.12752914428711,86.07355499267578,310.5,91.72640991210938,104.57861328125,564.0131225585938,624.2952270507812,83.65464782714844,86.20155334472656
2025-08-07,21.12888526916504,48.5296516418457,86.84707641601562,313.1199951171875,91.65929412841797,104.47393035888672,565.9218139648438,623.7723388671875,83.51177978515625,86.45186614990234
2025-08-08,21.12888526916504,48.490421295166016,87.37887573242188,313.04998779296875,91.44837188720703,104.1407699584961,571.2008666992188,628.6361694335938,83.14981079101562,85.73944854736328
2025-08-11,21.157909393310547,48.353111267089844,87.01144409179688,308.54998779296875,91.47713470458984,104.30259704589844,569.5108032226562,627.3931274414062,83.24504089355469,85.17146301269531
2025-08-12,21.07084083557129,48.94158935546875,88.07503509521484,308.2699890136719,91.45793914794922,104.39777374267578,576.6688232421875,634.0723266601562,82.825927734375,85.6528091430664
2025-08-13,21.04181671142578,49.53006362915039,88.6068344116211,309.2099914550781,91.783935546875,104.9498291015625,576.9570922851562,636.2428588867188,83.51177978515625,86.45186614990234
2025-08-14,21.12888526916504,48.921974182128906,88.61650848388672,307.25,91.48670959472656,104.588134765625,576.509765625,636.302001953125,82.8926010131836,85.8357162475586
2025-08-15,21.06116485595703,48.98081970214844,89.13863372802734,307.42999267578125,91.30457305908203,104.45487976074219,573.9746704101562,634.812255859375,82.30200958251953,86.32670593261719
2025-08-18,21.080514907836914,49.26525115966797,89.04193878173828,306.95001220703125,91.21825408935547,104.2645034790039,573.7459716796875,634.6741333007812,82.0638656616211,85.59505462646484
2025-08-19,20.91604995727539,48.86312484741211,89.0516128540039,305.2699890136719,91.44837188720703,104.42632293701172,565.961669921875,631.23095703125,82.54014587402344,87.06800079345703
2025-08-20,21.148235321044922,48.794471740722656,89.37068939208984,308.3599853515625,91.58258819580078,104.47393035888672,562.6013793945312,629.5537109375,82.72113037109375,87.31829833984375
2025-08-21,21.274002075195312,48.68658447265625,88.80988311767578,307.2900085449219,91.31413269042969,104.07414245605469,559.99658203125,627.0281372070312,82.31153106689453,87.0583724975586
2025-08-22,21.36107063293457,49.657569885253906,90.14421844482422,310.5799865722656,91.8222885131836,104.8927230834961,568.6359252929688,636.6572875976562,82.92118072509766,88.74312591552734
2025-08-25,21.467491149902344,49.373138427734375,88.95492553710938,309.8299865722656,91.64012145996094,104.61669921875,566.9955444335938,633.8552856445312,82.68303680419922,88.2328872680664
2025-08-26,21.30302619934082,49.245635986328125,88.85823059082031,312.0799865722656,91.87982177734375,104.6928482055664,569.272216796875,636.5092163085938,82.6353988647461,88.00184631347656
2025-08-27,21.32237434387207,48.95139694213867,88.6455078125,312.7099914550781,92.0523910522461,104.73091125488281,570.1470947265625,637.95947265625,82.54014587402344,88.55058288574219
2025-08-28,21.457815170288086,49.13774490356445,88.97425842285156,315.0299987792969,92.26333618164062,104.8927230834961,573.7161865234375,640.21875,83.08309936523438,88.31952667236328
2025-08-29,21.48683738708496,48.90235900878906,88.45214080810547,318.07000732421875,92.18663024902344,104.51199340820312,567.0751342773438,636.400634765625,82.49252319335938,88.8008804321289
2025-09-02,21.83511734008789,48.86312484741211,87.58192443847656,325.5899963378906,91.91152954101562,104.16239929199219,562.322998046875,631.684814453125,81.8786392211914,87.32793426513672
2025-09-03,21.641630172729492,49.04947280883789,87.71729278564453,328.1400146484375,92.22895812988281,104.78325653076172,566.7470703125,635.1082153320312,82.7774658203125,87.37606811523438
2025-09-04,21.48683738708496,48.892547607421875,88.35543823242188,326.69000244140625,92.642578125,105.49964904785156,571.876953125,640.4161376953125,83.40856170654297,88.03071594238281
2025-09-05,21.312700271606445,49.48102569580078,88.75187683105469,331.04998779296875,93.09468841552734,106.18737030029297,572.7020874023438,638.561279296875,84.6802749633789,89.0223159790039
2025-09-08,21.457815170288086,49.93218994140625,89.64141845703125,334.82000732421875,93.38325500488281,106.55989074707031,575.4957885742188,640.1300048828125,85.80859375,88.50244140625
2025-09-09,21.51586151123047,50.206809997558594,89.34168243408203,334.05999755859375,93.1620101928711,106.36884307861328,577.1261596679688,641.60986328125,85.3209228515625,88.30028533935547
2025-09-10,21.66097640991211,50.55009078979492,89.32234191894531,335.260009765625,93.41210174560547,106.6840591430664,577.3150024414062,643.4646606445312,85.80859375,88.15586853027344
2025-09-11,21.496511459350586,51.28568649291992,90.26990509033203,334.760009765625,93.556396484375,107.1807632446289,580.67529296875,648.81201171875,86.3823013305664,89.76360321044922
2025-09-12,21.62228012084961,51.25625991821289,89.91215515136719,335.4200134277344,93.28707122802734,106.98973083496094,583.2402954101562,648.5948486328125,86.0093765258789,89.34963989257812
2025-09-15,21.815767288208008,51.62895965576172,90.51163482666016,338.9100036621094,93.44097137451172,107.32403564453125,588.2310791015625,652.0479736328125,86.21018981933594,89.2052230834961
2025-09-16,22.038280487060547,52.011470794677734,90.26023864746094,339.5899963378906,93.49868774414062,107.22853088378906,587.7339477539062,651.1502075195312,86.39185333251953,88.7334976196289
2025-09-17,21.806095123291016,52.23705291748047,89.92182159423828,336.9700012207031,93.29666900634766,107.03748321533203,586.560791015625,650.3412475585938,86.17194366455078,88.61797332763672
2025-09-18,21.7093505859375,52.109554290771484,90.26990509033203,335.6199951171875,92.98886108398438,106.81780242919922,591.8499145507812,653.3798217773438,85.28268432617188,88.81051635742188
2025-09-19,21.53521156311035,51.99185562133789,89.92182159423828,339.17999267578125,92.95038604736328,106.73182678222656,595.8563232421875,656.6160278320312,85.1201400756836,88.2328872680664
2025-09-22,21.53521156311035,52.24686050415039,90.21189880371094,345.04998779296875,92.7964859008789,106.4930419921875,599.3837890625,659.7224731445312,84.81413269042969,88.25213623046875
2025-09-23,21.757720947265625,52.276283264160156,90.03785705566406,346.4599914550781,93.05621337890625,106.70317077636719,595.4025268554688,656.1312866210938,85.40699005126953,88.7334976196289
2025-09-24,21.9028377532959,52.0997428894043,89.51573181152344,343.32000732421875,92.80611419677734,106.27333068847656,593.3123779296875,654.043701171875,85.0818862915039,87.8607177734375
2025-09-25,22.057626724243164,51.79569625854492,88.8775634765625,344.75,92.60408782958984,106.08229064941406,590.7544555664062,651.0263061523438,85.0818862915039,87.59830474853516
2025-09-26,22.067302703857422,51.69761657714844,89.56407165527344,346.739990234375,92.55601501464844,106.22559356689453,593.182861328125,654.756103515625,85.00538635253906,88.46330261230469
2025-09-29,21.88348960876465,52.16839599609375,89.91215515136719,352.4599914550781,92.82533264160156,106.5790023803711,595.929931640625,656.5962524414062,85.70340728759766,88.49246978759766
2025-09-30,21.796419143676758,52.374366760253906,90.27957916259766,355.4700012207031,92.78685760498047,106.47392272949219,597.5623779296875,659.0695190429688,85.45479583740234,88.85206604003906
2025-10-01,21.757720947265625,52.78629684448242,91.02409362792969,356.0299987792969,93.0994873046875,106.90149688720703,600.4288330078125,661.3153686523438,85.67549133300781,88.9881362915039
2025-10-02,21.612606048583984,53.031494140625,91.16912841796875,354.7900085449219,93.19596862792969,107.07406616210938,602.897216796875,662.0770263671875,85.92496490478516,88.5216293334961
2025-10-03,21.680326461791992,53.18842315673828,91.93297576904297,357.6400146484375,93.01264190673828,106.93984985351562,600.3592529296875,662.0671997070312,85.76184844970703,88.85206604003906
2025-10-06,21.9028377532959,53.43362045288086,92.14569854736328,364.3800048828125,92.74248504638672,106.5947265625,604.8680419921875,664.4415283203125,85.0805892944336,88.01622009277344
2025-10-07,21.989906311035156,53.021690368652344,91.34317016601562,366.260009765625,92.97405242919922,106.7960433959961,601.6829833984375,661.9781494140625,85.5699462890625,87.69550323486328
2025-10-08,22.018930435180664,53.44343185424805,91.61389923095703,372.29998779296875,92.99334716796875,106.66181945800781,608.5805053710938,665.925537109375,85.6371078491211,87.23870086669922
2025-10-09,21.815767288208008,52.89418411254883,90.85972595214844,365.42999267578125,92.92579650878906,106.450927734375,607.8441162109375,663.996337890625,85.5699462890625,86.76246643066406
2025-10-10,21.351396560668945,50.942405700683594,89.18697357177734,369.1199951171875,93.50472259521484,106.74810791015625,586.7431640625,646.0499877929688,86.95164489746094,85.65448760986328
2025-10-13,21.62228012084961,52.423404693603516,89.9024887084961,378.0899963378906,93.55296325683594,107.1124038696289,599.1947021484375,655.9630126953125,86.90367126464844,86.19876098632812
2025-10-14,21.380420684814453,51.9526252746582,90.30859375,380.7900085449219,93.79418182373047,107.46711730957031,595.203369140625,655.1616821289062,87.18193817138672,87.08319854736328
2025-10-15,21.457815170288086,52.80591583251953,90.74369049072266,387.3900146484375,93.68804931640625,107.46711730957031,599.4036254882812,658.0703735351562,86.99002838134766,88.3466796875
2025-10-16,21.419116973876953,53.14918899536133,91.21746826171875,396.45001220703125,94.12223815917969,107.77388763427734,597.18408203125,653.5886840820312,87.64249420166016,88.0356674194336
2025-10-17,21.399770736694336,53.139381408691406,91.38184356689453,388.989990234375,93.96784973144531,107.56299591064453,601.1056518554688,657.2986450195312,87.50816345214844,88.60909271240234
2025-10-20,21.612606048583984,53.865169525146484,92.13602447509766,403.1499938964844,94.09329223632812,107.88893127441406,608.6800537109375,664.1348876953125,87.84400939941406,89.50325012207031
2025-10-21,21.390094757080078,53.26689147949219,91.45919799804688,377.239990234375,94.26696014404297,107.90811157226562,608.5208740234375,664.1248779296875,88.27578735351562,89.25055694580078
2025-10-22,21.728696823120117,53.21784591674805,91.3238296508789,377.2799987792969,94.2862777709961,108.01356506347656,602.6583862304688,660.6722412109375,88.33335876464844,89.62960052490234
2025-10-23,22.096324920654297,53.688629150390625,91.749267578125,378.7900085449219,93.9775161743164,107.87934875488281,607.724609375,664.5899658203125,87.72886657714844,89.57129669189453
2025-10-24,22.106000900268555,54.04171371459961,91.89430236816406,377.5199890136719,94.06433868408203,108.0615005493164,614.214111328125,670.0213623046875,87.76725006103516,89.83370971679688
2025-10-27,22.057626724243164,54.63999938964844,92.53245544433594,367.010009765625,94.06433868408203,108.24365234375,625.1527709960938,677.9260864257812,88.064697265625,90.0864028930664
2025-10-28,21.85446548461914,54.62038040161133,92.49378204345703,364.3800048828125,94.15118408203125,108.25321960449219,629.9601440429688,679.7266235351562,88.29497528076172,88.31752014160156
2025-10-29,21.970558166503906,54.934234619140625,91.97166442871094,363.0,93.5433120727539,107.63968658447266,632.7968139648438,680.0531005859375,87.40262603759766,86.04325103759766
2025-10-30,21.98023223876953,54.36537551879883,91.5655517578125,370.1300048828125,93.40823364257812,107.0644760131836,623.1221923828125,672.5737915039062,86.89408111572266,86.45145416259766
2025-10-31,22.13502311706543,54.23787307739258,91.36250305175781,368.1199951171875,93.44683074951172,106.6330795288086,626.1281127929688,674.780029296875,86.63501739501953,86.67499542236328
2025-11-03,22.299488067626953,54.581153869628906,91.40118408203125,368.7799987792969,93.40230560302734,106.34635162353516,629.1240844726562,676.04638671875,86.4183349609375,86.54864501953125
2025-11-04,22.144697189331055,53.58074188232422,90.46328735351562,362.32000732421875,93.5184555053711,106.49067687988281,616.35400390625,668.0328369140625,86.61093139648438,86.69442749023438
2025-11-05,22.076976776123047,54.06132888793945,91.0434341430664,366.510009765625,93.07322692871094,106.17317199707031,620.365234375,670.3478393554688,85.66719818115234,86.77217864990234
2025-11-06,22.106000900268555,53.659202575683594,90.84037780761719,366.07000732421875,93.5474853515625,106.73121643066406,608.8095092773438,663.1554565429688,86.43759155273438,86.35425567626953
2025-11-07,22.15437126159668,53.50227737426758,91.17880249023438,368.30999755859375,93.58621215820312,106.51953887939453,606.8884887695312,663.808349609375,86.25463104248047,87.69550323486328
2025-11-10,22.39623260498047,54.4438362121582,92.13602447509766,378.3800048828125,93.46037292480469,106.57725524902344,620.3154296875,674.1666870117188,86.23536682128906,87.64690399169922
2025-11-11,22.54134750366211,54.502685546875,92.81285858154297,379.8699951171875,93.7507553100586,107.00060272216797,618.6632690429688,675.7099609375,86.63019561767578,88.6285400390625
2025-11-12,22.289813995361328,54.51249313354492,93.3639907836914,385.989990234375,93.7701187133789,106.894775390625,618.175537109375,676.0859375,86.78426361083984,87.96763610839844
2025-11-13,22.173721313476562,53.87498092651367,92.36808013916016,382.8699951171875,93.49909210205078,106.36558532714844,605.5548095703125,664.866943359375,86.0716552734375,86.8888168334961
2025-11-14,22.222091674804688,53.90440368652344,92.10702514648438,375.9599914550781,93.34422302246094,106.07695007324219,606.0126953125,664.7581787109375,85.58055114746094,87.07347106933594
2025-11-17,22.193069458007812,53.26689147949219,90.90806579589844,371.6499938964844,93.4507064819336,106.14429473876953,600.8369750976562,658.56494140625,85.79239654541016,86.35425567626953
2025-11-18,22.376882553100586,53.002071380615234,89.72844696044922,374.3500061035156,93.6055679321289,106.1924057006836,593.5213012695312,653.03466796875,85.76351165771484,86.70415496826172
2025-11-19,22.15437126159668,52.81571960449219,89.45770263671875,374.9599914550781,93.53782653808594,106.2020263671875,597.0646362304688,655.5574951171875,85.59016418457031,86.02381134033203
2025-11-20,21.94153594970703,52.089935302734375,88.22007751464844,374.8500061035156,93.76042175292969,106.34635162353516,582.93115234375,645.5652465820312,85.92721557617188,85.6642074584961
2025-11-21,21.796419143676758,52.08012771606445,89.58341217041016,374.2699890136719,94.0701675415039,106.72158813476562,587.310546875,651.9959106445312,86.1872329711914,87.05403900146484
2025-11-24,21.9028377532959,52.629371643066406,89.6607666015625,380.20001220703125,94.21534729003906,107.1449203491211,602.3298950195312,661.5922241210938,86.6783447265625,87.28729248046875
2025-11-25,21.786745071411133,52.81571960449219,90.73401641845703,380.0799865722656,94.45732116699219,107.44319152832031,606.0425415039062,667.8151245117188,86.89983367919922,88.09397888183594
2025-11-26,22.018930435180664,53.19823455810547,91.72993469238281,383.1199951171875,94.53475189208984,107.80883026123047,611.3973999023438,672.4254760742188,87.28501892089844,88.48274993896484
2025-11-28,22.309162139892578,53.276695251464844,92.03934478759766,387.8800048828125,94.37022399902344,107.62601470947266,616.35400390625,676.0958251953125,86.87095642089844,88.7743148803711
2025-12-01,22.367210388183594,53.237464904785156,91.58489227294922,389.75,93.86347198486328,107.04947662353516,614.2837524414062,673.0091552734375,85.78951263427734,87.7538070678711
2025-12-02,22.270465850830078,53.257080078125,91.89430236816406,387.239990234375,93.94112396240234,107.11707305908203,619.0911865234375,674.2557373046875,85.82815551757812,87.44280242919922
2025-12-03,22.376882553100586,53.29631423950195,92.3874282836914,386.8800048828125,94.13529205322266,107.3584976196289,620.6041259765625,676.5905151367188,86.06977081298828,87.66634368896484
2025-12-04,22.4349308013916,53.28650665283203,92.6388168334961,387.1300048828125,93.84404754638672,107.16535949707031,620.0267944335938,677.0851440429688,85.60588836669922,87.45252227783203
2025-12-05,22.570371627807617,53.688629150390625,92.6388168334961,386.44000244140625,93.64989471435547,107.05912780761719,622.5548706054688,678.3712768554688,85.20966339111328,87.35533142089844
2025-12-08,22.289813995361328,53.57093048095703,92.34874725341797,385.4200134277344,93.45573425292969,106.83700561523438,621.360595703125,676.3333129882812,84.92938232421875,86.6847152709961
2025-12-09,22.24144172668457,53.482662200927734,92.22305297851562,387.3999938964844,93.31983184814453,106.7018051147461,622.1268920898438,675.7494506835938,85.01636505126953,86.35425567626953
2025-12-10,22.376882553100586,54.0809440612793,93.24796295166016,389.04998779296875,93.62076568603516,107.19432067871094,624.6749267578125,680.2312622070312,85.3449478149414,86.66526794433594
2025-12-11,22.357534408569336,53.8259391784668,93.7990951538086,393.239990234375,93.6304931640625,107.0398178100586,622.6544799804688,681.8141479492188,85.22898864746094,87.04431915283203
2025-12-12,22.173721313476562,53.19823455810547,93.30597686767578,395.44000244140625,93.37808227539062,106.39278411865234,610.7503662109375,674.4832153320312,84.40751647949219,86.93740844726562
2025-12-15,22.067302703857422,53.04130554199219,93.87644958496094,395.79998779296875,93.45573425292969,106.5183334350586,607.6846923828125,673.4641723632812,84.46551513671875,87.20954895019531
2025-12-16,21.844791412353516,52.70604705810547,93.44133758544922,395.8900146484375,93.71785736083984,106.75975036621094,608.88916015625,671.6240844726562,84.92938232421875,86.56808471679688
2025-12-17,22.106000900268555,52.32801055908203,92.68333435058594,399.2900085449219,93.69843292236328,106.64388275146484,597.6021118164062,664.2338256835938,84.85209655761719,86.8888168334961
2025-12-18,21.951210021972656,52.92491149902344,93.3428955078125,398.57000732421875,93.94112396240234,107.04947662353516,606.2614135742188,669.2496337890625,85.25797271728516,86.43201446533203
2025-12-19,22.106000900268555,53.442222595214844,93.9729232788086,399.0199890136719,93.72978210449219,106.77411651611328,614.164306640625,675.3153686523438,84.93976593017578,86.1015625
2025-12-22,22.389999389648438,53.73072052001953,94.20918273925781,408.2300109863281,93.63240051269531,106.7547378540039,617.1083374023438,679.5225219726562,84.75540924072266,86.54389953613281
2025-12-23,22.639999389648438,54.029170989990234,94.79000091552734,413.6400146484375,93.59344482421875,106.86138153076172,619.9984130859375,682.628173828125,84.89125061035156,86.48505401611328
2025-12-24,22.6299991607666,54.13859939575195,94.90813446044922,411.92999267578125,93.8369140625,107.27828216552734,621.812255859375,685.0294799804688,85.40544128417969,87.05390930175781
2025-12-26,22.700000762939453,54.51663589477539,95.06563568115234,416.739990234375,93.92456817626953,107.26858520507812,621.7724609375,684.9600219726562,85.12409210205078,87.1519775390625
2025-12-29,22.489999771118164,54.37736129760742,94.7801513671875,398.6000061035156,94.0609130859375,107.41402435302734,618.7626342773438,682.51904296875,85.44425964355469,87.32852172851562
2025-12-30,22.639999389648438,54.596221923828125,94.93766021728516,398.8900146484375,93.96353149414062,107.28797149658203,617.3275756835938,681.6856079101562,85.24050903320312,87.50506591796875
2025-12-31,22.360000610351562,54.427101135253906,94.53404235839844,396.30999755859375,93.6518783569336,106.83230590820312,612.2249145507812,676.635009765625,84.56138610839844,86.78909301757812
2026-01-02,22.389999389648438,55.94919204711914,95.52831268310547,398.2799987792969,93.57396697998047,106.80322265625,611.0389404296875,677.8753051757812,84.43525695800781,86.81851196289062
2026-01-05,22.809999465942383,56.565982818603516,96.62102508544922,408.760009765625,93.85639953613281,107.10376739501953,615.8923950195312,682.3900146484375,84.8524398803711,87.0146713256836
2026-01-06,22.799999237060547,56.98381042480469,96.76869201660156,413.17999267578125,93.7882308959961,107.10376739501953,621.303955078125,686.4483642578125,84.67780303955078,87.65218353271484
2026-01-07,22.59000015258789,56.556034088134766,96.40444946289062,409.2300109863281,93.96353149414062,107.18132019042969,621.9020385742188,684.2356567382812,85.172607421875,86.79889678955078
2026-01-08,22.8799991607666,56.575931549072266,96.41429901123047,411.489990234375,93.68108367919922,106.88078308105469,618.3639526367188,684.1661987304688,84.74571990966797,87.57372283935547
2026-01-09,22.899999618530273,56.84453582763672,97.27073669433594,414.4700012207031,93.7882308959961,107.26858520507812,624.5230712890625,688.6908569335938,85.30842590332031,87.75025177001953
2026-01-12,23.190000534057617,57.64039611816406,97.86139678955078,422.2300109863281,93.67135620117188,107.1425552368164,625.041259765625,689.7723999023438,85.05618286132812,87.8679428100586
2026-01-13,23.3700008392334,57.21261978149414,97.3002700805664,421.6300048828125,93.7882308959961,107.37523651123047,624.1144409179688,688.3931884765625,85.20169830322266,88.35832977294922
2026-01-14,23.389999389648438,57.45138168334961,97.75311279296875,425.94000244140625,93.98300170898438,107.6467056274414,617.4471435546875,685.0096435546875,85.69650268554688,89.12334442138672
2026-01-15,23.200000762939453,57.78962326049805,97.71372985839844,423.3299865722656,93.7882308959961,107.51097106933594,619.6696166992188,686.8750610351562,85.67708587646484,89.74124145507812
2026-01-16,23.15999984741211,57.57075881958008,97.97952270507812,421.2900085449219,93.42787170410156,107.20073699951172,619.1513671875,686.2994995117188,85.18230438232422,90.83970642089844
2026-01-20,23.479999542236328,57.01365661621094,96.4930419921875,437.2300109863281,93.05777740478516,106.55113983154297,605.9961547851562,672.32861328125,84.06658935546875,89.15277099609375
2026-01-21,23.75,57.958744049072266,97.48731231689453,443.6000061035156,93.30127716064453,107.1910171508789,614.1882934570312,680.0880737304688,84.70691680908203,89.50585174560547
2026-01-22,23.739999771118164,58.39646911621094,97.8712387084961,451.7900085449219,93.2915267944336,107.39461517333984,618.6530151367188,683.6403198242188,85.0755844116211,88.6231460571289
2026-01-23,24.18000030517578,58.764556884765625,98.41267395019531,458.0,93.44734954833984,107.46249389648438,620.6063842773438,683.8883056640625,85.30842590332031,88.79969024658203
2026-01-26,24.290000915527344,58.864036560058594,98.9048843383789,464.70001220703125,93.58368682861328,107.54975891113281,623.3370971679688,687.3612060546875,85.71591186523438,88.68199920654297
2026-01-27,24.6200008392334,60.02798843383789,100.49964141845703,476.1000061035156,93.4765625,107.43340301513672,628.9878540039062,690.0997924804688,85.18230438232422,88.65257263183594
2026-01-28,24.940000534057617,60.43586730957031,99.43647003173828,494.55999755859375,93.3986587524414,107.27828216552734,631.0706787109375,690.0303344726562,84.98827362060547,87.74044799804688
2026-01-29,25.299999237060547,60.127471923828125,100.10588073730469,495.8999938964844,93.49604797363281,107.307373046875,627.2936401367188,688.6610717773438,85.00767517089844,88.96641540527344
2026-01-30,24.43000030517578,58.79439926147461,99.17066955566406,444.95001220703125,93.4375991821289,107.20073699951172,619.7592163085938,686.6071166992188,84.53227996826172,89.05469512939453
2026-02-02,23.540000915527344,58.97346878051758,99.82039642333984,427.1300048828125,93.25391387939453,107.10145568847656,624.0147705078125,690.0205078125,84.29075622558594,88.13275909423828
2026-02-03,24.149999618530273,59.291812896728516,99.86961364746094,454.2900085449219,93.34185791015625,107.15011596679688,614.4274291992188,684.18603515625,84.49527740478516,87.93660736083984
2026-02-04,24.190000534057617,58.49595260620117,100.19447326660156,453.9700012207031,93.32230377197266,107.01387786865234,603.6939697265625,680.8719482421875,84.28101348876953,89.2018051147461
2026-02-05,23.760000228881836,58.22734832763672,98.7670669555664,441.8800048828125,93.86949920654297,107.52962493896484,595.0036010742188,672.3683471679688,85.19647979736328,89.07430267333984
2026-02-06,24.010000228881836,59.75938415527344,101.01154327392578,455.4599914550781,93.86949920654297,107.5880126953125,607.5807495117188,685.267578125,85.25492095947266,90.47682189941406
2026-02-09,24.25,60.19710922241211,102.37004089355469,467.0299987792969,93.8890151977539,107.5880126953125,612.2349243164062,688.5718383789062,85.23542785644531,90.85932159423828
2026-02-10,24.139999389648438,60.286643981933594,102.61614990234375,462.3999938964844,94.29942321777344,107.84103393554688,609.3945922851562,686.7559204101562,86.21905517578125,92.07548522949219
2026-02-11,24.3700008392334,61.24168014526367,103.30525207519531,467.6300048828125,94.03559112548828,107.72425842285156,611.0289916992188,686.5972290039062,85.76134490966797,91.56548309326172
2026-02-12,23.799999237060547,60.5452995300293,102.52755737304688,451.3900146484375,94.61207580566406,108.23027801513672,598.601318359375,675.9901123046875,86.90079498291016,91.45760345458984
2026-02-13,23.8799991607666,60.803955078125,102.61614990234375,462.6199951171875,94.9833755493164,108.59031677246094,599.876953125,676.46630859375,87.37800598144531,92.77183532714844
2026-02-17,23.59000015258789,60.55524826049805,102.59646606445312,448.20001220703125,94.97359466552734,108.69738006591797,599.259033203125,677.5578002929688,87.52409362792969,93.654541015625
2026-02-18,24.209999084472656,60.873592376708984,102.71459197998047,458.2799987792969,94.77818298339844,108.59031677246094,603.7338256835938,680.9711303710938,87.19296264648438,92.55607604980469
2026-02-19,24.43000030517578,60.724369049072266,102.42911529541016,459.55999755859375,94.86611938476562,108.67790985107422,601.4216918945312,679.1751098632812,87.2806167602539,92.35990905761719
2026-02-20,24.600000381469727,62.01764678955078,103.265869140625,468.6199951171875,94.86611938476562,108.59031677246094,606.74365234375,684.0868530273438,87.07609558105469,93.05626678466797
2026-02-23,24.75,61.331214904785156,102.84256744384766,481.2799987792969,95.2081069946289,108.70709991455078,599.36865234375,677.1013793945312,87.3974838256836,93.06607818603516
2026-02-24,24.719999313354492,62.296199798583984,103.02960968017578,474.6099853515625,95.18856811523438,108.67790985107422,605.8067626953125,682.0228881835938,87.55330657958984,93.30146026611328
2026-02-25,24.75,62.98263168334961,104.0140380859375,473.4200134277344,95.11039733886719,108.64871978759766,614.5868530273438,687.7780151367188,87.56304931640625,93.04646301269531
2026-02-26,24.760000228881836,62.38573455810547,103.92543029785156,477.4800109863281,95.36444091796875,108.71684265136719,607.1721801757812,683.957763671875,87.91365051269531,93.6839599609375
2026-02-27,25.100000381469727,62.25640869140625,103.73838806152344,483.75,95.7455062866211,108.67790985107422,605.228759765625,680.6734619140625,88.44930267333984,93.8507080078125
2026-03-02,25.809999465942383,61.18199157714844,101.6907958984375,490.0,95.17029571533203,108.30978393554688,606.0260009765625,681.0604858398438,87.56107330322266,94.08609008789062
2026-03-03,25.90999984741211,58.117916107177734,98.53079986572266,468.1400146484375,95.06250762939453,108.2609634399414,599.5381469726562,675.057373046875,87.38520050048828,93.58589172363281
2026-03-04,26.139999389648438,58.744659423828125,99.80070495605469,471.79998779296875,94.86651611328125,108.35860443115234,608.6770629882812,679.8201293945312,87.1115951538086,93.70358276367188
2026-03-05,26.520000457763672,57.33200454711914,97.61529541015625,466.1300048828125,94.57254791259766,107.928955078125,606.84326171875,676.02978515625,86.75982666015625,92.76203918457031
2026-03-06,27.510000228881836,57.02360534667969,96.74899291992188,473.510009765625,94.51373291015625,107.56768035888672,597.7142944335938,667.1689453125,86.43736267089844,91.7518310546875
2026-03-09,27.139999389648438,58.147762298583984,97.44793701171875,472.5299987792969,94.8077163696289,108.2121353149414,605.6971435546875,673.0133666992188,87.18977355957031,91.95780181884766
2026-03-10,27.600000381469727,58.37657165527344,97.67435455322266,477.8599853515625,94.50395202636719,107.47002410888672,605.7071533203125,671.9317626953125,86.26148223876953,91.82048797607422
2026-03-11,28.1299991607666,58.52579879760742,97.4676284790039,476.239990234375,94.0727767944336,106.59120178222656,605.62744140625,671.08837890625,85.14755249023438,90.86913299560547
2026-03-12,28.860000610351562,56.655517578125,95.9417724609375,466.8800048828125,93.76900482177734,106.01509094238281,595.2328491210938,660.89794921875,84.9814453125,90.24143981933594
2026-03-13,28.709999084472656,56.50629425048828,94.79984283447266,460.8399963378906,93.6709976196289,105.6244888305664,591.7047729492188,657.1571655273438,84.56127166748047,90.38855743408203
2026-03-16,28.309999465942383,58.078125,96.5718002319336,460.42999267578125,94.09236907958984,106.13225555419922,598.3422241210938,663.844970703125,85.21595764160156,91.14374542236328
2026-03-17,28.760000228881836,58.44620895385742,96.83760070800781,459.2699890136719,94.25896453857422,106.72791290283203,601.2622680664062,665.5912475585938,85.45046997070312,91.54586791992188
2026-03-18,29.270000457763672,57.262367248535156,95.18376922607422,444.739990234375,93.82779693603516,106.15179443359375,592.8807983398438,656.3037719726562,84.97167205810547,90.19239044189453
2026-03-19,28.84000015258789,57.322052001953125,95.01641082763672,426.4100036621094,93.81798553466797,106.62049102783203,591.0072021484375,654.6864624023438,85.48954772949219,89.82950592041016
2026-03-20,28.940000534057617,55.352291107177734,92.1320571899414,413.3800048828125,92.97525787353516,105.31202697753906,580.0844116210938,645.301025390625,83.86750793457031,87.04409790039062
2026-03-23,27.75,57.01365661621094,94.34700012207031,404.0400085449219,93.26923370361328,106.00531005859375,586.7431640625,652.07666015625,84.4146957397461,87.72083282470703
2026-03-24,28.239999771118164,56.22774124145508,93.78588104248047,404.1300048828125,92.95565795898438,105.79048919677734,582.731689453125,649.8877563476562,84.04338836669922,87.14193725585938
2026-03-25,28.170000076293945,57.123085021972656,95.15423583984375,416.2900085449219,93.44562530517578,106.17131805419922,586.5635375976562,653.5093994140625,84.85440826416016,87.07254028320312
2026-03-26,28.440000534057617,55.18317413330078,93.18539428710938,400.6400146484375,92.69107818603516,105.34132385253906,572.5634765625,641.8385620117188,84.14109802246094,86.95359802246094
2026-03-27,29.100000381469727,54.91456985473633,92.33879089355469,414.70001220703125,92.70087432861328,105.08744812011719,561.37744140625,630.8939819335938,83.68184661865234,86.23988342285156
2026-03-30,29.260000228881836,54.466896057128906,92.60457611083984,414.5799865722656,93.35742950439453,105.7612075805664,557.0867309570312,628.78466796875,84.79578399658203,86.56700134277344
2026-03-31,28.950000762939453,56.49634552001953,95.61690521240234,430.2900085449219,93.52400970458984,106.4251937866211,575.9462280273438,647.0620727539062,84.70783996582031,87.9250259399414
2026-04-01,28.68000030517578,56.9340705871582,97.07386016845703,437.82000732421875,93.4424057006836,106.5389404296875,583.06103515625,651.9373779296875,84.62445831298828,88.24223327636719
2026-04-02,29.329999923706055,56.29737854003906,96.47335815429688,429.4100036621094,93.65870666503906,106.98995208740234,583.7295532226562,652.5244140625,85.1444091796875,89.44166564941406
2026-04-06,29.479999542236328,56.814693450927734,96.95572662353516,427.6499938964844,93.41291046142578,106.8232650756836,587.2420654296875,655.6088256835938,85.0070571899414,89.57052612304688
2026-04-07,29.3700008392334,57.01365661621094,96.81790161132812,431.80999755859375,93.64888000488281,106.94093322753906,587.3319091796875,655.8972778320312,84.99723815917969,89.69938659667969
2026-04-08,28.559999465942383,60.127471923828125,100.59809112548828,434.5299987792969,93.85536193847656,107.35272216796875,604.7944946289062,672.6027221679688,85.27194213867188,91.31515502929688
2026-04-09,28.709999084472656,59.968299865722656,100.36182403564453,437.9100036621094,93.82586669921875,107.35272216796875,608.8856811523438,676.4829711914062,85.05610656738281,91.9693832397461
2026-04-10,28.5,60.24685287475586,100.58824157714844,437.1300048828125,93.66854858398438,107.06838989257812,609.7637939453125,676.0353393554688,84.85009765625,92.16764068603516
2026-04-13,28.959999084472656,60.754215240478516,101.20842742919922,435.3599853515625,93.8750228881836,107.48019409179688,616.0703735351562,682.641845703125,85.10516357421875,92.51457977294922
2026-04-14,28.84000015258789,61.91816711425781,102.02549743652344,445.0899963378906,94.17981719970703,107.83316802978516,627.2562866210938,690.959716796875,85.55644226074219,93.39680480957031
2026-04-15,28.889999389648438,61.87837219238281,101.70063781738281,440.4599914550781,93.97334289550781,107.7939453125,636.0375366210938,696.412109375,85.18365478515625,93.46619415283203
2026-04-16,29.110000610351562,62.127079010009766,101.40531158447266,440.0799865722656,93.80619049072266,107.29389953613281,639.1009521484375,698.1234130859375,84.64407348632812,94.3285903930664
2026-04-17,28.290000915527344,63.3109245300293,102.69490814208984,445.92999267578125,94.31745147705078,107.89199829101562,647.4630126953125,706.5607299804688,85.4190902709961,95.83531188964844
2026-04-20,28.670000076293945,62.85330581665039,102.29129791259766,442.0899963378906,94.22895812988281,107.88218688964844,645.4074096679688,705.1477661132812,85.39948272705078,96.1822509765625
2026-04-21,29.209999084472656,61.9281120300293,100.04680633544922,429.57000732421875,93.81603240966797,107.47039031982422,642.9527587890625,700.53125,84.92857360839844,94.47727966308594
2026-04-22,29.510000228881836,63.052268981933594,100.38151550292969,435.260009765625,93.91434478759766,107.67628479003906,653.7096557617188,707.6253051757812,85.09534454345703,93.69417572021484
2026-04-23,29.889999389648438,62.02759552001953,99.66288757324219,431.0400085449219,93.76686096191406,107.38214111328125,650.0275268554688,704.8792114257812,84.9089584350586,94.65570831298828
2026-04-24,29.860000610351562,63.41040802001953,100.18462371826172,433.25,93.95366668701172,107.46058654785156,662.4609375,710.341552734375,85.06592559814453,94.46736907958984
2026-04-27,30.09000015258789,63.3109245300293,99.80070495605469,429.8900146484375,93.73735809326172,107.1566390991211,662.8101806640625,711.5653076171875,84.64407348632812,93.95191192626953
2026-04-28,30.34000015258789,62.66428756713867,99.38724517822266,421.9100036621094,93.64888000488281,107.20565032958984,656.1444702148438,708.1028442382812,84.73237609863281,94.8143081665039
2026-04-29,31.079999923706055,62.36583709716797,98.373291015625,417.4100036621094,93.20645141601562,106.6075668334961,660.1558837890625,707.993408203125,84.07506561279297,94.07086181640625
2026-04-30,31.100000381469727,63.65911865234375,100.72605895996094,423.6600036621094,93.3834228515625,106.7252197265625,666.3126831054688,715.0377197265625,83.99658966064453,95.48837280273438
2026-05-01,30.809999465942383,63.79838943481445,100.50949096679688,423.17999267578125,93.45445251464844,106.8974838256836,672.7090454101562,717.0177001953125,84.29690551757812,95.2207260131836
2026-05-04,31.329999923706055,63.7685432434082,99.13129425048828,414.7099914550781,93.10919189453125,106.55296325683594,671.4417114257812,714.3909912109375,83.65687561035156,94.62596893310547
2026-05-05,31.200000762939453,65.06182861328125,100.45042419433594,418.2699890136719,93.24729919433594,106.94670104980469,680.1530151367188,720.1220092773438,84.11966705322266,94.92334747314453
2026-05-06,30.209999084472656,67.1410140991211,103.1772689819336,430.9599914550781,93.7109146118164,107.47823333740234,694.2827758789062,730.1312866210938,84.75970458984375,96.2417221069336
2026-05-07,30.25,66.24566650390625,101.28718566894531,431.67999267578125,93.42485809326172,107.03528594970703,693.4545288085938,727.8926391601562,84.33629608154297,95.54784393310547
2026-05-08,30.299999237060547,67.58869171142578,102.34051513671875,433.7699890136719,93.67147064208984,107.48807525634766,709.709716796875,733.9021606445312,84.75970458984375,95.77583312988281
2026-05-11,31.059999465942383,67.53894805908203,102.12393951416016,434.6499938964844,93.35580444335938,107.2223129272461,711.7653198242188,735.5736694335938,84.24767303466797,95.84522247314453
2026-05-12,31.690000534057617,65.47965240478516,101.53328704833984,432.92999267578125,93.04015350341797,106.85810089111328,705.7282104492188,734.4593505859375,83.68641662597656,95.84522247314453
2026-05-13,31.3700008392334,66.86246490478516,102.21253967285156,430.5,93.04015350341797,106.91716766357422,713.1823120117188,738.5685424804688,83.49933624267578,95.05220794677734
2026-05-14,31.149999618530273,67.03158569335938,101.84830474853516,427.2099914550781,92.98096466064453,106.84827423095703,718.2514038085938,744.3989868164062,83.61749267578125,94.48719024658203
2026-05-15,31.190000534057617,64.73352813720703,100.13540649414062,417.2900085449219,92.24114227294922,106.16908264160156,707.4146118164062,735.4443969726562,82.3768310546875,93.08951568603516
2026-05-18,31.3799991607666,64.63404846191406,101.0607681274414,418.42999267578125,92.20167541503906,105.97222137451172,704.3711547851562,734.927001953125,82.27835083007812,94.17990112304688
2026-05-19,31.610000610351562,63.9277229309082,100.33229064941406,411.5,91.8465576171875,105.44068145751953,700.030517578125,730.0317993164062,81.74663543701172,94.44754028320312
2026-05-20,30.8799991607666,65.12151336669922,102.00581359863281,417.3999938964844,92.468017578125,106.25767517089844,711.6256103515625,737.5138549804688,82.62298583984375,95.64696502685547
2026-05-21,30.700000762939453,65.68856811523438,102.56693267822266,416.989990234375,92.52720642089844,106.47422790527344,712.9827270507812,738.9764404296875,82.92823028564453,95.82539367675781
2026-05-22,30.540000915527344,65.53933715820312,102.3602066040039,413.82000732421875,92.60611724853516,106.67108917236328,716.0062255859375,741.8817749023438,83.38117218017578,95.92452239990234
2026-05-26,30.030000686645508,68.04631042480469,103.4922866821289,414.0,93.00069427490234,107.07465362548828,728.718994140625,746.8068237304688,83.79472351074219,96.37059020996094
2026-05-27,29.489999771118164,68.03636169433594,103.13789367675781,408.489990234375,93.04015350341797,107.2223129272461,727.8907470703125,746.677490234375,83.99166107177734,96.07321166992188
2026-05-28,29.719999313354492,68.2552261352539,103.05914306640625,412.7699890136719,93.25715637207031,107.54712677001953,734.0276489257812,750.7965698242188,84.42491149902344,95.70645141601562
2026-05-29,29.479999542236328,68.24527740478516,103.16743469238281,417.1199951171875,93.36566925048828,107.64556884765625,736.7318115234375,752.6671142578125,84.44461059570312,94.8638687133789
2026-06-01,29.989999771118164,69.7176284790039,102.81304168701172,411.260009765625,93.20433807373047,107.62876892089844,741.15234375,754.7167358398438,84.49008178710938,93.26793670654297
2026-06-02,30.1200008392334,70.43390655517578,103.38399505615234,411.95001220703125,93.27362060546875,107.61888122558594,744.5650024414062,755.7415771484375,84.66801452636719,93.69417572021484
2026-06-03,30.290000915527344,69.5584487915039,102.4980239868164,407.8699951171875,93.03608703613281,107.32247161865234,742.6192626953125,750.4384155273438,84.3319091796875,93.58514404296875
2026-06-04,29.8799991607666,68.74269104003906,103.3150863647461,411.2699890136719,93.15485382080078,107.54972076416016,739.0269165039062,753.2740478515625,84.51973724365234,95.2603759765625
2026-06-05,29.229999542236328,64.25601196289062,100.66699981689453,396.239990234375,92.65998077392578,106.87784576416016,703.5528564453125,733.83251953125,84.08477783203125,95.94435119628906
2026-06-08,29.469999313354492,65.4100112915039,101.27733612060547,397.2699890136719,92.56100463867188,106.76914978027344,714.5394287109375,735.4940795898438,83.64983367919922,94.63587951660156
2026-06-09,29.06999969482422,65.47965240478516,101.29702758789062,390.7799987792969,92.8183364868164,107.11497497558594,706.3170166015625,733.3350219726562,84.14409637451172,96.81665802001953
2026-06-10,29.170000076293945,64.32565307617188,99.98774719238281,374.5799865722656,92.72926330566406,106.86797332763672,692.2072143554688,721.7736206054688,83.9068374633789,96.82657623291016
2026-06-11,28.850000381469727,67.15096282958984,103.09852600097656,386.32000732421875,93.37259674072266,107.7769775390625,715.587158203125,734.04150390625,84.99423217773438,96.75718688964844
2026-06-12,28.549999237060547,67.52899932861328,103.38399505615234,386.5400085449219,93.2142333984375,107.70780944824219,719.7981567382812,738.0113525390625,84.78663635253906,97.64932250976562
2026-06-15,28.219999313354492,69.75,104.08000183105469,396.54998779296875,93.31321716308594,107.68804931640625,742.40966796875,751.0254516601562,84.73721313476562,96.96534729003906
2026-06-16,27.899999618530273,68.63999938964844,104.30999755859375,397.6300048828125,93.55074310302734,107.81649780273438,728.2998657226562,746.5481567382812,85.20182800292969,97.2032470703125
2026-06-17,27.709999084472656,68.55999755859375,103.77999877929688,388.6000061035156,93.05587005615234,107.47067260742188,720.9656372070312,737.225341796875,85.34022521972656,94.774658203125
2026-06-18,27.6299991607666,70.79000091552734,104.41000366210938,387.1199951171875,93.39238739013672,107.76708984375,739.0369262695312,744.8902587890625,85.75540924072266,94.72509002685547
2026-06-22,27.40999984741211,71.20999908447266,104.58000183105469,384.5899963378906,93.03608703613281,107.48055267333984,737.1818237304688,742.546142578125,85.10297393798828,95.74609375
2026-06-23,27.1200008392334,67.16999816894531,102.45999908447266,377.32000732421875,93.15485382080078,107.6090087890625,712.9071655273438,731.7628784179688,85.21170806884766,97.00499725341797
2026-06-24,26.450000762939453,67.25,102.26000213623047,365.9200134277344,93.75859832763672,108.10302734375,709.8803100585938,731.4237060546875,86.37818908691406,97.01000213623047
2026-06-25,26.93000030517578,67.95999908447266,103.1500015258789,369.4599914550781,93.81797790527344,108.19195556640625,715.63427734375,732.4810791015625,86.34852600097656,97.19000244140625
2026-06-26,26.56999969482422,67.19000244140625,102.54000091552734,373.6300048828125,94.0555191040039,108.19195556640625,705.7846069335938,727.1842651367188,86.35841369628906,98.66999816894531
2026-06-29,26.559999465942383,67.43000030517578,103.44999694824219,368.5799865722656,94.08521270751953,108.38957214355469,723.3262939453125,739.1644897460938,86.44738006591797,98.1500015258789
2026-06-30,26.65999984741211,68.41000366210938,103.87999725341797,368.3800048828125,93.6002426147461,107.76708984375,735.6334838867188,744.9202270507812,85.42919158935547,96.43000030517578
2026-07-01,26.450000762939453,66.4800033569336,103.0199966430664,370.6000061035156,93.37284088134766,107.54102325439453,724.4151000976562,743.9127197265625,84.85173034667969,96.81999969482422
2026-07-02,26.56999969482422,65.69999694824219,104.37000274658203,378.1300048828125,93.46221160888672,107.71949768066406,711.8582153320312,742.9351806640625,84.84181213378906,98.0199966430664
2026-07-06,27.0,67.56999969482422,105.45999908447266,382.1300048828125,93.52178955078125,107.74923706054688,722.067626953125,749.4190673828125,84.78227996826172,97.23999786376953
2026-07-07,27.350000381469727,65.72000122070312,104.16000366210938,377.489990234375,93.0451431274414,106.96593475341797,708.6915283203125,745.85791015625,83.88932037353516,98.4000015258789
2026-07-08,27.799999237060547,66.2300033569336,103.36000061035156,374.45001220703125,92.85647583007812,106.7577133178711,710.699462890625,743.5536499023438,83.7008056640625,96.80000305175781
2026-07-09,27.579999923706055,66.77999877929688,103.91999816894531,378.17999267578125,93.05506896972656,106.79737854003906,722.5271606445312,749.8480224609375,83.82978820800781,97.08999633789062
2026-07-10,27.520000457763672,66.9000015258789,104.33000183105469,377.010009765625,92.97563171386719,106.54949188232422,724.7548217773438,753.0799560546875,83.80994415283203,97.31999969482422
2026-07-13,28.329999923706055,64.5,103.23999786376953,367.1300048828125,92.63801574707031,106.0537338256836,710.9990844726562,747.3142700195312,83.31385040283203,97.83000183105469
2026-07-14,28.6299991607666,65.66999816894531,103.95999908447266,372.1499938964844,92.89619445800781,106.3016128540039,718.9408569335938,749.9677124023438,83.4229965209961,97.56999969482422
2026-07-15,28.790000915527344,65.56999969482422,104.6500015258789,372.3500061035156,93.12458038330078,106.6684799194336,716.9928588867188,752.9403076171875,83.58174133300781,97.86000061035156
2026-07-16,28.459999084472656,64.19000244140625,103.80999755859375,364.9599914550781,93.06501007080078,106.58914947509766,705.2051391601562,748.8604125976562,83.55197143554688,100.06999969482422
2026-07-17,28.979999542236328,63.290000915527344,103.33000183105469,368.4100036621094,93.18415832519531,106.64865112304688,694.606201171875,741.4487915039062,83.85955047607422,100.0199966430664
2026-07-20,29.139999389648438,63.560001373291016,102.56999969482422,367.6000061035156,92.88626861572266,106.24211883544922,695.33544921875,740.2518310546875,83.2344741821289,99.4800033569336
2026-07-21,29.56999969482422,65.33999633789062,104.05999755859375,374.80999755859375,92.65786743164062,105.94466400146484,708.2319946289062,746.426513671875,83.00627899169922,99.5199966430664
2026-07-22,29.860000610351562,64.98999786376953,104.25,379.1199951171875,92.44933319091797,105.76618194580078,704.61572265625,745.55859375,82.78799438476562,99.0199966430664
2026-07-23,30.309999465942383,64.5999984741211,102.9000015258789,371.5199890136719,92.20108032226562,105.35966491699219,691.23974609375,736.3515014648438,82.52009582519531,98.69000244140625
2026-07-24,30.100000381469727,63.33000183105469,103.41000366210938,371.8999938964844,92.37982177734375,105.32991790771484,683.5177612304688,737.099609375,82.59947204589844,100.80999755859375
2026-07-27,29.010000228881836,63.619998931884766,103.91000366210938,374.6300048828125,92.6280746459961,105.60755157470703,681.4099731445312,737.25927734375,83.09556579589844,100.54000091552734
2026-07-28,28.600000381469727,62.36000061035156,103.88999938964844,369.3699951171875,92.90612030029297,105.92483520507812,674.786865234375,739.0248413085938,83.58174133300781,100.94999694824219
2026-07-29,29.420000076293945,61.06999969482422,103.37000274658203,371.0799865722656,92.51885223388672,105.32000732421875,661.0411376953125,727.6531372070312,82.20259857177734,100.66000366210938
2026-07-30,29.31999969482422,63.59000015258789,106.23999786376953,377.1600036621094,92.5585708618164,105.50839233398438,682.8384399414062,739.852783203125,82.15299224853516,99.48999786376953
2026-07-31,29.450000762939453,64.08999633789062,105.58000183105469,371.5400085449219,92.30038452148438,105.34974670410156,687.2738647460938,745.1796264648438,81.60728454589844,98.94999694824219
2026-08-03,28.8799991607666,64.31999969482422,106.0199966430664,371.7099914550781,92.48770904541016,105.66641998291016,699.34130859375,755.793212890625,81.87625885009766,99.06999969482422
2026-08-04,28.309999465942383,66.0,107.31999969482422,374.1600036621094,92.91617584228516,106.31370544433594,723.0964965820312,769.4193725585938,82.50385284423828,98.91999816894531
2026-08-05,28.479999542236328,65.72000122070312,107.43000030517578,389.6400146484375,92.9759521484375,106.29378509521484,716.5533447265625,767.8831787109375,82.68316650390625,98.91999816894531
2026-08-06,28.860000610351562,65.0199966430664,107.36000061035156,389.6700134277344,92.61724090576172,105.91537475585938,713.9061279296875,766.65625,82.20499420166016,98.04000091552734
2026-08-07,28.90999984741211,65.63999938964844,108.55000305175781,398.4700012207031,92.83645629882812,106.10458374023438,722.2774047851562,771.3446044921875,82.44408416748047,98.43000030517578
2026-08-10,29.93000030517578,65.16999816894531,108.01000213623047,402.5400085449219,92.42793273925781,105.51704406738281,720.11962890625,771.1151733398438,81.74674987792969,97.11000061035156
2026-08-11,29.969999313354492,65.43000030517578,108.08999633789062,400.9599914550781,92.53753662109375,105.54692077636719,717.7021484375,768.6513061523438,81.87625885009766,96.37999725341797
2026-08-12,30.110000610351562,66.45999908447266,108.5,404.9200134277344,92.62721252441406,105.67638397216797,722.9467163085938,770.5764770507812,81.79656219482422,97.30999755859375
2026-08-13,29.780000686645508,66.68000030517578,108.69000244140625,398.9599914550781,92.96599578857422,106.10458374023438,731.3079833984375,775.9531860351562,82.27472686767578,98.58000183105469
2026-08-14,30.0,66.61000061035156,108.63999938964844,401.4800109863281,92.70692443847656,105.67638397216797,730.3090209960938,774.4169921875,81.7268295288086,98.83000183105469
2026-08-17,30.559999465942383,67.31999969482422,108.44999694824219,405.489990234375,92.50763702392578,105.25813293457031,729.1102294921875,770.7560424804688,81.03946685791016,97.9800033569336
2026-08-18,30.479999542236328,65.33999633789062,107.2699966430664,398.54998779296875,92.59732055664062,105.39754486083984,716.7631225585938,765.5490112304688,81.3482894897461,97.62000274658203
2026-08-19,30.760000228881836,66.11000061035156,107.66000366210938,413.8399963378906,93.04570770263672,106.12449645996094,715.3345947265625,767.1549682617188,82.70308685302734,98.61000061035156
2026-08-20,31.110000610351562,66.62000274658203,107.3499984741211,415.260009765625,92.66706848144531,105.61663055419922,710.18994140625,760.7109985351562,82.02568054199219,98.5999984741211
2026-08-21,31.260000228881836,67.12000274658203,108.23999786376953,423.3599853515625,92.48770904541016,105.47721099853516,712.6973876953125,763.8232421875,81.7367935180664,98.5
2026-08-24,30.940000534057617,66.11000061035156,108.02999877929688,426.69000244140625,92.67703247070312,105.73612976074219,705.5847778320312,761.5787963867188,82.24484252929688,99.0999984741211
2026-08-25,30.43000030517578,67.25,108.80999755859375,428.07000732421875,93.17524719238281,106.41328430175781,709.9801635742188,764.0127563476562,83.15137481689453,99.25
2026-08-26,30.5,67.16999816894531,108.2699966430664,421.32000732421875,92.98592376708984,106.3336181640625,710.6295166015625,764.182373046875,82.98202514648438,98.61000061035156
2026-08-27,30.860000610351562,67.61000061035156,108.0199966430664,422.6000061035156,92.89624786376953,106.28382873535156,720.359375,769.18994140625,82.81266784667969,97.6500015258789
2026-08-28,30.790000915527344,67.13999938964844,107.72000122070312,408.8900146484375,92.5176010131836,105.9054183959961,715.6842651367188,767.4442749023438,82.5636215209961,97.23999786376953
2026-08-31,31.299999237060547,67.0199966430664,107.44999694824219,408.4200134277344,92.40799713134766,105.76599884033203,716.013916015625,765.1499633789062,82.20499420166016,96.44000244140625
